timestamp,phase,lat,lon,alt,yaw_deg,distance_m,north_error_m,east_error_m,roll_pwm,pitch_pwm,throttle_pwm,extra
2026-04-16T18:05:26,Connected,50.450739,30.461242,0.00,0.38,,,,,,,initial connection ok
2026-04-16T18:05:28,Armed,50.450739,30.461242,0.00,0.38,,,,,,,vehicle armed
2026-04-16T18:05:28,Climb to calibration alt,50.450739,30.461242,0.00,0.38,,,,,,1520,
2026-04-16T18:05:28,Climb to calibration alt,50.450739,30.461242,0.00,0.38,,,,,,1520,
2026-04-16T18:05:28,Climb to calibration alt,50.450739,30.461242,0.00,0.38,,,,,,1520,
2026-04-16T18:05:29,Climb to calibration alt,50.450739,30.461242,0.00,0.38,,,,,,1520,
2026-04-16T18:05:29,Climb to calibration alt,50.450739,30.461242,0.00,0.38,,,,,,1520,
2026-04-16T18:05:29,Climb to calibration alt,50.450739,30.461242,0.00,0.38,,,,,,1520,
2026-04-16T18:05:30,Climb to calibration alt,50.450739,30.461242,0.02,0.38,,,,,,1520,
2026-04-16T18:05:30,Climb to calibration alt,50.450739,30.461242,0.06,0.38,,,,,,1520,
2026-04-16T18:05:30,Climb to calibration alt,50.450739,30.461242,0.08,0.38,,,,,,1520,
2026-04-16T18:05:31,Climb to calibration alt,50.450739,30.461242,0.11,0.38,,,,,,1520,
2026-04-16T18:05:31,Climb to calibration alt,50.450739,30.461242,0.12,0.38,,,,,,1520,
2026-04-16T18:05:31,Climb to calibration alt,50.450739,30.461242,0.22,0.38,,,,,,1520,
2026-04-16T18:05:32,Climb to calibration alt,50.450739,30.461242,0.85,0.38,,,,,,1520,
2026-04-16T18:05:32,Climb to calibration alt,50.450739,30.461242,1.13,0.38,,,,,,1520,
2026-04-16T18:05:32,Climb to calibration alt,50.450739,30.461242,1.76,0.38,,,,,,1520,
2026-04-16T18:05:33,Climb to calibration alt,50.450739,30.461242,2.12,0.38,,,,,,1520,
2026-04-16T18:05:33,Climb to calibration alt,50.450739,30.461241,2.53,0.38,,,,,,1520,
2026-04-16T18:05:34,Climb to calibration alt,50.450739,30.461241,3.39,359.31,,,,,,1520,
2026-04-16T18:05:34,Climb to calibration alt,50.450739,30.461241,3.79,359.31,,,,,,1520,
2026-04-16T18:05:34,Climb to calibration alt,50.450739,30.461240,4.67,359.28,,,,,,1520,
2026-04-16T18:05:35,Climb to calibration alt,50.450739,30.461240,5.13,359.28,,,,,,1520,
2026-04-16T18:05:35,Climb to calibration alt,50.450740,30.461240,6.14,359.27,,,,,,1520,
2026-04-16T18:05:35,Climb to calibration alt,50.450740,30.461240,6.66,359.27,,,,,,1520,
2026-04-16T18:05:36,Climb to calibration alt,50.450740,30.461239,7.18,359.26,,,,,,1520,
2026-04-16T18:05:37,Calibration altitude stabilize,50.450741,30.461238,10.07,359.31,1245.53,,,,,1504,alt_err=9.93 vz_down=-1.76 stable=0/4
2026-04-16T18:05:37,Calibration altitude stabilize,50.450741,30.461237,10.51,359.30,1245.54,,,,,1504,alt_err=9.49 vz_down=-1.80 stable=0/4
2026-04-16T18:05:38,Calibration altitude stabilize,50.450741,30.461237,10.94,359.28,1245.53,,,,,1504,alt_err=9.06 vz_down=-1.59 stable=0/4
2026-04-16T18:05:38,Calibration altitude stabilize,50.450741,30.461237,11.73,359.29,1245.52,,,,,1504,alt_err=8.27 vz_down=-1.48 stable=0/4
2026-04-16T18:05:38,Calibration altitude stabilize,50.450741,30.461236,12.07,359.29,1245.52,,,,,1504,alt_err=7.93 vz_down=-1.36 stable=0/4
2026-04-16T18:05:39,Calibration altitude stabilize,50.450741,30.461236,12.71,359.28,1245.51,,,,,1504,alt_err=7.29 vz_down=-1.32 stable=0/4
2026-04-16T18:05:39,Calibration altitude stabilize,50.450741,30.461236,13.01,359.28,1245.50,,,,,1498,alt_err=6.99 vz_down=-1.02 stable=0/4
2026-04-16T18:05:39,Calibration altitude stabilize,50.450742,30.461235,13.47,359.29,1245.48,,,,,1498,alt_err=6.53 vz_down=-0.93 stable=0/4
2026-04-16T18:05:40,Calibration altitude stabilize,50.450742,30.461235,13.70,359.29,1245.47,,,,,1498,alt_err=6.30 vz_down=-0.85 stable=0/4
2026-04-16T18:05:40,Calibration altitude stabilize,50.450742,30.461235,13.90,359.29,1245.47,,,,,1498,alt_err=6.10 vz_down=-0.72 stable=0/4
2026-04-16T18:05:41,Calibration altitude stabilize,50.450742,30.461234,14.23,359.28,1245.46,,,,,1498,alt_err=5.77 vz_down=-0.69 stable=0/4
2026-04-16T18:05:41,Calibration altitude stabilize,50.450742,30.461234,14.41,359.28,1245.45,,,,,1498,alt_err=5.59 vz_down=-0.79 stable=0/4
2026-04-16T18:05:41,Calibration altitude stabilize,50.450742,30.461233,14.80,359.27,1245.43,,,,,1498,alt_err=5.20 vz_down=-0.78 stable=0/4
2026-04-16T18:05:42,Calibration altitude stabilize,50.450743,30.461233,15.03,359.27,1245.43,,,,,1498,alt_err=4.97 vz_down=-0.99 stable=0/4
2026-04-16T18:05:42,Calibration altitude stabilize,50.450743,30.461233,15.28,359.27,1245.42,,,,,1498,alt_err=4.72 vz_down=-1.00 stable=0/4
2026-04-16T18:05:42,Calibration altitude stabilize,50.450743,30.461232,15.80,359.26,1245.42,,,,,1498,alt_err=4.20 vz_down=-1.05 stable=0/4
2026-04-16T18:05:43,Calibration altitude stabilize,50.450743,30.461232,16.06,359.24,1245.42,,,,,1498,alt_err=3.94 vz_down=-1.06 stable=0/4
2026-04-16T18:05:43,Calibration altitude stabilize,50.450744,30.461231,16.57,359.25,1245.42,,,,,1498,alt_err=3.43 vz_down=-0.90 stable=0/4
2026-04-16T18:05:43,Calibration altitude stabilize,50.450744,30.461231,16.77,359.24,1245.43,,,,,1498,alt_err=3.23 vz_down=-0.80 stable=0/4
2026-04-16T18:05:44,Calibration altitude stabilize,50.450744,30.461231,16.97,359.25,1245.43,,,,,1498,alt_err=3.03 vz_down=-0.74 stable=0/4
2026-04-16T18:05:44,Calibration altitude stabilize,50.450745,30.461230,17.43,359.25,1245.44,,,,,1492,alt_err=2.57 vz_down=-0.88 stable=0/4
2026-04-16T18:05:44,Calibration altitude stabilize,50.450745,30.461230,17.63,359.24,1245.44,,,,,1492,alt_err=2.37 vz_down=-0.82 stable=0/4
2026-04-16T18:05:45,Calibration altitude stabilize,50.450745,30.461229,18.00,359.24,1245.44,,,,,1492,alt_err=2.00 vz_down=-0.74 stable=0/4
2026-04-16T18:05:45,Calibration altitude stabilize,50.450746,30.461229,18.18,359.27,1245.45,,,,,1492,alt_err=1.82 vz_down=-0.85 stable=0/4
2026-04-16T18:05:45,Calibration altitude stabilize,50.450746,30.461229,18.39,359.29,1245.45,,,,,1492,alt_err=1.61 vz_down=-0.78 stable=0/4
2026-04-16T18:05:46,Calibration altitude stabilize,50.450746,30.461228,18.79,359.29,1245.47,,,,,1492,alt_err=1.21 vz_down=-0.75 stable=1/4
2026-04-16T18:05:46,Calibration altitude stabilize,50.450747,30.461228,18.95,359.29,1245.48,,,,,1492,alt_err=1.05 vz_down=-0.64 stable=2/4
2026-04-16T18:05:46,Calibration altitude stabilize,50.450747,30.461228,19.22,359.29,1245.49,,,,,1488,alt_err=0.78 vz_down=-0.44 stable=3/4
2026-04-16T18:05:59,Climb to mission altitude,50.450722,30.461228,0.06,358.97,,,,,,1548,
2026-04-16T18:05:59,Climb to mission altitude,50.450722,30.461228,0.07,359.00,,,,,,1548,
2026-04-16T18:06:00,Climb to mission altitude,50.450722,30.461228,0.11,359.07,,,,,,1548,
2026-04-16T18:06:00,Climb to mission altitude,50.450722,30.461228,0.23,359.07,,,,,,1548,
2026-04-16T18:06:00,Climb to mission altitude,50.450722,30.461227,1.02,359.03,,,,,,1548,
2026-04-16T18:06:01,Climb to mission altitude,50.450722,30.461227,1.49,359.04,,,,,,1548,
2026-04-16T18:06:01,Climb to mission altitude,50.450722,30.461227,2.53,359.04,,,,,,1548,
2026-04-16T18:06:01,Climb to mission altitude,50.450722,30.461227,3.10,359.02,,,,,,1548,
2026-04-16T18:06:02,Climb to mission altitude,50.450722,30.461227,3.69,359.03,,,,,,1548,
2026-04-16T18:06:02,Climb to mission altitude,50.450723,30.461228,4.98,359.03,,,,,,1548,
2026-04-16T18:06:02,Climb to mission altitude,50.450723,30.461228,5.65,359.01,,,,,,1548,
2026-04-16T18:06:03,Climb to mission altitude,50.450723,30.461228,6.86,359.02,,,,,,1548,
2026-04-16T18:06:03,Climb to mission altitude,50.450723,30.461228,7.46,359.00,,,,,,1548,
2026-04-16T18:06:03,Climb to mission altitude,50.450723,30.461228,8.10,359.01,,,,,,1548,
2026-04-16T18:06:04,Climb to mission altitude,50.450723,30.461228,9.47,359.01,,,,,,1548,
2026-04-16T18:06:04,Climb to mission altitude,50.450723,30.461228,10.13,359.01,,,,,,1548,
2026-04-16T18:06:04,Climb to mission altitude,50.450724,30.461228,11.55,359.02,,,,,,1548,
2026-04-16T18:06:05,Climb to mission altitude,50.450724,30.461228,12.31,359.02,,,,,,1548,
2026-04-16T18:06:05,Climb to mission altitude,50.450724,30.461227,13.08,359.03,,,,,,1548,
2026-04-16T18:06:06,Climb to mission altitude,50.450724,30.461227,14.54,359.02,,,,,,1548,
2026-04-16T18:06:06,Climb to mission altitude,50.450724,30.461227,15.27,359.02,,,,,,1548,
2026-04-16T18:06:06,Climb to mission altitude,50.450724,30.461227,16.88,359.01,,,,,,1548,
2026-04-16T18:06:07,Climb to mission altitude,50.450724,30.461227,17.73,359.00,,,,,,1548,
2026-04-16T18:06:07,Climb to mission altitude,50.450725,30.461227,18.55,359.00,,,,,,1548,
2026-04-16T18:06:07,Climb to mission altitude,50.450725,30.461226,20.31,359.02,,,,,,1548,
2026-04-16T18:06:08,Climb to mission altitude,50.450725,30.461226,21.21,359.03,,,,,,1548,
2026-04-16T18:06:08,Climb to mission altitude,50.450725,30.461226,23.01,359.02,,,,,,1548,
2026-04-16T18:06:08,Climb to mission altitude,50.450725,30.461225,23.89,359.02,,,,,,1548,
2026-04-16T18:06:09,Climb to mission altitude,50.450725,30.461225,24.81,359.02,,,,,,1548,
2026-04-16T18:06:09,Climb to mission altitude,50.450725,30.461224,26.40,359.02,,,,,,1548,
2026-04-16T18:06:09,Climb to mission altitude,50.450725,30.461224,27.17,359.03,,,,,,1548,
2026-04-16T18:06:10,Climb to mission altitude,50.450725,30.461223,28.65,359.03,,,,,,1548,
2026-04-16T18:06:10,Climb to mission altitude,50.450725,30.461223,29.41,359.02,,,,,,1548,
2026-04-16T18:06:10,Climb to mission altitude,50.450725,30.461222,30.21,359.02,,,,,,1548,
2026-04-16T18:06:11,Climb to mission altitude,50.450726,30.461222,31.90,358.99,,,,,,1548,
2026-04-16T18:06:11,Climb to mission altitude,50.450726,30.461222,32.75,358.98,,,,,,1548,
2026-04-16T18:06:12,Climb to mission altitude,50.450726,30.461221,34.35,358.95,,,,,,1548,
2026-04-16T18:06:12,Climb to mission altitude,50.450726,30.461221,35.12,358.95,,,,,,1548,
2026-04-16T18:06:12,Climb to mission altitude,50.450726,30.461220,35.93,358.97,,,,,,1548,
2026-04-16T18:06:13,Climb to mission altitude,50.450727,30.461220,37.60,358.96,,,,,,1548,
2026-04-16T18:06:13,Climb to mission altitude,50.450727,30.461220,38.47,358.98,,,,,,1548,
2026-04-16T18:06:13,Climb to mission altitude,50.450727,30.461219,40.09,358.98,,,,,,1548,
2026-04-16T18:06:14,Climb to mission altitude,50.450727,30.461219,40.89,358.99,,,,,,1548,
2026-04-16T18:06:14,Climb to mission altitude,50.450727,30.461219,42.51,358.98,,,,,,1548,
2026-04-16T18:06:14,Climb to mission altitude,50.450727,30.461218,43.29,358.99,,,,,,1548,
2026-04-16T18:06:15,Climb to mission altitude,50.450727,30.461218,44.11,358.99,,,,,,1548,
2026-04-16T18:06:15,Climb to mission altitude,50.450728,30.461218,45.94,358.99,,,,,,1548,
2026-04-16T18:06:15,Climb to mission altitude,50.450728,30.461218,46.93,358.99,,,,,,1548,
2026-04-16T18:06:16,Climb to mission altitude,50.450728,30.461217,48.92,358.99,,,,,,1548,
2026-04-16T18:06:16,Climb to mission altitude,50.450728,30.461217,49.88,358.99,,,,,,1548,
2026-04-16T18:06:16,Climb to mission altitude,50.450728,30.461217,50.75,358.99,,,,,,1548,
2026-04-16T18:06:17,Climb to mission altitude,50.450729,30.461217,52.58,359.00,,,,,,1548,
2026-04-16T18:06:17,Climb to mission altitude,50.450729,30.461217,53.51,358.99,,,,,,1548,
2026-04-16T18:06:17,Climb to mission altitude,50.450729,30.461216,55.22,358.99,,,,,,1548,
2026-04-16T18:06:18,Climb to mission altitude,50.450729,30.461216,56.08,359.00,,,,,,1548,
2026-04-16T18:06:18,Climb to mission altitude,50.450729,30.461216,56.90,359.00,,,,,,1548,
2026-04-16T18:06:19,Climb to mission altitude,50.450730,30.461216,58.44,359.01,,,,,,1548,
2026-04-16T18:06:19,Climb to mission altitude,50.450730,30.461216,59.19,359.01,,,,,,1548,
2026-04-16T18:06:19,Climb to mission altitude,50.450730,30.461216,60.77,359.01,,,,,,1548,
2026-04-16T18:06:20,Climb to mission altitude,50.450730,30.461216,61.54,359.02,,,,,,1548,
2026-04-16T18:06:20,Climb to mission altitude,50.450730,30.461216,62.32,359.02,,,,,,1548,
2026-04-16T18:06:20,Climb to mission altitude,50.450731,30.461216,63.88,359.03,,,,,,1548,
2026-04-16T18:06:21,Climb to mission altitude,50.450731,30.461216,64.64,359.03,,,,,,1548,
2026-04-16T18:06:21,Climb to mission altitude,50.450730,30.461215,66.13,359.04,,,,,,1548,
2026-04-16T18:06:21,Climb to mission altitude,50.450730,30.461215,66.85,359.04,,,,,,1548,
2026-04-16T18:06:22,Climb to mission altitude,50.450730,30.461214,67.57,359.04,,,,,,1548,
2026-04-16T18:06:22,Climb to mission altitude,50.450728,30.461213,68.96,359.02,,,,,,1548,
2026-04-16T18:06:22,Climb to mission altitude,50.450727,30.461212,69.65,359.07,,,,,,1548,
2026-04-16T18:06:23,Climb to mission altitude,50.450725,30.461209,71.12,359.08,,,,,,1548,
2026-04-16T18:06:23,Climb to mission altitude,50.450724,30.461208,71.84,359.03,,,,,,1548,
2026-04-16T18:06:23,Climb to mission altitude,50.450722,30.461206,72.56,359.03,,,,,,1548,
2026-04-16T18:06:24,Climb to mission altitude,50.450719,30.461202,73.94,359.06,,,,,,1548,
2026-04-16T18:06:24,Climb to mission altitude,50.450716,30.461200,74.65,359.05,,,,,,1548,
2026-04-16T18:06:25,Climb to mission altitude,50.450712,30.461195,76.02,359.07,,,,,,1548,
2026-04-16T18:06:25,Climb to mission altitude,50.450709,30.461193,76.72,359.07,,,,,,1548,
2026-04-16T18:06:25,Climb to mission altitude,50.450707,30.461190,77.50,359.06,,,,,,1548,
2026-04-16T18:06:26,Climb to mission altitude,50.450701,30.461184,79.09,359.05,,,,,,1548,
2026-04-16T18:06:26,Climb to mission altitude,50.450698,30.461181,79.86,359.05,,,,,,1548,
2026-04-16T18:06:26,Climb to mission altitude,50.450691,30.461175,81.40,359.02,,,,,,1548,
2026-04-16T18:06:27,Climb to mission altitude,50.450687,30.461171,82.22,359.02,,,,,,1548,
2026-04-16T18:06:27,Climb to mission altitude,50.450680,30.461164,83.88,359.01,,,,,,1548,
2026-04-16T18:06:27,Climb to mission altitude,50.450676,30.461160,84.72,359.02,,,,,,1548,
2026-04-16T18:06:28,Climb to mission altitude,50.450672,30.461156,85.56,359.02,,,,,,1548,
2026-04-16T18:06:28,Climb to mission altitude,50.450663,30.461148,87.23,359.01,,,,,,1548,
2026-04-16T18:06:28,Climb to mission altitude,50.450659,30.461143,88.09,359.01,,,,,,1548,
2026-04-16T18:06:29,Climb to mission altitude,50.450654,30.461139,88.98,359.01,,,,,,1548,
2026-04-16T18:06:29,Climb to mission altitude,50.450645,30.461129,90.81,359.01,,,,,,1548,
2026-04-16T18:06:29,Climb to mission altitude,50.450640,30.461124,91.75,359.00,,,,,,1548,
2026-04-16T18:06:30,Climb to mission altitude,50.450629,30.461114,93.66,358.97,,,,,,1548,
2026-04-16T18:06:30,Climb to mission altitude,50.450624,30.461109,94.63,358.96,,,,,,1548,
2026-04-16T18:06:30,Climb to mission altitude,50.450613,30.461098,96.56,358.92,,,,,,1548,
2026-04-16T18:06:31,Climb to mission altitude,50.450607,30.461093,97.45,358.94,,,,,,1548,
2026-04-16T18:06:31,Climb to mission altitude,50.450602,30.461087,98.36,358.94,,,,,,1548,
2026-04-16T18:06:32,Climb to mission altitude,50.450590,30.461075,100.15,358.94,,,,,,1542,
2026-04-16T18:06:32,Climb to mission altitude,50.450584,30.461070,101.05,358.95,,,,,,1542,
2026-04-16T18:06:32,Climb to mission altitude,50.450571,30.461057,102.81,358.97,,,,,,1542,
2026-04-16T18:06:33,Climb to mission altitude,50.450565,30.461051,103.71,358.97,,,,,,1542,
2026-04-16T18:06:33,Climb to mission altitude,50.450558,30.461045,104.60,358.97,,,,,,1542,
2026-04-16T18:06:33,Climb to mission altitude,50.450545,30.461032,106.39,358.96,,,,,,1542,
2026-04-16T18:06:34,Climb to mission altitude,50.450538,30.461025,107.28,358.96,,,,,,1542,
2026-04-16T18:06:34,Climb to mission altitude,50.450524,30.461012,109.06,358.96,,,,,,1542,
2026-04-16T18:06:34,Climb to mission altitude,50.450517,30.461005,109.92,358.96,,,,,,1542,
2026-04-16T18:06:35,Climb to mission altitude,50.450510,30.460998,110.75,358.96,,,,,,1542,
2026-04-16T18:06:35,Climb to mission altitude,50.450495,30.460984,112.40,358.97,,,,,,1542,
2026-04-16T18:06:35,Climb to mission altitude,50.450487,30.460977,113.22,358.98,,,,,,1542,
2026-04-16T18:06:36,Climb to mission altitude,50.450472,30.460962,114.96,358.97,,,,,,1542,
2026-04-16T18:06:36,Climb to mission altitude,50.450464,30.460955,115.82,358.97,,,,,,1542,
2026-04-16T18:06:36,Climb to mission altitude,50.450448,30.460940,117.31,358.96,,,,,,1542,
2026-04-16T18:06:37,Climb to mission altitude,50.450440,30.460932,118.06,358.97,,,,,,1542,
2026-04-16T18:06:37,Climb to mission altitude,50.450432,30.460925,118.82,358.97,,,,,,1542,
2026-04-16T18:06:38,Climb to mission altitude,50.450415,30.460909,120.31,358.94,,,,,,1542,
2026-04-16T18:06:38,Climb to mission altitude,50.450407,30.460901,121.06,358.95,,,,,,1542,
2026-04-16T18:06:38,Climb to mission altitude,50.450390,30.460885,122.44,358.97,,,,,,1542,
2026-04-16T18:06:39,Climb to mission altitude,50.450382,30.460877,123.14,358.96,,,,,,1542,
2026-04-16T18:06:39,Climb to mission altitude,50.450373,30.460869,123.87,358.95,,,,,,1542,
2026-04-16T18:06:39,Climb to mission altitude,50.450356,30.460852,125.29,358.95,,,,,,1542,
2026-04-16T18:06:40,Climb to mission altitude,50.450347,30.460844,125.91,358.94,,,,,,1542,
2026-04-16T18:06:40,Climb to mission altitude,50.450329,30.460827,127.30,358.94,,,,,,1542,
2026-04-16T18:06:40,Climb to mission altitude,50.450320,30.460818,127.94,358.95,,,,,,1542,
2026-04-16T18:06:41,Climb to mission altitude,50.450311,30.460810,128.59,358.95,,,,,,1542,
2026-04-16T18:06:41,Climb to mission altitude,50.450293,30.460793,129.86,358.97,,,,,,1542,
2026-04-16T18:06:41,Climb to mission altitude,50.450283,30.460784,130.49,358.97,,,,,,1542,
2026-04-16T18:06:42,Climb to mission altitude,50.450265,30.460766,131.82,358.98,,,,,,1542,
2026-04-16T18:06:42,Climb to mission altitude,50.450256,30.460758,132.51,358.97,,,,,,1542,
2026-04-16T18:06:42,Climb to mission altitude,50.450246,30.460749,133.18,358.95,,,,,,1542,
2026-04-16T18:06:43,Climb to mission altitude,50.450228,30.460732,134.55,358.96,,,,,,1542,
2026-04-16T18:06:43,Climb to mission altitude,50.450218,30.460723,135.18,358.98,,,,,,1542,
2026-04-16T18:06:44,Climb to mission altitude,50.450199,30.460705,136.44,358.97,,,,,,1542,
2026-04-16T18:06:44,Climb to mission altitude,50.450190,30.460697,137.11,358.98,,,,,,1542,
2026-04-16T18:06:44,Climb to mission altitude,50.450171,30.460679,138.43,358.97,,,,,,1542,
2026-04-16T18:06:45,Climb to mission altitude,50.450161,30.460670,139.06,358.96,,,,,,1542,
2026-04-16T18:06:45,Climb to mission altitude,50.450151,30.460662,139.74,358.96,,,,,,1542,
2026-04-16T18:06:45,Climb to mission altitude,50.450132,30.460644,141.19,358.97,,,,,,1542,
2026-04-16T18:06:46,Climb to mission altitude,50.450123,30.460635,141.89,358.97,,,,,,1542,
2026-04-16T18:06:46,Climb to mission altitude,50.450103,30.460618,143.29,358.97,,,,,,1542,
2026-04-16T18:06:46,Climb to mission altitude,50.450094,30.460609,144.00,358.96,,,,,,1542,
2026-04-16T18:06:47,Climb to mission altitude,50.450084,30.460600,144.69,358.98,,,,,,1542,
2026-04-16T18:06:47,Climb to mission altitude,50.450065,30.460582,146.17,358.97,,,,,,1542,
2026-04-16T18:06:47,Climb to mission altitude,50.450055,30.460573,146.94,358.98,,,,,,1542,
2026-04-16T18:06:48,Climb to mission altitude,50.450036,30.460555,148.56,358.98,,,,,,1542,
2026-04-16T18:06:48,Climb to mission altitude,50.450026,30.460546,149.44,358.97,,,,,,1542,
2026-04-16T18:06:48,Climb to mission altitude,50.450016,30.460537,150.32,358.99,,,,,,1542,
2026-04-16T18:06:49,Climb to mission altitude,50.449997,30.460520,152.05,358.99,,,,,,1542,
2026-04-16T18:06:49,Climb to mission altitude,50.449987,30.460511,152.85,358.99,,,,,,1542,
2026-04-16T18:06:49,Climb to mission altitude,50.449968,30.460493,154.44,358.99,,,,,,1542,
2026-04-16T18:06:50,Climb to mission altitude,50.449959,30.460484,155.19,358.99,,,,,,1542,
2026-04-16T18:06:50,Climb to mission altitude,50.449949,30.460475,155.96,358.99,,,,,,1542,
2026-04-16T18:06:51,Climb to mission altitude,50.449930,30.460457,157.53,358.97,,,,,,1542,
2026-04-16T18:06:51,Climb to mission altitude,50.449920,30.460448,158.29,358.97,,,,,,1542,
2026-04-16T18:06:51,Climb to mission altitude,50.449901,30.460430,159.72,358.98,,,,,,1542,
2026-04-16T18:06:52,Climb to mission altitude,50.449891,30.460421,160.44,358.99,,,,,,1542,
2026-04-16T18:06:52,Climb to mission altitude,50.449881,30.460412,161.19,358.99,,,,,,1542,
2026-04-16T18:06:52,Climb to mission altitude,50.449862,30.460394,162.79,359.00,,,,,,1542,
2026-04-16T18:06:53,Climb to mission altitude,50.449852,30.460385,163.58,359.00,,,,,,1542,
2026-04-16T18:06:53,Climb to mission altitude,50.449833,30.460367,165.07,359.00,,,,,,1542,
2026-04-16T18:06:53,Climb to mission altitude,50.449823,30.460359,165.83,359.00,,,,,,1542,
2026-04-16T18:06:54,Climb to mission altitude,50.449814,30.460350,166.62,359.00,,,,,,1542,
2026-04-16T18:06:54,Climb to mission altitude,50.449795,30.460332,168.32,359.00,,,,,,1542,
2026-04-16T18:06:54,Climb to mission altitude,50.449785,30.460323,169.23,359.00,,,,,,1542,
2026-04-16T18:06:55,Climb to mission altitude,50.449766,30.460305,170.91,359.00,,,,,,1542,
2026-04-16T18:06:55,Climb to mission altitude,50.449756,30.460296,171.68,359.01,,,,,,1542,
2026-04-16T18:06:55,Climb to mission altitude,50.449737,30.460278,173.14,359.01,,,,,,1542,
2026-04-16T18:06:56,Climb to mission altitude,50.449727,30.460269,173.87,359.01,,,,,,1542,
2026-04-16T18:06:56,Climb to mission altitude,50.449718,30.460260,174.57,359.01,,,,,,1542,
2026-04-16T18:06:57,Climb to mission altitude,50.449698,30.460242,175.84,359.01,,,,,,1542,
2026-04-16T18:06:57,Climb to mission altitude,50.449689,30.460233,176.54,359.01,,,,,,1542,
2026-04-16T18:06:57,Climb to mission altitude,50.449679,30.460224,177.25,359.01,,,,,,1542,
2026-04-16T18:06:58,Climb to mission altitude,50.449660,30.460206,178.67,359.01,,,,,,1542,
2026-04-16T18:06:58,Climb to mission altitude,50.449650,30.460197,179.40,359.00,,,,,,1542,
2026-04-16T18:06:58,Climb to mission altitude,50.449631,30.460179,181.10,359.00,,,,,,1538,
2026-04-16T18:06:59,Climb to mission altitude,50.449621,30.460170,182.01,359.00,,,,,,1538,
2026-04-16T18:06:59,Climb to mission altitude,50.449602,30.460152,183.73,358.99,,,,,,1538,
2026-04-16T18:06:59,Climb to mission altitude,50.449592,30.460143,184.53,358.99,,,,,,1538,
2026-04-16T18:07:00,Climb to mission altitude,50.449582,30.460134,185.34,358.98,,,,,,1538,
2026-04-16T18:07:00,Climb to mission altitude,50.449563,30.460116,187.01,358.97,,,,,,1538,
2026-04-16T18:07:00,Climb to mission altitude,50.449553,30.460107,187.83,358.97,,,,,,1538,
2026-04-16T18:07:01,Climb to mission altitude,50.449534,30.460089,189.51,359.00,,,,,,1538,
2026-04-16T18:07:01,Climb to mission altitude,50.449524,30.460081,190.35,359.00,,,,,,1538,
2026-04-16T18:07:01,Climb to mission altitude,50.449515,30.460072,191.22,359.01,,,,,,1538,
2026-04-16T18:07:02,Climb to mission altitude,50.449495,30.460054,192.77,359.00,,,,,,1538,
2026-04-16T18:07:02,Climb to mission altitude,50.449485,30.460045,193.56,359.00,,,,,,1538,
2026-04-16T18:07:03,Climb to mission altitude,50.449466,30.460027,195.07,359.00,,,,,,1538,
2026-04-16T18:07:03,Climb to mission altitude,50.449456,30.460018,195.83,359.01,,,,,,1538,
2026-04-16T18:07:03,Climb to mission altitude,50.449447,30.460009,196.56,359.00,,,,,,1538,
2026-04-16T18:07:04,Climb to mission altitude,50.449427,30.459991,197.88,359.01,,,,,,1538,
2026-04-16T18:07:04,Climb to mission altitude,50.449418,30.459983,198.52,359.00,,,,,,1538,
2026-04-16T18:07:04,Climb to mission altitude,50.449398,30.459965,199.87,359.00,,,,,,1538,
2026-04-16T18:07:05,Climb to mission altitude,50.449388,30.459957,200.58,359.00,,,,,,1538,
2026-04-16T18:07:05,Climb to mission altitude,50.449379,30.459948,201.34,359.00,,,,,,1538,
2026-04-16T18:07:05,Climb to mission altitude,50.449359,30.459931,202.84,359.00,,,,,,1538,
2026-04-16T18:07:06,Climb to mission altitude,50.449350,30.459922,203.59,359.01,,,,,,1538,
2026-04-16T18:07:06,Climb to mission altitude,50.449330,30.459905,205.05,359.00,,,,,,1538,
2026-04-16T18:07:06,Climb to mission altitude,50.449321,30.459896,205.73,359.01,,,,,,1538,
2026-04-16T18:07:07,Climb to mission altitude,50.449311,30.459887,206.43,359.01,,,,,,1538,
2026-04-16T18:07:07,Climb to mission altitude,50.449291,30.459870,207.92,359.01,,,,,,1538,
2026-04-16T18:07:07,Climb to mission altitude,50.449282,30.459861,208.63,359.01,,,,,,1538,
2026-04-16T18:07:08,Climb to mission altitude,50.449262,30.459844,209.96,359.01,,,,,,1538,
2026-04-16T18:07:08,Climb to mission altitude,50.449253,30.459835,210.65,359.01,,,,,,1538,
2026-04-16T18:07:08,Climb to mission altitude,50.449233,30.459818,212.06,359.00,,,,,,1538,
2026-04-16T18:07:09,Climb to mission altitude,50.449224,30.459809,212.79,358.99,,,,,,1538,
2026-04-16T18:07:09,Climb to mission altitude,50.449214,30.459801,213.56,358.99,,,,,,1538,
2026-04-16T18:07:10,Climb to mission altitude,50.449194,30.459783,214.95,358.97,,,,,,1538,
2026-04-16T18:07:10,Climb to mission altitude,50.449185,30.459774,215.62,358.96,,,,,,1538,
2026-04-16T18:07:10,Climb to mission altitude,50.449165,30.459757,217.01,358.98,,,,,,1538,
2026-04-16T18:07:11,Climb to mission altitude,50.449156,30.459748,217.75,358.98,,,,,,1538,
2026-04-16T18:07:11,Climb to mission altitude,50.449146,30.459739,218.52,358.98,,,,,,1538,
2026-04-16T18:07:11,Climb to mission altitude,50.449126,30.459722,220.14,358.97,,,,,,1532,
2026-04-16T18:07:12,Climb to mission altitude,50.449117,30.459713,220.91,358.98,,,,,,1532,
2026-04-16T18:07:12,Climb to mission altitude,50.449098,30.459695,222.40,359.00,,,,,,1532,
2026-04-16T18:07:12,Climb to mission altitude,50.449088,30.459686,223.14,359.00,,,,,,1532,
2026-04-16T18:07:13,Climb to mission altitude,50.449078,30.459678,223.86,359.00,,,,,,1532,
2026-04-16T18:07:13,Climb to mission altitude,50.449059,30.459660,225.23,358.99,,,,,,1532,
2026-04-16T18:07:13,Climb to mission altitude,50.449049,30.459651,225.87,358.99,,,,,,1532,
2026-04-16T18:07:14,Climb to mission altitude,50.449030,30.459634,227.11,358.98,,,,,,1532,
2026-04-16T18:07:14,Climb to mission altitude,50.449020,30.459625,227.78,358.98,,,,,,1532,
2026-04-16T18:07:14,Climb to mission altitude,50.449011,30.459617,228.47,358.99,,,,,,1532,
2026-04-16T18:07:15,Climb to mission altitude,50.448991,30.459599,229.87,359.01,,,,,,1532,
2026-04-16T18:07:15,Climb to mission altitude,50.448982,30.459590,230.60,359.00,,,,,,1532,
2026-04-16T18:07:16,Climb to mission altitude,50.448962,30.459573,232.00,359.00,,,,,,1532,
2026-04-16T18:07:16,Climb to mission altitude,50.448953,30.459564,232.63,358.99,,,,,,1532,
2026-04-16T18:07:16,Climb to mission altitude,50.448943,30.459555,233.22,359.00,,,,,,1532,
2026-04-16T18:07:17,Climb to mission altitude,50.448924,30.459538,234.40,359.02,,,,,,1532,
2026-04-16T18:07:17,Climb to mission altitude,50.448914,30.459529,235.00,359.00,,,,,,1532,
2026-04-16T18:07:17,Climb to mission altitude,50.448895,30.459511,236.22,359.02,,,,,,1532,
2026-04-16T18:07:18,Climb to mission altitude,50.448885,30.459502,236.86,359.01,,,,,,1532,
2026-04-16T18:07:18,Climb to mission altitude,50.448875,30.459494,237.55,359.01,,,,,,1532,
2026-04-16T18:07:18,Climb to mission altitude,50.448856,30.459476,239.01,359.01,,,,,,1532,
2026-04-16T18:07:19,Climb to mission altitude,50.448846,30.459467,239.76,359.01,,,,,,1532,
2026-04-16T18:07:19,Climb to mission altitude,50.448827,30.459450,241.21,359.01,,,,,,1532,
2026-04-16T18:07:19,Climb to mission altitude,50.448817,30.459441,241.86,359.01,,,,,,1532,
2026-04-16T18:07:20,Climb to mission altitude,50.448807,30.459432,242.48,359.01,,,,,,1532,
2026-04-16T18:07:20,Climb to mission altitude,50.448788,30.459414,243.70,359.01,,,,,,1532,
2026-04-16T18:07:20,Climb to mission altitude,50.448778,30.459406,244.30,359.02,,,,,,1532,
2026-04-16T18:07:21,Climb to mission altitude,50.448759,30.459388,245.52,359.01,,,,,,1532,
2026-04-16T18:07:21,Climb to mission altitude,50.448749,30.459379,246.05,359.01,,,,,,1532,
2026-04-16T18:07:21,Climb to mission altitude,50.448740,30.459370,246.56,359.01,,,,,,1532,
2026-04-16T18:07:22,Climb to mission altitude,50.448720,30.459352,247.64,359.01,,,,,,1532,
2026-04-16T18:07:22,Climb to mission altitude,50.448710,30.459343,248.17,359.01,,,,,,1532,
2026-04-16T18:07:23,Climb to mission altitude,50.448691,30.459326,249.27,359.01,,,,,,1532,
2026-04-16T18:07:23,Climb to mission altitude,50.448681,30.459317,249.89,359.01,,,,,,1532,
2026-04-16T18:07:23,Climb to mission altitude,50.448662,30.459299,251.00,359.01,,,,,,1526,
2026-04-16T18:07:24,Climb to mission altitude,50.448652,30.459290,251.57,359.01,,,,,,1526,
2026-04-16T18:07:24,Climb to mission altitude,50.448642,30.459281,252.13,359.01,,,,,,1526,
2026-04-16T18:07:24,Climb to mission altitude,50.448623,30.459264,253.19,359.02,,,,,,1526,
2026-04-16T18:07:25,Climb to mission altitude,50.448613,30.459255,253.68,359.01,,,,,,1526,
2026-04-16T18:07:25,Climb to mission altitude,50.448593,30.459237,254.67,359.02,,,,,,1526,
2026-04-16T18:07:25,Climb to mission altitude,50.448584,30.459228,255.16,359.03,,,,,,1526,
2026-04-16T18:07:26,Climb to mission altitude,50.448574,30.459219,255.62,359.03,,,,,,1526,
2026-04-16T18:07:26,Climb to mission altitude,50.448554,30.459201,256.48,359.03,,,,,,1526,
2026-04-16T18:07:26,Climb to mission altitude,50.448544,30.459192,256.89,359.03,,,,,,1526,
2026-04-16T18:07:27,Climb to mission altitude,50.448525,30.459175,257.75,359.02,,,,,,1526,
2026-04-16T18:07:27,Climb to mission altitude,50.448515,30.459166,258.20,359.02,,,,,,1526,
2026-04-16T18:07:27,Climb to mission altitude,50.448505,30.459157,258.66,359.02,,,,,,1526,
2026-04-16T18:07:28,Climb to mission altitude,50.448485,30.459139,259.79,359.01,,,,,,1526,
2026-04-16T18:07:28,Climb to mission altitude,50.448476,30.459130,260.38,359.00,,,,,,1526,
2026-04-16T18:07:29,Climb to mission altitude,50.448456,30.459113,261.54,358.99,,,,,,1526,
2026-04-16T18:07:29,Climb to mission altitude,50.448447,30.459104,262.11,358.99,,,,,,1526,
2026-04-16T18:07:29,Climb to mission altitude,50.448437,30.459095,262.61,358.98,,,,,,1526,
2026-04-16T18:07:30,Climb to mission altitude,50.448417,30.459078,263.53,358.97,,,,,,1526,
2026-04-16T18:07:30,Climb to mission altitude,50.448407,30.459069,264.00,358.98,,,,,,1526,
2026-04-16T18:07:30,Climb to mission altitude,50.448388,30.459051,264.94,359.00,,,,,,1526,
2026-04-16T18:07:31,Climb to mission altitude,50.448378,30.459042,265.42,359.00,,,,,,1526,
2026-04-16T18:07:31,Climb to mission altitude,50.448369,30.459034,265.92,359.00,,,,,,1526,
2026-04-16T18:07:31,Climb to mission altitude,50.448349,30.459016,267.00,358.99,,,,,,1526,
2026-04-16T18:07:32,Climb to mission altitude,50.448339,30.459007,267.58,358.98,,,,,,1526,
2026-04-16T18:07:32,Climb to mission altitude,50.448320,30.458990,268.82,358.99,,,,,,1526,
2026-04-16T18:07:32,Climb to mission altitude,50.448310,30.458981,269.40,359.00,,,,,,1526,
2026-04-16T18:07:33,Climb to mission altitude,50.448300,30.458972,269.97,359.00,,,,,,1526,
2026-04-16T18:07:33,Climb to mission altitude,50.448281,30.458955,271.22,359.00,,,,,,1526,
2026-04-16T18:07:33,Climb to mission altitude,50.448271,30.458946,271.87,358.99,,,,,,1526,
2026-04-16T18:07:34,Climb to mission altitude,50.448251,30.458928,273.12,359.01,,,,,,1526,
2026-04-16T18:07:34,Climb to mission altitude,50.448241,30.458919,273.80,359.01,,,,,,1526,
2026-04-16T18:07:34,Climb to mission altitude,50.448231,30.458911,274.50,359.01,,,,,,1526,
2026-04-16T18:07:35,Climb to mission altitude,50.448212,30.458893,275.87,359.01,,,,,,1526,
2026-04-16T18:07:35,Climb to mission altitude,50.448202,30.458884,276.55,359.02,,,,,,1526,
2026-04-16T18:07:36,Climb to mission altitude,50.448183,30.458867,277.80,359.01,,,,,,1526,
2026-04-16T18:07:36,Climb to mission altitude,50.448173,30.458859,278.41,359.02,,,,,,1526,
2026-04-16T18:07:36,Climb to mission altitude,50.448153,30.458841,279.64,359.02,,,,,,1526,
2026-04-16T18:07:37,Climb to mission altitude,50.448144,30.458832,280.27,359.02,,,,,,1520,
2026-04-16T18:07:37,Climb to mission altitude,50.448134,30.458824,280.92,359.02,,,,,,1520,
2026-04-16T18:07:37,Climb to mission altitude,50.448114,30.458807,282.20,359.01,,,,,,1520,
2026-04-16T18:07:38,Climb to mission altitude,50.448105,30.458798,282.80,359.01,,,,,,1520,
2026-04-16T18:07:38,Climb to mission altitude,50.448085,30.458781,284.12,359.01,,,,,,1520,
2026-04-16T18:07:38,Climb to mission altitude,50.448075,30.458772,284.75,359.02,,,,,,1520,
2026-04-16T18:07:39,Climb to mission altitude,50.448065,30.458763,285.32,359.01,,,,,,1520,
2026-04-16T18:07:39,Climb to mission altitude,50.448046,30.458746,286.50,359.02,,,,,,1520,
2026-04-16T18:07:39,Climb to mission altitude,50.448036,30.458737,287.14,359.01,,,,,,1520,
2026-04-16T18:07:41,Mission altitude stabilize,50.447977,30.458685,290.64,359.02,912.93,,,,,1504,alt_err=9.36 vz_down=-1.81 stable=0/6
2026-04-16T18:07:41,Mission altitude stabilize,50.447967,30.458677,291.09,359.02,911.81,,,,,1504,alt_err=8.91 vz_down=-1.82 stable=0/6
2026-04-16T18:07:41,Mission altitude stabilize,50.447958,30.458668,291.53,359.02,910.69,,,,,1504,alt_err=8.47 vz_down=-1.71 stable=0/6
2026-04-16T18:07:42,Mission altitude stabilize,50.447938,30.458651,292.38,359.02,908.44,,,,,1504,alt_err=7.62 vz_down=-1.73 stable=0/6
2026-04-16T18:07:42,Mission altitude stabilize,50.447928,30.458642,292.80,359.02,907.32,,,,,1504,alt_err=7.20 vz_down=-1.68 stable=0/6
2026-04-16T18:07:43,Mission altitude stabilize,50.447908,30.458625,293.55,359.02,905.07,,,,,1498,alt_err=6.45 vz_down=-1.38 stable=0/6
2026-04-16T18:07:43,Mission altitude stabilize,50.447899,30.458616,293.87,359.02,903.94,,,,,1498,alt_err=6.13 vz_down=-1.17 stable=0/6
2026-04-16T18:07:43,Mission altitude stabilize,50.447889,30.458608,294.17,359.01,902.82,,,,,1498,alt_err=5.83 vz_down=-1.14 stable=0/6
2026-04-16T18:07:44,Mission altitude stabilize,50.447869,30.458590,294.74,359.01,900.57,,,,,1498,alt_err=5.26 vz_down=-1.18 stable=0/6
2026-04-16T18:07:44,Mission altitude stabilize,50.447859,30.458582,295.03,359.01,899.45,,,,,1498,alt_err=4.97 vz_down=-1.22 stable=0/6
2026-04-16T18:07:44,Mission altitude stabilize,50.447839,30.458564,295.60,359.01,897.20,,,,,1498,alt_err=4.40 vz_down=-1.02 stable=0/6
2026-04-16T18:07:45,Mission altitude stabilize,50.447829,30.458555,295.85,359.02,896.06,,,,,1498,alt_err=4.15 vz_down=-1.05 stable=0/6
2026-04-16T18:07:45,Mission altitude stabilize,50.447820,30.458547,296.10,359.01,894.94,,,,,1498,alt_err=3.90 vz_down=-0.95 stable=0/6
2026-04-16T18:07:45,Mission altitude stabilize,50.447800,30.458530,296.59,359.02,892.71,,,,,1498,alt_err=3.41 vz_down=-0.88 stable=0/6
2026-04-16T18:07:46,Mission altitude stabilize,50.447790,30.458521,296.80,359.01,891.59,,,,,1498,alt_err=3.20 vz_down=-0.80 stable=0/6
2026-04-16T18:07:46,Mission altitude stabilize,50.447770,30.458503,297.09,359.01,889.35,,,,,1492,alt_err=2.91 vz_down=-0.49 stable=0/6
2026-04-16T18:07:46,Mission altitude stabilize,50.447761,30.458495,297.19,359.01,888.22,,,,,1492,alt_err=2.81 vz_down=-0.41 stable=0/6
2026-04-16T18:07:47,Mission altitude stabilize,50.447751,30.458486,297.30,359.01,887.09,,,,,1492,alt_err=2.70 vz_down=-0.47 stable=0/6
2026-04-16T18:07:47,Mission altitude stabilize,50.447731,30.458468,297.50,359.00,884.84,,,,,1492,alt_err=2.50 vz_down=-0.42 stable=0/6
2026-04-16T18:07:47,Mission altitude stabilize,50.447721,30.458460,297.60,358.99,883.73,,,,,1492,alt_err=2.40 vz_down=-0.40 stable=0/6
2026-04-16T18:07:48,Mission altitude stabilize,50.447702,30.458442,297.77,358.98,881.48,,,,,1492,alt_err=2.23 vz_down=-0.33 stable=0/6
2026-04-16T18:07:48,Mission altitude stabilize,50.447692,30.458434,297.84,358.98,880.37,,,,,1492,alt_err=2.16 vz_down=-0.25 stable=0/6
2026-04-16T18:07:49,Mission altitude stabilize,50.447682,30.458425,297.88,358.98,879.25,,,,,1492,alt_err=2.12 vz_down=-0.06 stable=0/6
2026-04-16T18:07:49,Mission altitude stabilize,50.447662,30.458407,297.89,358.98,876.99,,,,,1492,alt_err=2.11 vz_down=-0.06 stable=0/6
2026-04-16T18:07:49,Mission altitude stabilize,50.447652,30.458399,297.91,358.99,875.87,,,,,1492,alt_err=2.09 vz_down=-0.17 stable=0/6
2026-04-16T18:07:50,Mission altitude stabilize,50.447632,30.458381,297.94,359.00,873.65,,,,,1492,alt_err=2.06 vz_down=0.03 stable=0/6
2026-04-16T18:07:50,Mission altitude stabilize,50.447623,30.458373,297.93,359.00,872.53,,,,,1492,alt_err=2.07 vz_down=0.00 stable=0/6
2026-04-16T18:07:50,Mission altitude stabilize,50.447603,30.458355,297.93,358.99,870.31,,,,,1492,alt_err=2.07 vz_down=0.00 stable=0/6
2026-04-16T18:07:51,Mission altitude stabilize,50.447593,30.458347,297.94,358.99,869.19,,,,,1492,alt_err=2.06 vz_down=-0.12 stable=0/6
2026-04-16T18:07:51,Mission altitude stabilize,50.447573,30.458329,298.11,358.98,866.95,,,,,1492,alt_err=1.89 vz_down=-0.44 stable=0/6
2026-04-16T18:07:51,Mission altitude stabilize,50.447563,30.458320,298.24,358.99,865.83,,,,,1492,alt_err=1.76 vz_down=-0.62 stable=1/6
2026-04-16T18:07:52,Mission altitude stabilize,50.447553,30.458312,298.38,359.00,864.71,,,,,1492,alt_err=1.62 vz_down=-0.61 stable=2/6
2026-04-16T18:07:52,Mission altitude stabilize,50.447533,30.458294,298.71,358.99,862.46,,,,,1492,alt_err=1.29 vz_down=-0.50 stable=3/6
2026-04-16T18:07:52,Mission altitude stabilize,50.447524,30.458285,298.85,358.99,861.34,,,,,1492,alt_err=1.15 vz_down=-0.59 stable=4/6
2026-04-16T18:07:53,Mission altitude stabilize,50.447504,30.458268,299.13,358.99,859.08,,,,,1488,alt_err=0.87 vz_down=-0.36 stable=5/6
2026-04-16T18:07:53,Cruise,50.447494,30.458259,299.21,358.99,857.97,-463.93,-721.72,1482,1500,1488,alt=299.21
2026-04-16T18:07:54,Cruise,50.447474,30.458242,299.35,359.01,855.75,-461.73,-720.49,1482,1500,1488,alt=299.35
2026-04-16T18:07:54,Cruise,50.447464,30.458233,299.41,359.02,854.64,-460.63,-719.88,1482,1500,1488,alt=299.41
2026-04-16T18:07:54,Cruise,50.447454,30.458225,299.48,359.02,853.52,-459.53,-719.26,1482,1500,1488,alt=299.48
2026-04-16T18:07:55,Cruise,50.447434,30.458207,299.52,359.03,851.30,-457.32,-718.03,1482,1500,1488,alt=299.52
2026-04-16T18:07:55,Cruise,50.447424,30.458198,299.50,359.03,850.18,-456.21,-717.40,1482,1500,1488,alt=299.50
2026-04-16T18:07:55,Cruise,50.447404,30.458181,299.49,359.03,847.95,-454.01,-716.16,1482,1500,1488,alt=299.49
2026-04-16T18:07:56,Cruise,50.447395,30.458172,299.49,359.03,846.85,-452.92,-715.56,1482,1500,1488,alt=299.49
2026-04-16T18:07:56,Cruise,50.447385,30.458164,299.46,359.03,845.74,-451.83,-714.93,1482,1500,1488,alt=299.46
2026-04-16T18:07:56,Cruise,50.447365,30.458146,299.38,359.03,843.52,-449.63,-713.69,1482,1500,1488,alt=299.38
2026-04-16T18:07:57,Cruise,50.447355,30.458137,299.36,359.02,842.41,-448.54,-713.07,1482,1500,1488,alt=299.36
2026-04-16T18:07:57,Cruise,50.447336,30.458119,299.32,359.02,840.18,-446.34,-711.81,1482,1500,1488,alt=299.32
2026-04-16T18:07:57,Cruise,50.447326,30.458111,299.32,359.02,839.07,-445.24,-711.20,1482,1500,1488,alt=299.32
2026-04-16T18:07:58,Cruise,50.447316,30.458102,299.32,359.02,837.97,-444.16,-710.58,1482,1500,1488,alt=299.32
2026-04-16T18:07:58,Cruise,50.447296,30.458085,299.26,359.02,835.76,-441.96,-709.34,1482,1500,1488,alt=299.26
2026-04-16T18:07:58,Cruise,50.447286,30.458076,299.26,359.02,834.65,-440.87,-708.72,1482,1500,1488,alt=299.26
2026-04-16T18:07:59,Cruise,50.447267,30.458058,299.26,359.02,832.44,-438.68,-707.48,1482,1500,1488,alt=299.26
2026-04-16T18:07:59,Cruise,50.447257,30.458049,299.26,359.01,831.33,-437.58,-706.85,1482,1500,1488,alt=299.26
2026-04-16T18:07:59,Cruise,50.447247,30.458041,299.30,359.01,830.23,-436.50,-706.23,1482,1500,1488,alt=299.30
2026-04-16T18:08:00,Cruise,50.447228,30.458023,299.21,359.01,828.04,-434.33,-704.99,1482,1500,1488,alt=299.21
2026-04-16T18:08:00,Cruise,50.447218,30.458014,299.14,359.01,826.93,-433.24,-704.36,1482,1500,1488,alt=299.14
2026-04-16T18:08:01,Cruise,50.447198,30.457997,299.04,359.01,824.74,-431.08,-703.12,1482,1500,1488,alt=299.04
2026-04-16T18:08:01,Cruise,50.447189,30.457988,298.97,359.01,823.65,-430.00,-702.50,1482,1500,1492,alt=298.97
2026-04-16T18:08:01,Cruise,50.447179,30.457979,298.89,359.01,822.55,-428.90,-701.87,1482,1500,1492,alt=298.89
2026-04-16T18:08:02,Cruise,50.447159,30.457962,298.68,359.00,820.36,-426.73,-700.63,1482,1500,1492,alt=298.68
2026-04-16T18:08:02,Cruise,50.447150,30.457953,298.57,358.99,819.27,-425.65,-700.01,1482,1500,1492,alt=298.57
2026-04-16T18:08:02,Cruise,50.447130,30.457936,298.35,358.99,817.09,-423.49,-698.78,1482,1500,1492,alt=298.35
2026-04-16T18:08:03,Cruise,50.447121,30.457927,298.23,358.98,816.01,-422.43,-698.16,1482,1500,1492,alt=298.23
2026-04-16T18:08:03,Cruise,50.447111,30.457918,298.17,358.99,814.93,-421.35,-697.55,1482,1500,1492,alt=298.17
2026-04-16T18:08:03,Cruise,50.447091,30.457901,298.07,359.01,812.76,-419.18,-696.32,1482,1500,1492,alt=298.07
2026-04-16T18:08:04,Cruise,50.447082,30.457892,298.05,359.01,811.67,-418.10,-695.70,1482,1500,1492,alt=298.05
2026-04-16T18:08:04,Cruise,50.447063,30.457875,298.05,359.01,809.52,-415.95,-694.49,1482,1500,1492,alt=298.05
2026-04-16T18:08:04,Cruise,50.447053,30.457866,298.03,359.01,808.44,-414.87,-693.87,1482,1500,1492,alt=298.03
2026-04-16T18:08:05,Cruise,50.447033,30.457849,297.97,359.00,806.28,-412.71,-692.65,1482,1500,1492,alt=297.97
2026-04-16T18:08:05,Cruise,50.447024,30.457840,297.93,359.00,805.19,-411.62,-692.03,1482,1500,1492,alt=297.93
2026-04-16T18:08:05,Cruise,50.447014,30.457832,297.90,358.99,804.11,-410.53,-691.42,1482,1500,1492,alt=297.90
2026-04-16T18:08:06,Cruise,50.446994,30.457814,297.91,358.99,801.94,-408.36,-690.18,1482,1500,1492,alt=297.91
2026-04-16T18:08:06,Cruise,50.446985,30.457805,297.92,359.00,800.85,-407.28,-689.56,1482,1500,1492,alt=297.92
2026-04-16T18:08:07,Cruise,50.446965,30.457788,297.96,359.00,798.68,-405.10,-688.32,1482,1500,1492,alt=297.96
2026-04-16T18:08:07,Cruise,50.446955,30.457779,297.98,359.00,797.60,-404.02,-687.70,1482,1500,1492,alt=297.98
2026-04-16T18:08:07,Cruise,50.446946,30.457770,297.97,359.00,796.51,-402.93,-687.08,1482,1500,1492,alt=297.97
2026-04-16T18:08:08,Cruise,50.446926,30.457753,297.89,358.99,794.33,-400.74,-685.83,1482,1500,1492,alt=297.89
2026-04-16T18:08:08,Cruise,50.446916,30.457744,297.86,358.99,793.25,-399.66,-685.21,1482,1500,1492,alt=297.86
2026-04-16T18:08:08,Cruise,50.446897,30.457727,297.75,358.99,791.09,-397.49,-683.98,1482,1500,1492,alt=297.75
2026-04-16T18:08:09,Cruise,50.446887,30.457718,297.70,359.01,790.01,-396.41,-683.36,1482,1500,1492,alt=297.70
2026-04-16T18:08:09,Cruise,50.446877,30.457709,297.66,359.01,788.93,-395.32,-682.74,1482,1500,1492,alt=297.66
2026-04-16T18:08:09,Cruise,50.446858,30.457692,297.60,359.02,786.77,-393.14,-681.50,1482,1500,1492,alt=297.60
2026-04-16T18:08:10,Cruise,50.446848,30.457683,297.57,359.02,785.68,-392.04,-680.88,1482,1500,1492,alt=297.57
2026-04-16T18:08:10,Cruise,50.446828,30.457666,297.45,359.02,783.53,-389.86,-679.64,1482,1500,1492,alt=297.45
2026-04-16T18:08:10,Cruise,50.446818,30.457657,297.40,359.02,782.45,-388.79,-679.03,1482,1500,1492,alt=297.40
2026-04-16T18:08:11,Cruise,50.446809,30.457648,297.34,359.01,781.37,-387.69,-678.40,1482,1500,1492,alt=297.34
2026-04-16T18:08:11,Cruise,50.446789,30.457631,297.26,359.01,779.21,-385.51,-677.16,1482,1500,1492,alt=297.26
2026-04-16T18:08:11,Cruise,50.446779,30.457622,297.27,359.01,778.13,-384.42,-676.54,1482,1500,1492,alt=297.27
2026-04-16T18:08:12,Cruise,50.446760,30.457604,297.43,359.01,775.96,-382.23,-675.29,1482,1500,1492,alt=297.43
2026-04-16T18:08:12,Cruise,50.446750,30.457595,297.52,359.01,774.88,-381.14,-674.66,1482,1500,1492,alt=297.52
2026-04-16T18:08:12,Cruise,50.446740,30.457587,297.63,359.01,773.80,-380.06,-674.04,1482,1500,1492,alt=297.63
2026-04-16T18:08:13,Cruise,50.446720,30.457569,297.89,359.01,771.65,-377.88,-672.79,1482,1500,1492,alt=297.89
2026-04-16T18:08:13,Cruise,50.446711,30.457560,298.06,359.01,770.56,-376.77,-672.17,1482,1500,1492,alt=298.06
2026-04-16T18:08:14,Cruise,50.446691,30.457542,298.37,359.00,768.39,-374.57,-670.91,1482,1500,1492,alt=298.37
2026-04-16T18:08:14,Cruise,50.446681,30.457534,298.48,359.00,767.31,-373.48,-670.28,1482,1500,1492,alt=298.48
2026-04-16T18:08:14,Cruise,50.446671,30.457525,298.58,359.00,766.22,-372.38,-669.65,1482,1500,1492,alt=298.58
2026-04-16T18:08:15,Cruise,50.446652,30.457507,298.84,358.99,764.07,-370.19,-668.40,1482,1500,1492,alt=298.84
2026-04-16T18:08:15,Cruise,50.446642,30.457498,298.99,358.99,762.99,-369.10,-667.77,1482,1500,1492,alt=298.99
2026-04-16T18:08:15,Cruise,50.446622,30.457480,299.32,359.02,760.85,-366.92,-666.53,1482,1500,1488,alt=299.32
2026-04-16T18:08:16,Cruise,50.446612,30.457472,299.51,359.03,759.77,-365.83,-665.90,1482,1500,1476,alt=299.51
2026-04-16T18:08:16,Cruise,50.446602,30.457463,299.74,359.04,758.69,-364.73,-665.27,1482,1500,1476,alt=299.74
2026-04-16T18:08:16,Cruise,50.446583,30.457445,300.08,359.05,756.56,-362.56,-664.03,1482,1500,1488,alt=300.08
2026-04-16T18:08:17,Cruise,50.446573,30.457437,300.22,359.05,755.49,-361.47,-663.41,1482,1500,1488,alt=300.22
2026-04-16T18:08:17,Cruise,50.446554,30.457419,300.51,359.05,753.37,-359.30,-662.17,1482,1500,1488,alt=300.51
2026-04-16T18:08:17,Cruise,50.446544,30.457410,300.66,359.05,752.32,-358.22,-661.56,1482,1500,1488,alt=300.66
2026-04-16T18:08:18,Cruise,50.446534,30.457402,300.80,359.05,751.25,-357.13,-660.94,1482,1500,1488,alt=300.80
2026-04-16T18:08:18,Cruise,50.446514,30.457384,301.13,359.06,749.13,-354.94,-659.71,1482,1500,1478,alt=301.13
2026-04-16T18:08:18,Cruise,50.446505,30.457376,301.31,359.05,748.07,-353.85,-659.09,1482,1500,1478,alt=301.31
2026-04-16T18:08:19,Cruise,50.446485,30.457358,301.55,359.03,745.97,-351.68,-657.87,1482,1500,1478,alt=301.55
2026-04-16T18:08:19,Cruise,50.446475,30.457350,301.64,359.03,744.92,-350.59,-657.26,1482,1500,1478,alt=301.64
2026-04-16T18:08:20,Cruise,50.446466,30.457341,301.71,359.02,743.86,-349.50,-656.64,1482,1500,1478,alt=301.71
2026-04-16T18:08:20,Cruise,50.446446,30.457323,301.79,359.02,741.73,-347.31,-655.39,1482,1500,1478,alt=301.79
2026-04-16T18:08:20,Cruise,50.446436,30.457315,301.81,359.01,740.67,-346.22,-654.78,1482,1500,1478,alt=301.81
2026-04-16T18:08:21,Cruise,50.446416,30.457297,301.72,359.01,738.57,-344.03,-653.55,1482,1500,1478,alt=301.72
2026-04-16T18:08:21,Cruise,50.446407,30.457289,301.68,359.01,737.52,-342.94,-652.93,1482,1500,1478,alt=301.68
2026-04-16T18:08:21,Cruise,50.446387,30.457271,301.51,359.01,735.42,-340.76,-651.71,1482,1500,1478,alt=301.51
2026-04-16T18:08:22,Cruise,50.446377,30.457263,301.42,359.00,734.36,-339.66,-651.09,1482,1500,1478,alt=301.42
2026-04-16T18:08:22,Cruise,50.446367,30.457254,301.37,359.00,733.30,-338.57,-650.47,1482,1500,1478,alt=301.37
2026-04-16T18:08:22,Cruise,50.446348,30.457236,301.18,359.02,731.19,-336.38,-649.22,1482,1500,1478,alt=301.18
2026-04-16T18:08:23,Cruise,50.446338,30.457228,301.03,359.02,730.14,-335.28,-648.60,1482,1500,1478,alt=301.03
2026-04-16T18:08:23,Cruise,50.446318,30.457210,300.71,359.02,728.04,-333.10,-647.37,1482,1500,1488,alt=300.71
2026-04-16T18:08:23,Cruise,50.446309,30.457202,300.51,359.02,726.99,-332.01,-646.75,1482,1500,1498,alt=300.51
2026-04-16T18:08:24,Cruise,50.446299,30.457193,300.30,359.02,725.95,-330.92,-646.14,1482,1500,1488,alt=300.30
2026-04-16T18:08:24,Cruise,50.446279,30.457175,300.00,359.04,723.85,-328.73,-644.90,1482,1500,1488,alt=300.00
2026-04-16T18:08:24,Cruise,50.446269,30.457167,299.90,359.04,722.80,-327.64,-644.28,1482,1500,1488,alt=299.90
2026-04-16T18:08:25,Cruise,50.446250,30.457149,299.72,359.03,720.72,-325.46,-643.05,1482,1500,1488,alt=299.72
2026-04-16T18:08:25,Cruise,50.446240,30.457141,299.66,359.03,719.68,-324.36,-642.44,1482,1500,1488,alt=299.66
2026-04-16T18:08:25,Cruise,50.446230,30.457132,299.62,359.03,718.64,-323.27,-641.83,1482,1500,1488,alt=299.62
2026-04-16T18:08:26,Cruise,50.446210,30.457115,299.65,359.03,716.56,-321.08,-640.60,1482,1500,1488,alt=299.65
2026-04-16T18:08:26,Cruise,50.446200,30.457106,299.65,359.02,715.52,-319.98,-639.98,1482,1500,1488,alt=299.65
2026-04-16T18:08:27,Cruise,50.446181,30.457089,299.60,359.02,713.45,-317.79,-638.77,1482,1500,1488,alt=299.60
2026-04-16T18:08:27,Cruise,50.446171,30.457080,299.60,359.02,712.42,-316.69,-638.16,1482,1500,1488,alt=299.60
2026-04-16T18:08:27,Cruise,50.446161,30.457072,299.62,359.02,711.39,-315.60,-637.55,1482,1500,1488,alt=299.62
2026-04-16T18:08:28,Cruise,50.446142,30.457054,299.73,359.02,709.32,-313.42,-636.32,1482,1500,1488,alt=299.73
2026-04-16T18:08:28,Cruise,50.446132,30.457046,299.77,359.02,708.29,-312.32,-635.71,1482,1500,1488,alt=299.77
2026-04-16T18:08:28,Cruise,50.446112,30.457028,299.89,359.03,706.22,-310.13,-634.48,1482,1500,1488,alt=299.89
2026-04-16T18:08:29,Cruise,50.446102,30.457020,299.94,359.03,705.19,-309.04,-633.87,1482,1500,1488,alt=299.94
2026-04-16T18:08:29,Cruise,50.446092,30.457011,299.96,359.03,704.16,-307.96,-633.25,1482,1500,1488,alt=299.96
2026-04-16T18:08:29,Cruise,50.446073,30.456994,300.05,359.03,702.10,-305.77,-632.02,1482,1500,1488,alt=300.05
2026-04-16T18:08:30,Cruise,50.446063,30.456985,300.10,359.03,701.08,-304.69,-631.40,1482,1500,1488,alt=300.10
2026-04-16T18:08:30,Cruise,50.446044,30.456967,300.25,359.03,699.02,-302.52,-630.16,1482,1500,1488,alt=300.25
2026-04-16T18:08:30,Cruise,50.446034,30.456959,300.33,359.03,697.98,-301.43,-629.54,1482,1500,1488,alt=300.33
2026-04-16T18:08:31,Cruise,50.446024,30.456950,300.41,359.03,696.95,-300.34,-628.91,1482,1500,1488,alt=300.41
2026-04-16T18:08:31,Cruise,50.446005,30.456932,300.54,359.03,694.91,-298.19,-627.68,1482,1500,1488,alt=300.54
2026-04-16T18:08:31,Cruise,50.445995,30.456924,300.59,359.03,693.89,-297.11,-627.06,1482,1500,1488,alt=300.59
2026-04-16T18:08:32,Cruise,50.445976,30.456906,300.69,359.04,691.87,-294.96,-625.84,1482,1500,1488,alt=300.69
2026-04-16T18:08:32,Cruise,50.445966,30.456898,300.76,359.04,690.85,-293.88,-625.22,1482,1500,1488,alt=300.76
2026-04-16T18:08:33,Cruise,50.445956,30.456889,300.82,359.04,689.82,-292.79,-624.60,1482,1500,1488,alt=300.82
2026-04-16T18:08:33,Cruise,50.445937,30.456871,300.95,359.04,687.79,-290.63,-623.36,1482,1500,1488,alt=300.95
2026-04-16T18:08:33,Cruise,50.445927,30.456863,301.00,359.05,686.78,-289.57,-622.76,1482,1500,1488,alt=301.00
2026-04-16T18:08:34,Cruise,50.445908,30.456846,301.13,359.05,684.76,-287.39,-621.53,1482,1500,1478,alt=301.13
2026-04-16T18:08:34,Cruise,50.445898,30.456837,301.22,359.04,683.75,-286.32,-620.91,1482,1500,1478,alt=301.22
2026-04-16T18:08:34,Cruise,50.445888,30.456828,301.30,359.02,682.73,-285.24,-620.30,1482,1500,1478,alt=301.30
2026-04-16T18:08:35,Cruise,50.445869,30.456811,301.38,359.01,680.70,-283.06,-619.05,1482,1500,1478,alt=301.38
2026-04-16T18:08:35,Cruise,50.445859,30.456802,301.40,359.00,679.68,-281.97,-618.42,1482,1500,1478,alt=301.40
2026-04-16T18:08:35,Cruise,50.445840,30.456784,301.38,358.99,677.65,-279.81,-617.18,1482,1500,1478,alt=301.38
2026-04-16T18:08:36,Cruise,50.445830,30.456775,301.38,358.99,676.64,-278.73,-616.56,1482,1500,1478,alt=301.38
2026-04-16T18:08:36,Cruise,50.445811,30.456758,301.34,359.01,674.61,-276.57,-615.31,1482,1500,1478,alt=301.34
2026-04-16T18:08:36,Cruise,50.445801,30.456749,301.36,359.01,673.59,-275.48,-614.68,1482,1500,1478,alt=301.36
2026-04-16T18:08:37,Cruise,50.445791,30.456740,301.37,359.01,672.56,-274.39,-614.04,1482,1500,1478,alt=301.37
2026-04-16T18:08:37,Cruise,50.445771,30.456723,301.21,359.01,670.55,-272.23,-612.80,1482,1500,1478,alt=301.21
2026-04-16T18:08:37,Cruise,50.445762,30.456714,301.10,359.02,669.55,-271.16,-612.19,1482,1500,1478,alt=301.10
2026-04-16T18:08:38,Cruise,50.445743,30.456696,300.90,359.03,667.55,-269.00,-610.95,1482,1500,1488,alt=300.90
2026-04-16T18:08:38,Cruise,50.445733,30.456688,300.80,359.03,666.55,-267.94,-610.32,1482,1500,1488,alt=300.80
2026-04-16T18:08:38,Cruise,50.445723,30.456679,300.74,359.03,665.55,-266.86,-609.71,1482,1500,1488,alt=300.74
2026-04-16T18:08:39,Cruise,50.445704,30.456661,300.50,359.03,663.53,-264.67,-608.46,1482,1500,1488,alt=300.50
2026-04-16T18:08:39,Cruise,50.445694,30.456653,300.39,359.03,662.54,-263.59,-607.84,1482,1500,1488,alt=300.39
2026-04-16T18:08:40,Cruise,50.445675,30.456635,300.26,359.02,660.55,-261.44,-606.62,1482,1500,1488,alt=300.26
2026-04-16T18:08:40,Cruise,50.445665,30.456626,300.24,359.02,659.56,-260.34,-606.00,1482,1500,1488,alt=300.24
2026-04-16T18:08:40,Cruise,50.445655,30.456618,300.24,359.02,658.56,-259.26,-605.38,1482,1500,1488,alt=300.24
2026-04-16T18:08:41,Cruise,50.445636,30.456600,300.24,359.01,656.58,-257.09,-604.15,1482,1500,1488,alt=300.24
2026-04-16T18:08:41,Cruise,50.445626,30.456592,300.26,359.01,655.58,-256.00,-603.53,1482,1500,1488,alt=300.26
2026-04-16T18:08:41,Cruise,50.445606,30.456574,300.22,359.01,653.60,-253.83,-602.29,1482,1500,1488,alt=300.22
2026-04-16T18:08:42,Cruise,50.445596,30.456565,300.19,359.00,652.60,-252.74,-601.68,1482,1500,1488,alt=300.19
2026-04-16T18:08:42,Cruise,50.445587,30.456557,300.13,359.00,651.62,-251.66,-601.06,1482,1500,1488,alt=300.13
2026-04-16T18:08:42,Cruise,50.445567,30.456539,300.00,359.00,649.64,-249.48,-599.83,1482,1500,1488,alt=300.00
2026-04-16T18:08:43,Cruise,50.445557,30.456531,299.95,358.99,648.65,-248.39,-599.21,1482,1500,1488,alt=299.95
2026-04-16T18:08:43,Cruise,50.445538,30.456513,299.79,358.99,646.67,-246.20,-597.97,1482,1500,1488,alt=299.79
2026-04-16T18:08:43,Cruise,50.445528,30.456505,299.69,358.99,645.68,-245.10,-597.35,1482,1500,1488,alt=299.69
2026-04-16T18:08:44,Cruise,50.445518,30.456496,299.63,358.98,644.71,-244.01,-596.74,1482,1500,1488,alt=299.63
2026-04-16T18:08:44,Cruise,50.445498,30.456479,299.48,358.98,642.75,-241.84,-595.52,1482,1500,1488,alt=299.48
2026-04-16T18:08:44,Cruise,50.445489,30.456470,299.41,358.99,641.77,-240.75,-594.90,1482,1500,1488,alt=299.41
2026-04-16T18:08:45,Cruise,50.445469,30.456453,299.25,359.02,639.81,-238.57,-593.67,1482,1500,1488,alt=299.25
2026-04-16T18:08:45,Cruise,50.445459,30.456444,299.17,359.02,638.83,-237.49,-593.04,1482,1500,1488,alt=299.17
2026-04-16T18:08:46,Cruise,50.445440,30.456426,299.04,359.03,636.89,-235.32,-591.82,1482,1500,1488,alt=299.04
2026-04-16T18:08:46,Cruise,50.445430,30.456418,299.00,359.03,635.91,-234.24,-591.20,1482,1500,1488,alt=299.00
2026-04-16T18:08:46,Cruise,50.445420,30.456409,298.95,359.03,634.95,-233.15,-590.59,1482,1500,1492,alt=298.95
2026-04-16T18:08:47,Cruise,50.445401,30.456392,298.81,359.03,633.00,-230.98,-589.35,1482,1500,1492,alt=298.81
2026-04-16T18:08:47,Cruise,50.445391,30.456383,298.77,359.03,632.02,-229.89,-588.73,1482,1500,1492,alt=298.77
2026-04-16T18:08:47,Cruise,50.445371,30.456365,298.68,359.03,630.06,-227.69,-587.48,1482,1500,1492,alt=298.68
2026-04-16T18:08:48,Cruise,50.445362,30.456356,298.61,359.03,629.10,-226.61,-586.86,1482,1500,1492,alt=298.61
2026-04-16T18:08:48,Cruise,50.445352,30.456348,298.58,359.02,628.12,-225.52,-586.24,1482,1500,1492,alt=298.58
2026-04-16T18:08:48,Cruise,50.445332,30.456330,298.59,359.02,626.18,-223.34,-585.00,1482,1500,1492,alt=298.59
2026-04-16T18:08:49,Cruise,50.445323,30.456322,298.64,359.02,625.23,-222.26,-584.39,1482,1500,1492,alt=298.64
2026-04-16T18:08:49,Cruise,50.445303,30.456304,298.75,359.02,623.29,-220.07,-583.15,1482,1500,1492,alt=298.75
2026-04-16T18:08:49,Cruise,50.445293,30.456295,298.85,359.02,622.34,-218.98,-582.54,1482,1500,1492,alt=298.85
2026-04-16T18:08:50,Cruise,50.445283,30.456287,298.93,359.02,621.38,-217.88,-581.93,1482,1500,1492,alt=298.93
2026-04-16T18:08:50,Cruise,50.445264,30.456270,299.17,359.03,619.50,-215.72,-580.73,1482,1500,1488,alt=299.17
2026-04-16T18:08:50,Cruise,50.445254,30.456261,299.34,359.03,618.55,-214.62,-580.12,1482,1500,1488,alt=299.34
2026-04-16T18:08:51,Cruise,50.445234,30.456244,299.54,359.03,616.66,-212.44,-578.91,1482,1500,1488,alt=299.54
2026-04-16T18:08:51,Cruise,50.445225,30.456236,299.64,359.03,615.70,-211.34,-578.29,1482,1500,1488,alt=299.64
2026-04-16T18:08:51,Cruise,50.445215,30.456227,299.71,359.03,614.76,-210.25,-577.69,1482,1500,1488,alt=299.71
2026-04-16T18:08:52,Cruise,50.445195,30.456210,299.89,359.03,612.88,-208.07,-576.48,1482,1500,1488,alt=299.89
2026-04-16T18:08:52,Cruise,50.445185,30.456201,299.94,359.03,611.94,-206.98,-575.88,1482,1500,1488,alt=299.94
2026-04-16T18:08:53,Cruise,50.445166,30.456184,300.02,359.02,610.06,-204.78,-574.66,1482,1500,1488,alt=300.02
2026-04-16T18:08:53,Cruise,50.445156,30.456176,300.09,359.02,609.12,-203.69,-574.06,1482,1500,1488,alt=300.09
2026-04-16T18:08:53,Cruise,50.445146,30.456167,300.13,359.02,608.18,-202.60,-573.44,1482,1500,1488,alt=300.13
2026-04-16T18:08:54,Cruise,50.445126,30.456150,300.11,359.01,606.29,-200.41,-572.21,1482,1500,1488,alt=300.11
2026-04-16T18:08:54,Cruise,50.445117,30.456141,300.09,359.01,605.36,-199.33,-571.60,1482,1500,1488,alt=300.09
2026-04-16T18:08:54,Cruise,50.445097,30.456124,300.09,359.01,603.50,-197.16,-570.39,1482,1500,1488,alt=300.09
2026-04-16T18:08:55,Cruise,50.445087,30.456115,300.10,359.02,602.57,-196.08,-569.78,1482,1500,1488,alt=300.10
2026-04-16T18:08:55,Cruise,50.445078,30.456107,300.12,359.02,601.65,-194.99,-569.17,1482,1500,1488,alt=300.12
2026-04-16T18:08:55,Cruise,50.445058,30.456090,300.17,359.02,599.79,-192.81,-567.96,1482,1500,1488,alt=300.17
2026-04-16T18:08:56,Cruise,50.445048,30.456081,300.19,359.02,598.87,-191.72,-567.36,1482,1500,1488,alt=300.19
2026-04-16T18:08:56,Cruise,50.445029,30.456064,300.20,359.02,597.04,-189.54,-566.15,1482,1500,1488,alt=300.20
2026-04-16T18:08:56,Cruise,50.445019,30.456056,300.22,359.02,596.12,-188.45,-565.55,1482,1500,1488,alt=300.22
2026-04-16T18:08:57,Cruise,50.445009,30.456047,300.22,359.02,595.20,-187.36,-564.94,1482,1500,1488,alt=300.22
2026-04-16T18:08:57,Cruise,50.444989,30.456030,300.31,359.02,593.37,-185.18,-563.73,1482,1500,1488,alt=300.31
2026-04-16T18:08:57,Cruise,50.444980,30.456021,300.34,359.01,592.44,-184.07,-563.12,1482,1500,1488,alt=300.34
2026-04-16T18:08:58,Cruise,50.444960,30.456004,300.38,359.01,590.61,-181.89,-561.90,1482,1500,1488,alt=300.38
2026-04-16T18:08:58,Cruise,50.444950,30.455996,300.40,359.00,589.70,-180.81,-561.30,1482,1500,1488,alt=300.40
2026-04-16T18:08:59,Cruise,50.444931,30.455979,300.36,359.00,587.87,-178.62,-560.08,1482,1500,1488,alt=300.36
2026-04-16T18:08:59,Cruise,50.444921,30.455970,300.31,359.00,586.97,-177.54,-559.47,1482,1500,1488,alt=300.31
2026-04-16T18:08:59,Cruise,50.444911,30.455962,300.26,359.00,586.06,-176.45,-558.87,1482,1500,1488,alt=300.26
2026-04-16T18:09:00,Cruise,50.444891,30.455944,300.17,359.00,584.23,-174.26,-557.64,1482,1500,1488,alt=300.17
2026-04-16T18:09:00,Cruise,50.444882,30.455935,300.12,358.99,583.32,-173.16,-557.02,1482,1500,1488,alt=300.12
2026-04-16T18:09:00,Cruise,50.444872,30.455927,300.09,358.99,582.42,-172.08,-556.42,1482,1500,1488,alt=300.09
2026-04-16T18:09:01,Cruise,50.444852,30.455910,300.07,358.99,580.61,-169.89,-555.20,1482,1500,1488,alt=300.07
2026-04-16T18:09:01,Cruise,50.444842,30.455901,300.06,358.99,579.70,-168.79,-554.58,1482,1500,1488,alt=300.06
2026-04-16T18:09:01,Cruise,50.444823,30.455884,300.01,358.99,577.89,-166.60,-553.35,1482,1500,1488,alt=300.01
2026-04-16T18:09:02,Cruise,50.444813,30.455875,299.96,358.99,576.97,-165.50,-552.73,1482,1500,1488,alt=299.96
2026-04-16T18:09:02,Cruise,50.444793,30.455858,299.89,358.99,575.17,-163.32,-551.50,1482,1500,1488,alt=299.89
2026-04-16T18:09:02,Cruise,50.444783,30.455849,299.84,359.00,574.28,-162.23,-550.89,1482,1500,1488,alt=299.84
2026-04-16T18:09:03,Cruise,50.444773,30.455840,299.79,359.00,573.38,-161.14,-550.27,1482,1500,1488,alt=299.79
2026-04-16T18:09:03,Cruise,50.444754,30.455823,299.64,359.00,571.58,-158.95,-549.03,1482,1500,1488,alt=299.64
2026-04-16T18:09:03,Cruise,50.444744,30.455814,299.60,359.00,570.67,-157.86,-548.41,1482,1500,1488,alt=299.60
2026-04-16T18:09:04,Cruise,50.444724,30.455796,299.53,359.00,568.86,-155.66,-547.15,1482,1500,1488,alt=299.53
2026-04-16T18:09:04,Cruise,50.444715,30.455787,299.48,359.00,567.96,-154.57,-546.53,1482,1500,1488,alt=299.48
2026-04-16T18:09:04,Cruise,50.444705,30.455779,299.42,359.01,567.08,-153.49,-545.91,1482,1500,1488,alt=299.42
2026-04-16T18:09:05,Cruise,50.444685,30.455761,299.31,359.00,565.29,-151.31,-544.66,1482,1500,1488,alt=299.31
2026-04-16T18:09:05,Cruise,50.444675,30.455752,299.28,359.00,564.40,-150.22,-544.04,1482,1500,1488,alt=299.28
2026-04-16T18:09:06,Cruise,50.444656,30.455735,299.25,359.00,562.61,-148.03,-542.79,1482,1500,1488,alt=299.25
2026-04-16T18:09:06,Cruise,50.444646,30.455726,299.23,359.00,561.71,-146.93,-542.15,1482,1500,1488,alt=299.23
2026-04-16T18:09:06,Cruise,50.444636,30.455717,299.21,359.00,560.82,-145.84,-541.52,1482,1500,1488,alt=299.21
2026-04-16T18:09:07,Cruise,50.444617,30.455699,299.16,359.00,559.06,-143.67,-540.28,1482,1500,1488,alt=299.16
2026-04-16T18:09:07,Cruise,50.444607,30.455690,299.12,359.01,558.18,-142.58,-539.66,1482,1500,1488,alt=299.12
2026-04-16T18:09:07,Cruise,50.444587,30.455673,299.01,359.01,556.42,-140.39,-538.42,1482,1500,1488,alt=299.01
2026-04-16T18:09:08,Cruise,50.444577,30.455664,298.91,359.01,555.54,-139.28,-537.80,1482,1500,1492,alt=298.91
2026-04-16T18:09:08,Cruise,50.444567,30.455655,298.83,359.01,554.65,-138.18,-537.16,1482,1500,1492,alt=298.83
2026-04-16T18:09:08,Cruise,50.444548,30.455638,298.69,359.01,552.90,-135.99,-535.92,1482,1500,1492,alt=298.69
2026-04-16T18:09:09,Cruise,50.444538,30.455629,298.65,359.02,552.04,-134.90,-535.30,1482,1500,1492,alt=298.65
2026-04-16T18:09:09,Cruise,50.444518,30.455611,298.42,359.02,550.30,-132.70,-534.06,1482,1500,1492,alt=298.42
2026-04-16T18:09:09,Cruise,50.444508,30.455603,298.29,359.03,549.44,-131.61,-533.44,1482,1500,1492,alt=298.29
2026-04-16T18:09:10,Cruise,50.444498,30.455594,298.16,359.03,548.57,-130.51,-532.82,1482,1500,1492,alt=298.16
2026-04-16T18:09:10,Cruise,50.444479,30.455576,297.93,359.04,546.84,-128.30,-531.58,1482,1500,1492,alt=297.93
2026-04-16T18:09:10,Cruise,50.444469,30.455568,297.86,359.04,545.98,-127.19,-530.96,1482,1500,1492,alt=297.86
2026-04-16T18:09:11,Cruise,50.444449,30.455550,297.78,359.04,544.26,-125.00,-529.72,1482,1500,1492,alt=297.78
2026-04-16T18:09:11,Cruise,50.444439,30.455541,297.80,359.04,543.41,-123.90,-529.10,1482,1500,1492,alt=297.80
2026-04-16T18:09:12,Cruise,50.444419,30.455524,297.81,359.05,541.72,-121.72,-527.87,1482,1500,1492,alt=297.81
2026-04-16T18:09:12,Cruise,50.444410,30.455515,297.84,359.05,540.86,-120.63,-527.24,1482,1500,1492,alt=297.84
2026-04-16T18:09:12,Cruise,50.444400,30.455506,297.88,359.06,540.00,-119.52,-526.61,1482,1500,1492,alt=297.88
2026-04-16T18:09:13,Cruise,50.444380,30.455489,297.99,359.06,538.32,-117.35,-525.38,1482,1500,1492,alt=297.99
2026-04-16T18:09:13,Cruise,50.444370,30.455480,298.05,359.07,537.48,-116.26,-524.75,1482,1500,1492,alt=298.05
2026-04-16T18:09:13,Cruise,50.444351,30.455463,298.18,359.05,535.80,-114.09,-523.51,1482,1500,1492,alt=298.18
2026-04-16T18:09:14,Cruise,50.444341,30.455454,298.22,359.04,534.96,-113.01,-522.89,1482,1500,1492,alt=298.22
2026-04-16T18:09:14,Cruise,50.444331,30.455445,298.27,359.03,534.12,-111.92,-522.27,1482,1500,1492,alt=298.27
2026-04-16T18:09:14,Cruise,50.444312,30.455427,298.45,359.03,532.45,-109.75,-521.02,1482,1500,1492,alt=298.45
2026-04-16T18:09:15,Cruise,50.444302,30.455419,298.58,359.03,531.62,-108.66,-520.39,1482,1500,1492,alt=298.58
2026-04-16T18:09:15,Cruise,50.444283,30.455401,298.88,359.02,529.97,-106.50,-519.15,1482,1500,1492,alt=298.88
2026-04-16T18:09:15,Cruise,50.444273,30.455392,298.98,359.02,529.13,-105.41,-518.52,1482,1500,1492,alt=298.98
2026-04-16T18:09:16,Cruise,50.444263,30.455383,299.10,359.02,528.31,-104.34,-517.90,1482,1500,1488,alt=299.10
2026-04-16T18:09:16,Cruise,50.444244,30.455366,299.24,359.02,526.64,-102.16,-516.64,1482,1500,1488,alt=299.24
2026-04-16T18:09:16,Cruise,50.444234,30.455357,299.28,359.02,525.82,-101.09,-516.01,1482,1500,1488,alt=299.28
2026-04-16T18:09:17,Cruise,50.444215,30.455339,299.36,359.02,524.19,-98.93,-514.77,1482,1500,1488,alt=299.36
2026-04-16T18:09:17,Cruise,50.444205,30.455330,299.43,359.02,523.37,-97.86,-514.14,1482,1500,1488,alt=299.43
2026-04-16T18:09:18,Cruise,50.444195,30.455322,299.49,359.02,522.56,-96.78,-513.52,1482,1500,1488,alt=299.49
2026-04-16T18:09:18,Cruise,50.444176,30.455304,299.62,359.02,520.95,-94.63,-512.28,1482,1500,1488,alt=299.62
2026-04-16T18:09:18,Cruise,50.444166,30.455295,299.74,359.01,520.13,-93.55,-511.65,1482,1500,1488,alt=299.74
2026-04-16T18:09:19,Cruise,50.444147,30.455278,300.05,359.01,518.51,-91.38,-510.39,1482,1500,1488,alt=300.05
2026-04-16T18:09:19,Cruise,50.444137,30.455269,300.21,359.00,517.71,-90.31,-509.77,1482,1500,1488,alt=300.21
2026-04-16T18:09:19,Cruise,50.444128,30.455260,300.34,359.00,516.91,-89.23,-509.15,1482,1500,1488,alt=300.34
2026-04-16T18:09:20,Cruise,50.444108,30.455242,300.63,358.99,515.31,-87.07,-507.90,1482,1500,1488,alt=300.63
2026-04-16T18:09:20,Cruise,50.444099,30.455234,300.78,358.99,514.51,-85.99,-507.27,1482,1500,1488,alt=300.78
2026-04-16T18:09:20,Cruise,50.444079,30.455216,301.05,358.98,512.92,-83.82,-506.02,1482,1500,1478,alt=301.05
2026-04-16T18:09:21,Cruise,50.444069,30.455207,301.19,359.00,512.13,-82.73,-505.40,1482,1500,1478,alt=301.19
2026-04-16T18:09:21,Cruise,50.444059,30.455199,301.31,359.01,511.35,-81.64,-504.79,1482,1500,1478,alt=301.31
2026-04-16T18:09:21,Cruise,50.444040,30.455181,301.48,359.02,509.78,-79.48,-503.55,1482,1500,1478,alt=301.48
2026-04-16T18:09:22,Cruise,50.444030,30.455172,301.57,359.02,509.00,-78.39,-502.93,1482,1500,1478,alt=301.57
2026-04-16T18:09:22,Cruise,50.444011,30.455155,301.72,359.02,507.45,-76.21,-501.70,1482,1500,1478,alt=301.72
2026-04-16T18:09:22,Cruise,50.444001,30.455146,301.76,359.02,506.67,-75.11,-501.07,1482,1500,1478,alt=301.76
2026-04-16T18:09:23,Cruise,50.443991,30.455137,301.79,359.02,505.90,-74.02,-500.46,1482,1500,1478,alt=301.79
2026-04-16T18:09:23,Cruise,50.443971,30.455120,301.85,359.02,504.37,-71.85,-499.22,1482,1500,1478,alt=301.85
2026-04-16T18:09:23,Cruise,50.443962,30.455111,301.85,359.02,503.60,-70.75,-498.61,1482,1500,1478,alt=301.85
2026-04-16T18:09:24,Cruise,50.443942,30.455094,301.76,359.02,502.08,-68.56,-497.37,1482,1500,1478,alt=301.76
2026-04-16T18:09:24,Cruise,50.443932,30.455085,301.65,359.02,501.31,-67.47,-496.75,1482,1500,1478,alt=301.65
2026-04-16T18:09:25,Cruise,50.443922,30.455076,301.55,359.02,500.55,-66.38,-496.13,1482,1500,1478,alt=301.55
2026-04-16T18:09:25,Cruise,50.443903,30.455059,301.36,359.02,499.04,-64.18,-494.89,1482,1500,1478,alt=301.36
2026-04-16T18:09:25,Cruise,50.443893,30.455050,301.26,359.02,498.29,-63.10,-494.28,1482,1500,1478,alt=301.26
2026-04-16T18:09:26,Cruise,50.443873,30.455033,301.21,359.02,496.80,-60.93,-493.05,1482,1500,1478,alt=301.21
2026-04-16T18:09:26,Cruise,50.443864,30.455024,301.21,359.03,496.07,-59.85,-492.45,1482,1500,1478,alt=301.21
2026-04-16T18:09:26,Cruise,50.443844,30.455007,301.19,359.03,494.60,-57.69,-491.22,1482,1500,1478,alt=301.19
2026-04-16T18:09:27,Cruise,50.443834,30.454998,301.16,359.03,493.86,-56.60,-490.60,1482,1500,1478,alt=301.16
2026-04-16T18:09:27,Cruise,50.443825,30.454990,301.10,359.04,493.13,-55.52,-489.99,1482,1500,1478,alt=301.10
2026-04-16T18:09:27,Cruise,50.443805,30.454973,300.98,359.04,491.68,-53.36,-488.78,1482,1500,1488,alt=300.98
2026-04-16T18:09:28,Cruise,50.443796,30.454964,300.94,359.05,490.96,-52.28,-488.17,1482,1500,1488,alt=300.94
2026-04-16T18:09:28,Cruise,50.443776,30.454947,300.91,359.05,489.53,-50.13,-486.96,1482,1500,1488,alt=300.91
2026-04-16T18:09:28,Cruise,50.443767,30.454939,300.90,359.05,488.82,-49.04,-486.36,1482,1500,1488,alt=300.90
2026-04-16T18:09:29,Cruise,50.443757,30.454930,300.89,359.05,488.11,-47.95,-485.75,1482,1500,1488,alt=300.89
2026-04-16T18:09:29,Cruise,50.443737,30.454913,300.85,359.03,486.70,-45.77,-484.54,1482,1500,1488,alt=300.85
2026-04-16T18:09:29,Cruise,50.443727,30.454904,300.84,359.02,486.00,-44.68,-483.94,1482,1500,1488,alt=300.84
2026-04-16T18:09:30,Cruise,50.443708,30.454887,300.84,359.01,484.60,-42.50,-482.73,1482,1500,1488,alt=300.84
2026-04-16T18:09:30,Cruise,50.443698,30.454879,300.84,359.00,483.90,-41.41,-482.13,1482,1500,1488,alt=300.84
2026-04-16T18:09:31,Cruise,50.443688,30.454870,300.83,359.00,483.21,-40.32,-481.52,1482,1500,1488,alt=300.83
2026-04-16T18:09:31,Cruise,50.443669,30.454853,300.80,358.99,481.80,-38.13,-480.29,1482,1500,1488,alt=300.80
2026-04-16T18:09:31,Cruise,50.443659,30.454844,300.78,358.99,481.10,-37.04,-479.67,1482,1500,1488,alt=300.78
2026-04-16T18:09:32,Cruise,50.443639,30.454827,300.74,358.99,479.72,-34.87,-478.45,1482,1500,1488,alt=300.74
2026-04-16T18:09:32,Cruise,50.443629,30.454818,300.72,358.98,479.04,-33.77,-477.85,1482,1500,1488,alt=300.72
2026-04-16T18:09:32,Cruise,50.443620,30.454810,300.69,358.98,478.35,-32.68,-477.23,1482,1500,1488,alt=300.69
2026-04-16T18:09:33,Cruise,50.443600,30.454792,300.69,358.98,476.97,-30.49,-476.00,1482,1500,1488,alt=300.69
2026-04-16T18:09:33,Cruise,50.443590,30.454784,300.69,358.99,476.28,-29.39,-475.37,1482,1500,1488,alt=300.69
2026-04-16T18:09:33,Cruise,50.443570,30.454766,300.71,359.00,474.91,-27.21,-474.13,1482,1500,1488,alt=300.71
2026-04-16T18:09:34,Cruise,50.443561,30.454757,300.71,359.01,474.23,-26.12,-473.51,1482,1500,1488,alt=300.71
2026-04-16T18:09:34,Cruise,50.443551,30.454749,300.69,359.01,473.56,-25.02,-472.90,1482,1500,1488,alt=300.69
2026-04-16T18:09:34,Cruise,50.443531,30.454731,300.71,359.02,472.21,-22.83,-471.66,1482,1500,1488,alt=300.71
2026-04-16T18:09:35,Cruise,50.443521,30.454722,300.75,359.02,471.54,-21.73,-471.04,1482,1500,1488,alt=300.75
2026-04-16T18:09:35,Cruise,50.443501,30.454705,300.80,359.03,470.21,-19.51,-469.81,1482,1500,1488,alt=300.80
2026-04-16T18:09:35,Cruise,50.443492,30.454696,300.81,359.03,469.55,-18.42,-469.19,1482,1500,1488,alt=300.81
2026-04-16T18:09:36,Cruise,50.443482,30.454688,300.83,359.04,468.90,-17.33,-468.58,1482,1500,1488,alt=300.83
2026-04-16T18:09:36,Cruise,50.443462,30.454670,300.82,359.05,467.60,-15.13,-467.35,1482,1500,1488,alt=300.82
2026-04-16T18:09:36,Cruise,50.443452,30.454662,300.79,359.05,466.96,-14.04,-466.75,1482,1500,1488,alt=300.79
2026-04-16T18:09:37,Cruise,50.443432,30.454645,300.70,359.04,465.67,-11.84,-465.52,1482,1500,1488,alt=300.70
2026-04-16T18:09:37,Cruise,50.443422,30.454636,300.69,359.03,465.02,-10.73,-464.90,1482,1500,1488,alt=300.69
2026-04-16T18:09:38,Cruise,50.443413,30.454627,300.67,359.02,464.38,-9.64,-464.28,1482,1500,1488,alt=300.67
2026-04-16T18:09:38,Cruise,50.443393,30.454610,300.63,359.02,463.11,-7.46,-463.05,1482,1500,1488,alt=300.63
2026-04-16T18:09:38,Cruise,50.443383,30.454601,300.64,359.02,462.49,-6.36,-462.44,1482,1500,1488,alt=300.64
2026-04-16T18:09:39,Cruise,50.443364,30.454584,300.69,359.02,461.22,-4.19,-461.20,1482,1500,1488,alt=300.69
2026-04-16T18:09:39,Cruise,50.443354,30.454575,300.73,359.02,460.59,-3.09,-460.58,1482,1500,1488,alt=300.73
2026-04-16T18:09:39,Cruise,50.443344,30.454566,300.77,359.02,459.95,-1.99,-459.95,1482,1500,1488,alt=300.77
2026-04-16T18:09:40,Cruise,50.443324,30.454548,300.80,359.03,458.70,0.18,-458.70,1482,1500,1488,alt=300.80
2026-04-16T18:09:40,Cruise,50.443315,30.454540,300.82,359.03,458.09,1.25,-458.08,1482,1500,1488,alt=300.82
2026-04-16T18:09:40,Cruise,50.443295,30.454522,300.92,359.04,456.86,3.41,-456.84,1482,1500,1488,alt=300.92
2026-04-16T18:09:41,Cruise,50.443286,30.454513,300.96,359.04,456.25,4.48,-456.23,1482,1500,1488,alt=300.96
2026-04-16T18:09:41,Cruise,50.443266,30.454496,301.07,359.04,455.01,6.65,-454.96,1482,1500,1478,alt=301.07
2026-04-16T18:09:41,Cruise,50.443257,30.454487,301.07,359.03,454.41,7.73,-454.35,1482,1500,1478,alt=301.07
2026-04-16T18:09:42,Cruise,50.443247,30.454478,301.06,359.02,453.81,8.79,-453.72,1482,1500,1478,alt=301.06
2026-04-16T18:09:42,Cruise,50.443228,30.454461,301.07,359.00,452.62,10.95,-452.48,1482,1500,1478,alt=301.07
2026-04-16T18:09:42,Cruise,50.443218,30.454452,301.04,359.00,452.02,12.02,-451.86,1482,1500,1478,alt=301.04
2026-04-16T18:09:43,Cruise,50.443199,30.454434,301.00,359.00,450.84,14.18,-450.62,1482,1500,1478,alt=301.00
2026-04-16T18:09:43,Cruise,50.443189,30.454425,300.99,359.00,450.25,15.26,-449.99,1482,1500,1488,alt=300.99
2026-04-16T18:09:44,Cruise,50.443179,30.454417,301.00,359.00,449.66,16.35,-449.36,1482,1500,1488,alt=301.00
2026-04-16T18:09:44,Cruise,50.443160,30.454399,301.14,359.01,448.51,18.50,-448.12,1482,1500,1478,alt=301.14
2026-04-16T18:09:44,Cruise,50.443150,30.454390,301.22,359.01,447.94,19.58,-447.51,1482,1500,1478,alt=301.22
2026-04-16T18:09:45,Cruise,50.443131,30.454373,301.27,359.01,446.79,21.75,-446.26,1482,1500,1478,alt=301.27
2026-04-16T18:09:45,Cruise,50.443121,30.454364,301.31,359.01,446.22,22.83,-445.64,1482,1500,1478,alt=301.31
2026-04-16T18:09:45,Cruise,50.443111,30.454355,301.33,359.01,445.66,23.92,-445.01,1482,1500,1478,alt=301.33
2026-04-16T18:09:46,Cruise,50.443092,30.454338,301.18,359.01,444.55,26.10,-443.78,1482,1500,1478,alt=301.18
2026-04-16T18:09:46,Cruise,50.443082,30.454329,301.05,359.01,444.00,27.20,-443.16,1482,1500,1478,alt=301.05
2026-04-16T18:09:46,Cruise,50.443062,30.454312,300.78,359.01,442.91,29.36,-441.94,1482,1500,1488,alt=300.78
2026-04-16T18:09:47,Cruise,50.443053,30.454303,300.65,359.01,442.38,30.45,-441.33,1482,1500,1488,alt=300.65
2026-04-16T18:09:47,Cruise,50.443043,30.454294,300.52,359.01,441.84,31.53,-440.71,1482,1500,1488,alt=300.52
2026-04-16T18:09:47,Cruise,50.443023,30.454277,300.37,359.01,440.76,33.72,-439.47,1482,1500,1488,alt=300.37
2026-04-16T18:09:48,Cruise,50.443013,30.454268,300.25,359.01,440.23,34.82,-438.85,1482,1500,1488,alt=300.25
2026-04-16T18:09:48,Cruise,50.442994,30.454251,300.06,359.00,439.18,36.99,-437.62,1482,1500,1488,alt=300.06
2026-04-16T18:09:48,Cruise,50.442984,30.454242,299.97,359.00,438.65,38.08,-437.00,1482,1500,1488,alt=299.97
2026-04-16T18:09:49,Cruise,50.442974,30.454233,299.90,359.00,438.13,39.17,-436.38,1482,1500,1488,alt=299.90
2026-04-16T18:09:49,Cruise,50.442955,30.454216,299.84,359.00,437.10,41.34,-435.14,1482,1500,1488,alt=299.84
2026-04-16T18:09:49,Cruise,50.442945,30.454207,299.84,359.00,436.58,42.45,-434.51,1482,1500,1488,alt=299.84
2026-04-16T18:09:50,Cruise,50.442925,30.454189,299.90,358.99,435.56,44.64,-433.27,1482,1500,1488,alt=299.90
2026-04-16T18:09:50,Cruise,50.442915,30.454181,299.91,358.99,435.07,45.73,-432.66,1482,1500,1488,alt=299.91
2026-04-16T18:09:51,Cruise,50.442905,30.454172,299.92,358.99,434.57,46.82,-432.04,1482,1500,1488,alt=299.92
2026-04-16T18:09:51,Cruise,50.442886,30.454155,299.85,358.98,433.58,49.00,-430.80,1482,1500,1488,alt=299.85
2026-04-16T18:09:51,Cruise,50.442876,30.454146,299.83,358.98,433.09,50.09,-430.18,1482,1500,1488,alt=299.83
2026-04-16T18:09:52,Cruise,50.442856,30.454128,299.82,359.00,432.11,52.29,-428.94,1482,1500,1488,alt=299.82
2026-04-16T18:09:52,Cruise,50.442847,30.454120,299.85,359.00,431.63,53.38,-428.32,1482,1500,1488,alt=299.85
2026-04-16T18:09:52,Cruise,50.442837,30.454111,299.94,359.01,431.16,54.47,-427.70,1482,1500,1488,alt=299.94
2026-04-16T18:09:53,Cruise,50.442817,30.454094,300.13,359.01,430.23,56.64,-426.48,1482,1500,1488,alt=300.13
2026-04-16T18:09:53,Cruise,50.442807,30.454085,300.22,359.01,429.76,57.73,-425.87,1482,1500,1488,alt=300.22
2026-04-16T18:09:53,Cruise,50.442788,30.454068,300.29,359.01,428.84,59.89,-424.64,1482,1500,1488,alt=300.29
2026-04-16T18:09:54,Cruise,50.442778,30.454059,300.32,359.01,428.38,60.99,-424.02,1482,1500,1488,alt=300.32
2026-04-16T18:09:54,Cruise,50.442759,30.454042,300.42,359.02,427.48,63.16,-422.78,1482,1500,1488,alt=300.42
2026-04-16T18:09:54,Cruise,50.442749,30.454033,300.47,359.02,427.03,64.24,-422.17,1482,1500,1488,alt=300.47
2026-04-16T18:09:55,Cruise,50.442739,30.454024,300.55,359.02,426.60,65.33,-421.56,1482,1500,1488,alt=300.55
2026-04-16T18:09:55,Cruise,50.442720,30.454007,300.70,359.01,425.74,67.50,-420.35,1482,1500,1488,alt=300.70
2026-04-16T18:09:55,Cruise,50.442710,30.453999,300.79,359.01,425.32,68.58,-419.75,1482,1500,1488,alt=300.79
2026-04-16T18:09:56,Cruise,50.442700,30.453990,300.87,359.01,424.88,69.68,-419.13,1482,1500,1488,alt=300.87
2026-04-16T18:09:56,Cruise,50.442681,30.453973,301.00,359.01,424.04,71.86,-417.91,1482,1500,1488,alt=301.00
2026-04-16T18:09:57,Cruise,50.442671,30.453964,301.05,359.00,423.62,72.94,-417.30,1482,1500,1478,alt=301.05
2026-04-16T18:09:57,Cruise,50.442651,30.453947,301.22,359.01,422.79,75.11,-416.06,1482,1500,1478,alt=301.22
2026-04-16T18:09:57,Cruise,50.442642,30.453938,301.29,359.01,422.38,76.19,-415.45,1482,1500,1478,alt=301.29
2026-04-16T18:09:58,Cruise,50.442622,30.453921,301.30,359.01,421.57,78.37,-414.22,1482,1500,1478,alt=301.30
2026-04-16T18:09:58,Cruise,50.442612,30.453912,301.25,359.00,421.16,79.47,-413.60,1482,1500,1478,alt=301.25
2026-04-16T18:09:58,Cruise,50.442602,30.453903,301.18,359.00,420.76,80.56,-412.98,1482,1500,1478,alt=301.18
2026-04-16T18:09:59,Cruise,50.442583,30.453886,300.97,359.00,419.98,82.73,-411.75,1482,1500,1488,alt=300.97
2026-04-16T18:09:59,Cruise,50.442573,30.453877,300.84,359.00,419.60,83.82,-411.14,1482,1500,1488,alt=300.84
2026-04-16T18:09:59,Cruise,50.442554,30.453860,300.63,359.00,418.81,85.99,-409.89,1482,1500,1488,alt=300.63
2026-04-16T18:10:00,Cruise,50.442544,30.453851,300.56,359.00,418.44,87.09,-409.27,1482,1500,1488,alt=300.56
2026-04-16T18:10:00,Cruise,50.442534,30.453842,300.47,359.00,418.05,88.19,-408.64,1482,1500,1488,alt=300.47
2026-04-16T18:10:00,Cruise,50.442514,30.453825,300.32,359.00,417.31,90.38,-407.40,1482,1500,1488,alt=300.32
2026-04-16T18:10:01,Cruise,50.442504,30.453816,300.27,359.00,416.95,91.46,-406.79,1482,1500,1488,alt=300.27
2026-04-16T18:10:01,Cruise,50.442485,30.453799,300.31,359.01,416.22,93.65,-405.55,1482,1500,1488,alt=300.31
2026-04-16T18:10:01,Cruise,50.442475,30.453790,300.35,359.01,415.87,94.73,-404.93,1482,1500,1488,alt=300.35
2026-04-16T18:10:02,Cruise,50.442465,30.453781,300.40,359.01,415.52,95.84,-404.32,1482,1500,1488,alt=300.40
2026-04-16T18:10:02,Cruise,50.442445,30.453764,300.51,359.02,414.82,98.03,-403.07,1482,1500,1488,alt=300.51
2026-04-16T18:10:02,Cruise,50.442436,30.453755,300.52,359.02,414.48,99.13,-402.45,1482,1500,1488,alt=300.52
2026-04-16T18:10:03,Cruise,50.442416,30.453737,300.54,359.02,413.82,101.31,-401.23,1482,1500,1488,alt=300.54
2026-04-16T18:10:03,Cruise,50.442406,30.453729,300.57,359.02,413.49,102.40,-400.61,1482,1500,1488,alt=300.57
2026-04-16T18:10:04,Cruise,50.442396,30.453720,300.59,359.02,413.17,103.49,-399.99,1482,1500,1488,alt=300.59
2026-04-16T18:10:04,Cruise,50.442377,30.453703,300.60,359.01,412.54,105.70,-398.77,1482,1500,1488,alt=300.60
2026-04-16T18:10:04,Cruise,50.442366,30.453694,300.60,359.01,412.23,106.81,-398.15,1482,1500,1488,alt=300.60
2026-04-16T18:10:05,Cruise,50.442347,30.453677,300.62,359.01,411.61,108.99,-396.92,1482,1500,1488,alt=300.62
2026-04-16T18:10:05,Cruise,50.442337,30.453668,300.65,359.00,411.31,110.08,-396.31,1482,1500,1488,alt=300.65
2026-04-16T18:10:05,Cruise,50.442327,30.453659,300.65,359.00,411.01,111.19,-395.68,1482,1500,1488,alt=300.65
2026-04-16T18:10:06,Cruise,50.442307,30.453642,300.61,359.00,410.42,113.38,-394.45,1482,1500,1488,alt=300.61
2026-04-16T18:10:06,Cruise,50.442298,30.453633,300.55,359.00,410.14,114.48,-393.83,1482,1500,1488,alt=300.55
2026-04-16T18:10:06,Cruise,50.442278,30.453616,300.41,359.00,409.57,116.69,-392.60,1482,1500,1488,alt=300.41
2026-04-16T18:10:07,Cruise,50.442268,30.453607,300.30,359.00,409.31,117.79,-391.99,1482,1500,1488,alt=300.30
2026-04-16T18:10:07,Cruise,50.442248,30.453590,300.03,359.00,408.77,119.96,-390.77,1482,1500,1488,alt=300.03
2026-04-16T18:10:07,Cruise,50.442239,30.453581,299.92,359.00,408.51,121.05,-390.16,1482,1500,1488,alt=299.92
2026-04-16T18:10:08,Cruise,50.442229,30.453573,299.81,359.00,408.25,122.14,-389.55,1482,1500,1488,alt=299.81
2026-04-16T18:10:08,Cruise,50.442209,30.453555,299.53,359.00,407.73,124.32,-388.31,1482,1500,1488,alt=299.53
2026-04-16T18:10:08,Cruise,50.442199,30.453547,299.41,358.99,407.47,125.42,-387.69,1482,1500,1488,alt=299.41
2026-04-16T18:10:09,Cruise,50.442180,30.453529,299.19,358.99,406.98,127.61,-386.46,1482,1500,1488,alt=299.19
2026-04-16T18:10:09,Cruise,50.442170,30.453520,299.04,358.99,406.74,128.70,-385.85,1482,1500,1488,alt=299.04
2026-04-16T18:10:10,Cruise,50.442160,30.453512,298.91,358.99,406.50,129.79,-385.22,1482,1500,1492,alt=298.91
2026-04-16T18:10:10,Cruise,50.442140,30.453494,298.80,358.99,406.04,131.98,-383.99,1482,1500,1492,alt=298.80
2026-04-16T18:10:10,Cruise,50.442131,30.453485,298.75,359.00,405.80,133.07,-383.36,1482,1500,1492,alt=298.75
2026-04-16T18:10:11,Cruise,50.442111,30.453468,298.65,359.02,405.36,135.28,-382.12,1482,1500,1492,alt=298.65
2026-04-16T18:10:11,Cruise,50.442101,30.453459,298.63,359.03,405.13,136.37,-381.49,1482,1500,1492,alt=298.63
2026-04-16T18:10:11,Cruise,50.442091,30.453450,298.61,359.03,404.92,137.46,-380.88,1482,1500,1492,alt=298.61
2026-04-16T18:10:12,Cruise,50.442071,30.453433,298.60,359.03,404.49,139.65,-379.62,1482,1500,1492,alt=298.60
2026-04-16T18:10:12,Cruise,50.442062,30.453424,298.61,359.03,404.28,140.73,-379.00,1482,1500,1492,alt=298.61
2026-04-16T18:10:12,Cruise,50.442042,30.453406,298.73,359.03,403.88,142.93,-377.74,1482,1500,1492,alt=298.73
2026-04-16T18:10:13,Cruise,50.442032,30.453397,298.80,359.03,403.69,144.03,-377.12,1482,1500,1492,alt=298.80
2026-04-16T18:10:13,Cruise,50.442022,30.453388,298.89,359.03,403.49,145.13,-376.49,1482,1500,1492,alt=298.89
2026-04-16T18:10:13,Cruise,50.442003,30.453371,299.07,359.03,403.13,147.31,-375.25,1482,1500,1488,alt=299.07
2026-04-16T18:10:14,Cruise,50.441993,30.453362,299.17,359.03,402.95,148.40,-374.62,1482,1500,1488,alt=299.17
2026-04-16T18:10:14,Cruise,50.441973,30.453345,299.39,359.03,402.60,150.58,-373.38,1482,1500,1488,alt=299.39
2026-04-16T18:10:14,Cruise,50.441963,30.453336,299.48,359.03,402.43,151.67,-372.75,1482,1500,1488,alt=299.48
2026-04-16T18:10:15,Cruise,50.441954,30.453327,299.58,359.03,402.26,152.78,-372.12,1482,1500,1488,alt=299.58
2026-04-16T18:10:15,Cruise,50.441934,30.453309,299.69,359.03,401.95,154.95,-370.88,1482,1500,1488,alt=299.69
2026-04-16T18:10:15,Cruise,50.441924,30.453301,299.64,359.03,401.79,156.04,-370.26,1482,1500,1488,alt=299.64
2026-04-16T18:10:16,Cruise,50.441905,30.453283,299.61,359.03,401.50,158.23,-369.01,1482,1500,1488,alt=299.61
2026-04-16T18:10:16,Cruise,50.441895,30.453274,299.63,359.03,401.36,159.31,-368.39,1482,1500,1488,alt=299.63
2026-04-16T18:10:17,Cruise,50.441885,30.453265,299.69,359.03,401.22,160.41,-367.76,1482,1500,1488,alt=299.69
2026-04-16T18:10:17,Cruise,50.441865,30.453248,299.80,359.04,400.96,162.59,-366.51,1482,1500,1488,alt=299.80
2026-04-16T18:10:17,Cruise,50.441856,30.453239,299.87,359.04,400.84,163.68,-365.90,1482,1500,1488,alt=299.87
2026-04-16T18:10:18,Cruise,50.441836,30.453222,299.96,359.04,400.61,165.87,-364.66,1482,1500,1488,alt=299.96
2026-04-16T18:10:18,Cruise,50.441826,30.453213,300.02,359.04,400.51,166.96,-364.05,1482,1500,1488,alt=300.02
2026-04-16T18:10:18,Cruise,50.441817,30.453204,300.07,359.04,400.40,168.04,-363.43,1482,1500,1488,alt=300.07
2026-04-16T18:10:19,Cruise,50.441797,30.453187,300.15,359.04,400.20,170.23,-362.19,1482,1500,1488,alt=300.15
2026-04-16T18:10:19,Cruise,50.441787,30.453178,300.19,359.05,400.10,171.31,-361.57,1482,1500,1488,alt=300.19
2026-04-16T18:10:19,Cruise,50.441768,30.453161,300.30,359.05,399.94,173.48,-360.35,1482,1500,1488,alt=300.30
2026-04-16T18:10:20,Cruise,50.441758,30.453152,300.37,359.05,399.86,174.57,-359.74,1483,1500,1488,alt=300.37
2026-04-16T18:10:20,Cruise,50.441748,30.453144,300.46,359.05,399.78,175.65,-359.13,1483,1500,1488,alt=300.46
2026-04-16T18:10:20,Cruise,50.441729,30.453126,300.62,359.05,399.64,177.83,-357.89,1483,1500,1488,alt=300.62
2026-04-16T18:10:21,Cruise,50.441719,30.453118,300.68,359.05,399.58,178.94,-357.28,1483,1500,1488,alt=300.68
2026-04-16T18:10:21,Cruise,50.441699,30.453100,300.83,359.05,399.47,181.14,-356.04,1483,1500,1488,alt=300.83
2026-04-16T18:10:21,Cruise,50.441689,30.453091,300.89,359.05,399.41,182.22,-355.42,1483,1500,1488,alt=300.89
2026-04-16T18:10:22,Cruise,50.441670,30.453074,300.97,359.05,399.33,184.40,-354.20,1483,1500,1488,alt=300.97
2026-04-16T18:10:22,Cruise,50.441660,30.453066,301.00,359.04,399.29,185.49,-353.59,1483,1500,1488,alt=301.00
2026-04-16T18:10:23,Cruise,50.441650,30.453057,301.02,359.04,399.26,186.57,-352.99,1483,1500,1478,alt=301.02
2026-04-16T18:10:23,Cruise,50.441630,30.453040,301.04,359.03,399.21,188.75,-351.76,1483,1500,1478,alt=301.04
2026-04-16T18:10:23,Cruise,50.441621,30.453031,301.02,359.02,399.19,189.85,-351.15,1483,1500,1478,alt=301.02
2026-04-16T18:10:24,Cruise,50.441601,30.453014,300.93,359.01,399.16,192.02,-349.94,1483,1500,1488,alt=300.93
2026-04-16T18:10:24,Cruise,50.441591,30.453005,300.90,359.00,399.15,193.11,-349.32,1483,1500,1488,alt=300.90
2026-04-16T18:10:24,Cruise,50.441581,30.452997,300.85,359.00,399.14,194.20,-348.71,1483,1500,1488,alt=300.85
2026-04-16T18:10:25,Cruise,50.441562,30.452979,300.70,358.99,399.12,196.37,-347.47,1483,1500,1488,alt=300.70
2026-04-16T18:10:25,Cruise,50.441552,30.452970,300.62,358.99,399.13,197.48,-346.85,1483,1500,1488,alt=300.62
2026-04-16T18:10:25,Cruise,50.441532,30.452953,300.45,358.98,399.15,199.66,-345.62,1483,1500,1488,alt=300.45
2026-04-16T18:10:26,Cruise,50.441523,30.452944,300.38,358.98,399.16,200.74,-345.01,1483,1500,1488,alt=300.38
2026-04-16T18:10:26,Cruise,50.441513,30.452936,300.32,358.98,399.18,201.82,-344.40,1483,1500,1488,alt=300.32
2026-04-16T18:10:26,Cruise,50.441493,30.452919,300.23,359.00,399.23,203.99,-343.18,1483,1500,1488,alt=300.23
2026-04-16T18:10:27,Cruise,50.441484,30.452910,300.21,359.01,399.27,205.08,-342.57,1483,1500,1488,alt=300.21
2026-04-16T18:10:27,Cruise,50.441464,30.452893,300.21,359.01,399.34,207.27,-341.34,1483,1500,1488,alt=300.21
2026-04-16T18:10:27,Cruise,50.441454,30.452884,300.20,359.02,399.38,208.36,-340.73,1483,1500,1488,alt=300.20
2026-04-16T18:10:28,Cruise,50.441445,30.452876,300.19,359.02,399.43,209.44,-340.12,1483,1500,1488,alt=300.19
2026-04-16T18:10:28,Cruise,50.441425,30.452858,300.14,359.02,399.54,211.61,-338.90,1484,1500,1488,alt=300.14
2026-04-16T18:10:28,Cruise,50.441415,30.452850,300.14,359.02,399.60,212.70,-338.29,1484,1500,1488,alt=300.14
2026-04-16T18:10:29,Cruise,50.441396,30.452832,300.12,359.01,399.73,214.89,-337.05,1484,1500,1488,alt=300.12
2026-04-16T18:10:29,Cruise,50.441386,30.452824,300.11,359.01,399.80,215.99,-336.44,1484,1500,1488,alt=300.11
2026-04-16T18:10:30,Cruise,50.441376,30.452815,300.11,359.01,399.88,217.09,-335.82,1484,1500,1488,alt=300.11
2026-04-16T18:10:30,Cruise,50.441356,30.452797,300.09,359.01,400.03,219.24,-334.59,1484,1500,1488,alt=300.09
2026-04-16T18:10:30,Cruise,50.441347,30.452789,300.11,359.01,400.12,220.34,-333.98,1484,1500,1488,alt=300.11
2026-04-16T18:10:31,Cruise,50.441327,30.452772,300.15,359.01,400.30,222.52,-332.75,1484,1500,1488,alt=300.15
2026-04-16T18:10:31,Cruise,50.441317,30.452763,300.15,359.01,400.39,223.61,-332.13,1484,1500,1488,alt=300.15
2026-04-16T18:10:31,Cruise,50.441308,30.452754,300.15,359.01,400.48,224.70,-331.50,1484,1500,1488,alt=300.15
2026-04-16T18:10:32,Cruise,50.441288,30.452736,300.19,359.01,400.68,226.87,-330.26,1484,1500,1488,alt=300.19
2026-04-16T18:10:32,Cruise,50.441278,30.452728,300.28,359.01,400.78,227.95,-329.64,1484,1500,1488,alt=300.28
2026-04-16T18:10:32,Cruise,50.441259,30.452710,300.50,359.01,400.99,230.13,-328.38,1484,1500,1488,alt=300.50
2026-04-16T18:10:33,Cruise,50.441249,30.452701,300.62,359.01,401.11,231.21,-327.76,1484,1500,1488,alt=300.62
2026-04-16T18:10:33,Cruise,50.441239,30.452692,300.74,359.01,401.23,232.30,-327.14,1484,1500,1488,alt=300.74
2026-04-16T18:10:33,Cruise,50.441220,30.452674,300.86,359.01,401.47,234.50,-325.87,1484,1500,1488,alt=300.86
2026-04-16T18:10:34,Cruise,50.441210,30.452665,300.91,359.01,401.59,235.58,-325.24,1484,1500,1488,alt=300.91
2026-04-16T18:10:34,Cruise,50.441190,30.452648,301.02,359.01,401.86,237.75,-323.99,1484,1500,1478,alt=301.02
2026-04-16T18:10:34,Cruise,50.441181,30.452639,301.10,359.02,402.01,238.84,-323.37,1484,1500,1478,alt=301.10
2026-04-16T18:10:35,Cruise,50.441161,30.452622,301.22,359.02,402.31,241.01,-322.13,1484,1500,1478,alt=301.22
2026-04-16T18:10:35,Cruise,50.441151,30.452613,301.21,359.03,402.47,242.10,-321.52,1484,1500,1478,alt=301.21
2026-04-16T18:10:36,Cruise,50.441141,30.452604,301.18,359.03,402.64,243.20,-320.89,1484,1500,1478,alt=301.18
2026-04-16T18:10:36,Cruise,50.441122,30.452587,301.18,359.04,402.98,245.36,-319.67,1485,1500,1478,alt=301.18
2026-04-16T18:10:36,Cruise,50.441112,30.452578,301.17,359.04,403.16,246.45,-319.06,1485,1500,1478,alt=301.17
2026-04-16T18:10:37,Cruise,50.441093,30.452561,301.15,359.05,403.53,248.61,-317.85,1485,1500,1478,alt=301.15
2026-04-16T18:10:37,Cruise,50.441083,30.452553,301.13,359.05,403.72,249.69,-317.24,1485,1500,1478,alt=301.13
2026-04-16T18:10:37,Cruise,50.441073,30.452544,301.11,359.03,403.91,250.78,-316.62,1485,1500,1478,alt=301.11
2026-04-16T18:10:38,Cruise,50.441054,30.452527,300.98,359.01,404.31,252.96,-315.40,1488,1490,1488,alt=300.98
2026-04-16T18:10:38,Cruise,50.441044,30.452518,300.89,359.00,404.52,254.05,-314.79,1488,1490,1488,alt=300.89
2026-04-16T18:10:38,Cruise,50.441024,30.452501,300.72,359.00,404.93,256.23,-313.56,1488,1490,1488,alt=300.72
2026-04-16T18:10:39,Cruise,50.441015,30.452492,300.63,359.00,405.15,257.32,-312.94,1488,1490,1488,alt=300.63
2026-04-16T18:10:39,Cruise,50.441005,30.452483,300.55,358.99,405.36,258.40,-312.33,1488,1490,1488,alt=300.55
2026-04-16T18:10:39,Cruise,50.440985,30.452466,300.37,358.99,405.81,260.59,-311.09,1488,1490,1488,alt=300.37
2026-04-16T18:10:40,Cruise,50.440975,30.452457,300.30,358.99,406.04,261.68,-310.47,1488,1490,1488,alt=300.30
2026-04-16T18:10:40,Cruise,50.440956,30.452440,300.25,358.99,406.51,263.85,-309.24,1488,1490,1488,alt=300.25
2026-04-16T18:10:40,Cruise,50.440946,30.452431,300.22,358.98,406.75,264.94,-308.63,1488,1490,1488,alt=300.22
2026-04-16T18:10:41,Cruise,50.440936,30.452423,300.19,358.98,407.00,266.02,-308.03,1488,1490,1488,alt=300.19
2026-04-16T18:10:41,Cruise,50.440917,30.452405,300.17,359.00,407.50,268.20,-306.80,1488,1490,1488,alt=300.17
2026-04-16T18:10:41,Cruise,50.440907,30.452397,300.16,359.00,407.76,269.29,-306.19,1488,1490,1488,alt=300.16
2026-04-16T18:10:42,Cruise,50.440887,30.452379,300.27,359.00,408.30,271.49,-304.96,1488,1490,1488,alt=300.27
2026-04-16T18:10:42,Cruise,50.440877,30.452371,300.33,359.00,408.57,272.58,-304.35,1488,1490,1488,alt=300.33
2026-04-16T18:10:43,Cruise,50.440868,30.452362,300.41,359.00,408.85,273.67,-303.75,1488,1490,1488,alt=300.41
2026-04-16T18:10:43,Cruise,50.440848,30.452345,300.54,359.00,409.41,275.85,-302.53,1488,1489,1488,alt=300.54
2026-04-16T18:10:43,Cruise,50.440838,30.452337,300.62,358.99,409.70,276.94,-301.93,1488,1489,1488,alt=300.62
2026-04-16T18:10:44,Cruise,50.440818,30.452319,300.78,359.00,410.30,279.15,-300.70,1488,1489,1488,alt=300.78
2026-04-16T18:10:44,Cruise,50.440809,30.452311,300.89,359.01,410.60,280.24,-300.09,1488,1489,1488,alt=300.89
2026-04-16T18:10:44,Cruise,50.440799,30.452302,300.96,359.01,410.90,281.34,-299.48,1489,1489,1488,alt=300.96
2026-04-16T18:10:45,Cruise,50.440779,30.452285,301.12,359.01,411.52,283.52,-298.26,1489,1489,1478,alt=301.12
2026-04-16T18:10:45,Cruise,50.440769,30.452276,301.21,359.01,411.84,284.62,-297.66,1489,1489,1478,alt=301.21
2026-04-16T18:10:45,Cruise,50.440749,30.452259,301.25,359.01,412.49,286.83,-296.45,1489,1489,1478,alt=301.25
2026-04-16T18:10:46,Cruise,50.440739,30.452251,301.19,359.01,412.83,287.94,-295.83,1489,1489,1478,alt=301.19
2026-04-16T18:10:46,Cruise,50.440730,30.452242,301.09,359.01,413.16,289.04,-295.22,1489,1489,1478,alt=301.09
2026-04-16T18:10:46,Cruise,50.440710,30.452225,300.83,359.01,413.84,291.24,-294.01,1489,1489,1488,alt=300.83
2026-04-16T18:10:47,Cruise,50.440700,30.452216,300.71,359.01,414.17,292.34,-293.39,1489,1489,1488,alt=300.71
2026-04-16T18:10:47,Cruise,50.440680,30.452199,300.49,359.01,414.87,294.54,-292.17,1489,1489,1488,alt=300.49
2026-04-16T18:10:47,Cruise,50.440670,30.452191,300.42,359.01,415.23,295.64,-291.56,1489,1489,1488,alt=300.42
2026-04-16T18:10:48,Cruise,50.440650,30.452173,300.30,359.01,415.96,297.87,-290.34,1489,1489,1488,alt=300.30
2026-04-16T18:10:48,Cruise,50.440640,30.452164,300.25,359.01,416.32,298.97,-289.72,1489,1489,1488,alt=300.25
2026-04-16T18:10:49,Cruise,50.440630,30.452156,300.20,359.01,416.69,300.06,-289.12,1489,1488,1488,alt=300.20
2026-04-16T18:10:49,Cruise,50.440611,30.452139,300.12,359.02,417.43,302.27,-287.90,1489,1488,1488,alt=300.12
2026-04-16T18:10:49,Cruise,50.440601,30.452130,300.08,359.02,417.81,303.37,-287.29,1489,1488,1488,alt=300.08
2026-04-16T18:10:50,Cruise,50.440581,30.452113,300.12,359.03,418.57,305.56,-286.07,1489,1488,1488,alt=300.12
2026-04-16T18:10:50,Cruise,50.440571,30.452104,300.20,359.03,418.96,306.66,-285.45,1489,1488,1488,alt=300.20
2026-04-16T18:10:50,Cruise,50.440561,30.452096,300.26,359.03,419.34,307.76,-284.84,1489,1488,1488,alt=300.26
2026-04-16T18:10:51,Cruise,50.440542,30.452078,300.30,359.04,420.14,309.96,-283.62,1489,1488,1488,alt=300.30
2026-04-16T18:10:51,Cruise,50.440532,30.452070,300.32,359.04,420.53,311.05,-283.00,1489,1488,1488,alt=300.32
2026-04-16T18:10:51,Cruise,50.440512,30.452052,300.38,359.04,421.33,313.25,-281.77,1489,1488,1488,alt=300.38
2026-04-16T18:10:52,Cruise,50.440502,30.452043,300.40,359.04,421.74,314.36,-281.14,1489,1488,1488,alt=300.40
2026-04-16T18:10:52,Cruise,50.440492,30.452035,300.42,359.04,422.15,315.47,-280.52,1489,1488,1488,alt=300.42
2026-04-16T18:10:52,Cruise,50.440472,30.452017,300.47,359.05,422.98,317.67,-279.28,1489,1488,1488,alt=300.47
2026-04-16T18:10:53,Cruise,50.440463,30.452009,300.51,359.05,423.40,318.76,-278.67,1489,1488,1488,alt=300.51
2026-04-16T18:10:53,Cruise,50.440443,30.451991,300.57,359.05,424.25,320.97,-277.44,1489,1488,1488,alt=300.57
2026-04-16T18:10:53,Cruise,50.440433,30.451982,300.57,359.06,424.68,322.06,-276.82,1489,1488,1488,alt=300.57
2026-04-16T18:10:54,Cruise,50.440423,30.451974,300.56,359.06,425.11,323.16,-276.20,1489,1488,1488,alt=300.56
2026-04-16T18:10:54,Cruise,50.440403,30.451956,300.56,359.04,425.99,325.38,-274.95,1490,1487,1488,alt=300.56
2026-04-16T18:10:55,Cruise,50.440393,30.451947,300.56,359.03,426.42,326.47,-274.32,1490,1487,1488,alt=300.56
2026-04-16T18:10:55,Cruise,50.440374,30.451930,300.58,359.02,427.29,328.64,-273.08,1490,1487,1488,alt=300.58
2026-04-16T18:10:55,Cruise,50.440364,30.451921,300.59,359.02,427.72,329.72,-272.45,1490,1487,1488,alt=300.59
2026-04-16T18:10:56,Cruise,50.440354,30.451912,300.62,359.02,428.16,330.81,-271.82,1490,1487,1488,alt=300.62
2026-04-16T18:10:56,Cruise,50.440335,30.451894,300.70,359.02,429.06,332.99,-270.57,1490,1487,1488,alt=300.70
2026-04-16T18:10:56,Cruise,50.440325,30.451885,300.76,359.02,429.52,334.09,-269.94,1490,1487,1488,alt=300.76
2026-04-16T18:10:57,Cruise,50.440305,30.451868,300.88,359.02,430.43,336.26,-268.69,1500,1484,1488,alt=300.88
2026-04-16T18:10:57,Cruise,50.440295,30.451859,300.91,359.02,430.89,337.36,-268.06,1500,1484,1488,alt=300.91
2026-04-16T18:10:57,Cruise,50.440286,30.451850,301.00,359.02,431.36,338.45,-267.44,1500,1484,1478,alt=301.00
2026-04-16T18:10:58,Cruise,50.440266,30.451833,301.34,359.01,432.30,340.62,-266.21,1500,1483,1478,alt=301.34
2026-04-16T18:10:58,Cruise,50.440256,30.451824,301.51,359.01,432.78,341.71,-265.59,1500,1483,1478,alt=301.51
2026-04-16T18:10:58,Cruise,50.440237,30.451806,301.88,359.01,433.75,343.89,-264.34,1500,1483,1478,alt=301.88
2026-04-16T18:10:59,Cruise,50.440227,30.451798,302.08,359.00,434.24,344.98,-263.73,1500,1483,1478,alt=302.08
2026-04-16T18:10:59,Cruise,50.440217,30.451789,302.25,359.00,434.73,346.06,-263.12,1500,1483,1478,alt=302.25
2026-04-16T18:10:59,Cruise,50.440198,30.451772,302.37,359.00,435.71,348.22,-261.88,1500,1483,1478,alt=302.37
2026-04-16T18:11:00,Cruise,50.440188,30.451763,302.41,359.00,436.20,349.30,-261.27,1500,1483,1478,alt=302.41
2026-04-16T18:11:00,Cruise,50.440169,30.451746,302.38,359.00,437.20,351.47,-260.03,1500,1483,1478,alt=302.38
2026-04-16T18:11:00,Cruise,50.440159,30.451737,302.29,359.00,437.71,352.56,-259.40,1500,1483,1478,alt=302.29
2026-04-16T18:11:01,Cruise,50.440139,30.451719,302.08,359.00,438.73,354.73,-258.17,1500,1483,1478,alt=302.08
2026-04-16T18:11:01,Cruise,50.440130,30.451711,301.98,358.99,439.25,355.82,-257.55,1500,1483,1478,alt=301.98
2026-04-16T18:11:02,Cruise,50.440120,30.451702,301.89,358.99,439.76,356.90,-256.93,1500,1483,1478,alt=301.89
2026-04-16T18:11:02,Cruise,50.440100,30.451684,301.71,358.99,440.81,359.07,-255.69,1500,1483,1478,alt=301.71
2026-04-16T18:11:02,Cruise,50.440091,30.451676,301.61,358.99,441.34,360.16,-255.08,1500,1482,1478,alt=301.61
2026-04-16T18:11:03,Cruise,50.440071,30.451658,301.45,359.00,442.42,362.36,-253.83,1500,1482,1478,alt=301.45
2026-04-16T18:11:03,Cruise,50.440061,30.451649,301.38,359.01,442.96,363.45,-253.21,1500,1482,1478,alt=301.38
2026-04-16T18:11:03,Cruise,50.440051,30.451641,301.31,359.02,443.49,364.53,-252.60,1500,1482,1478,alt=301.31
2026-04-16T18:11:04,Cruise,50.440032,30.451624,301.11,359.03,444.59,366.71,-251.37,1500,1482,1478,alt=301.11
2026-04-16T18:11:04,Cruise,50.440022,30.451615,300.96,359.03,445.14,367.79,-250.76,1500,1482,1488,alt=300.96
2026-04-16T18:11:04,Cruise,50.440002,30.451597,300.67,359.03,446.26,369.98,-249.51,1500,1482,1488,alt=300.67
2026-04-16T18:11:05,Cruise,50.439993,30.451589,300.52,359.03,446.81,371.06,-248.90,1500,1482,1488,alt=300.52
2026-04-16T18:11:05,Cruise,50.439983,30.451580,300.38,359.03,447.38,372.17,-248.28,1500,1482,1488,alt=300.38
2026-04-16T18:11:05,Cruise,50.439963,30.451562,300.20,359.03,448.50,374.34,-247.04,1500,1482,1488,alt=300.20
2026-04-16T18:11:06,Cruise,50.439954,30.451554,300.12,359.02,449.08,375.43,-246.42,1500,1482,1488,alt=300.12
2026-04-16T18:11:06,Cruise,50.439934,30.451536,300.02,359.02,450.23,377.61,-245.19,1500,1482,1488,alt=300.02
2026-04-16T18:11:06,Cruise,50.439924,30.451528,299.96,359.02,450.81,378.71,-244.56,1500,1482,1488,alt=299.96
2026-04-16T18:11:07,Cruise,50.439914,30.451519,299.94,359.02,451.39,379.80,-243.93,1500,1482,1488,alt=299.94
2026-04-16T18:11:07,Cruise,50.439895,30.451501,299.86,359.02,452.55,381.97,-242.68,1500,1482,1488,alt=299.86
2026-04-16T18:11:08,Cruise,50.439885,30.451492,299.80,359.02,453.14,383.06,-242.07,1500,1482,1488,alt=299.80
2026-04-16T18:11:08,Cruise,50.439865,30.451475,299.65,359.03,454.33,385.25,-240.83,1500,1482,1488,alt=299.65
2026-04-16T18:11:08,Cruise,50.439856,30.451466,299.58,359.03,454.91,386.32,-240.20,1500,1482,1488,alt=299.58
2026-04-16T18:11:09,Cruise,50.439846,30.451457,299.50,359.03,455.51,387.42,-239.58,1500,1482,1488,alt=299.50
2026-04-16T18:11:09,Cruise,50.439826,30.451440,299.36,359.03,456.72,389.61,-238.33,1500,1482,1488,alt=299.36
2026-04-16T18:11:09,Cruise,50.439816,30.451431,299.32,359.03,457.33,390.70,-237.72,1500,1482,1488,alt=299.32
2026-04-16T18:11:10,Cruise,50.439797,30.451414,299.28,359.03,458.55,392.87,-236.48,1500,1482,1488,alt=299.28
2026-04-16T18:11:10,Cruise,50.439787,30.451405,299.30,359.03,459.17,393.96,-235.86,1500,1482,1488,alt=299.30
2026-04-16T18:11:10,Cruise,50.439777,30.451396,299.36,359.03,459.79,395.05,-235.25,1500,1482,1488,alt=299.36
2026-04-16T18:11:11,Cruise,50.439757,30.451379,299.50,359.04,461.05,397.25,-234.01,1500,1482,1488,alt=299.50
2026-04-16T18:11:11,Cruise,50.439748,30.451370,299.56,359.04,461.68,398.34,-233.40,1500,1482,1488,alt=299.56
2026-04-16T18:11:11,Cruise,50.439728,30.451353,299.68,359.05,462.93,400.50,-232.17,1500,1482,1488,alt=299.68
2026-04-16T18:11:12,Cruise,50.439718,30.451344,299.74,359.06,463.57,401.59,-231.56,1500,1482,1488,alt=299.74
2026-04-16T18:11:12,Cruise,50.439699,30.451327,299.84,359.03,464.83,403.75,-230.34,1500,1482,1488,alt=299.84
2026-04-16T18:11:12,Cruise,50.439689,30.451318,299.89,359.03,465.48,404.84,-229.73,1500,1482,1488,alt=299.89
2026-04-16T18:11:13,Cruise,50.439680,30.451310,299.95,359.03,466.11,405.92,-229.12,1500,1482,1488,alt=299.95
2026-04-16T18:11:13,Cruise,50.439660,30.451292,300.12,359.02,467.43,408.11,-227.89,1500,1482,1488,alt=300.12
2026-04-16T18:11:13,Cruise,50.439650,30.451284,300.21,359.02,468.07,409.19,-227.28,1500,1482,1488,alt=300.21
2026-04-16T18:11:14,Cruise,50.439641,30.451275,300.31,359.02,468.72,410.27,-226.66,1500,1482,1488,alt=300.31
2026-04-16T18:11:14,Cruise,50.439621,30.451258,300.55,359.02,470.04,412.45,-225.43,1500,1482,1488,alt=300.55
2026-04-16T18:11:15,Cruise,50.439611,30.451249,300.70,359.01,470.70,413.54,-224.82,1500,1482,1488,alt=300.70
2026-04-16T18:11:15,Cruise,50.439591,30.451232,300.98,359.01,472.05,415.74,-223.59,1500,1482,1488,alt=300.98
2026-04-16T18:11:15,Cruise,50.439582,30.451223,301.11,359.01,472.71,416.82,-222.97,1500,1482,1478,alt=301.11
2026-04-16T18:11:16,Cruise,50.439562,30.451206,301.28,359.01,474.05,418.99,-221.74,1500,1482,1478,alt=301.28
2026-04-16T18:11:16,Cruise,50.439552,30.451197,301.26,359.00,474.72,420.08,-221.13,1500,1482,1478,alt=301.26
2026-04-16T18:11:16,Cruise,50.439543,30.451188,301.21,359.00,475.40,421.16,-220.52,1500,1482,1478,alt=301.21
2026-04-16T18:11:17,Cruise,50.439523,30.451171,301.12,359.00,476.75,423.33,-219.29,1500,1482,1478,alt=301.12
2026-04-16T18:11:17,Cruise,50.439513,30.451162,301.08,359.00,477.45,424.43,-218.67,1500,1482,1478,alt=301.08
2026-04-16T18:11:17,Cruise,50.439494,30.451145,300.94,358.99,478.82,426.60,-217.44,1500,1482,1488,alt=300.94
2026-04-16T18:11:18,Cruise,50.439484,30.451136,300.85,358.99,479.50,427.67,-216.83,1500,1482,1488,alt=300.85
2026-04-16T18:11:18,Cruise,50.439475,30.451128,300.77,358.99,480.18,428.75,-216.22,1500,1482,1488,alt=300.77
2026-04-16T18:11:18,Cruise,50.439455,30.451110,300.63,358.99,481.58,430.92,-215.00,1500,1482,1488,alt=300.63
2026-04-16T18:11:19,Cruise,50.439445,30.451102,300.56,358.99,482.27,432.00,-214.39,1500,1482,1488,alt=300.56
2026-04-16T18:11:19,Cruise,50.439426,30.451084,300.49,358.99,483.68,434.18,-213.15,1500,1482,1488,alt=300.49
2026-04-16T18:11:19,Cruise,50.439416,30.451076,300.49,358.99,484.38,435.26,-212.53,1500,1482,1488,alt=300.49
2026-04-16T18:11:20,Cruise,50.439406,30.451067,300.47,358.98,485.08,436.34,-211.92,1500,1482,1488,alt=300.47
2026-04-16T18:11:20,Cruise,50.439387,30.451050,300.43,358.98,486.51,438.52,-210.69,1500,1482,1488,alt=300.43
2026-04-16T18:11:21,Cruise,50.439377,30.451041,300.44,358.98,487.23,439.61,-210.07,1500,1482,1488,alt=300.44
2026-04-16T18:11:21,Cruise,50.439357,30.451024,300.46,358.98,488.67,441.80,-208.83,1500,1482,1488,alt=300.46
2026-04-16T18:11:21,Cruise,50.439347,30.451015,300.48,358.98,489.41,442.91,-208.21,1500,1482,1488,alt=300.48
2026-04-16T18:11:22,Cruise,50.439338,30.451006,300.52,358.98,490.13,444.00,-207.59,1500,1482,1488,alt=300.52
2026-04-16T18:11:22,Cruise,50.439318,30.450989,300.54,358.98,491.60,446.19,-206.36,1500,1482,1488,alt=300.54
2026-04-16T18:11:22,Cruise,50.439308,30.450980,300.54,358.99,492.33,447.28,-205.74,1500,1482,1488,alt=300.54
2026-04-16T18:11:23,Cruise,50.439288,30.450963,300.55,359.02,493.82,449.48,-204.52,1500,1482,1488,alt=300.55
2026-04-16T18:11:23,Cruise,50.439279,30.450954,300.57,359.02,494.56,450.57,-203.90,1500,1482,1488,alt=300.57
2026-04-16T18:11:23,Cruise,50.439268,30.450945,300.56,359.03,495.31,451.68,-203.28,1500,1482,1488,alt=300.56
2026-04-16T18:11:24,Cruise,50.439249,30.450928,300.54,359.04,496.80,453.86,-202.05,1500,1482,1488,alt=300.54
2026-04-16T18:11:24,Cruise,50.439239,30.450919,300.53,359.05,497.55,454.94,-201.45,1500,1482,1488,alt=300.53
2026-04-16T18:11:24,Cruise,50.439220,30.450902,300.54,359.05,499.04,457.11,-200.23,1500,1482,1488,alt=300.54
2026-04-16T18:11:25,Cruise,50.439210,30.450893,300.54,359.04,499.79,458.19,-199.62,1500,1482,1488,alt=300.54
