2026-04-16 17:40:17,620 | Connecting to vehicle...
2026-04-16 17:40:18,539 | Connected successfully
2026-04-16 17:40:18,540 | Connection string: tcp:127.0.0.1:5762
2026-04-16 17:40:18,541 | Connected | lat=50.450739 lon=30.461241 alt=0.01m yaw=358.08deg | initial connection ok
2026-04-16 17:40:18,541 | Checking if vehicle is armable...
2026-04-16 17:40:18,541 | Vehicle is armable
2026-04-16 17:40:18,541 | Start check | expected A=50.450739,30.461242 | current=50.450739,30.461241 | dist=0.1m
2026-04-16 17:40:18,542 | Switching mode to STABILIZE...
2026-04-16 17:40:18,542 | Waiting for STABILIZE mode...
2026-04-16 17:40:19,543 | Mode switched to STABILIZE
2026-04-16 17:40:19,544 | Arming vehicle...
2026-04-16 17:40:19,548 | Waiting for arming...
2026-04-16 17:40:20,550 | Vehicle armed successfully
2026-04-16 17:40:20,551 | Armed | lat=50.450739 lon=30.461241 alt=0.00m yaw=358.08deg | vehicle armed
2026-04-16 17:40:20,551 | Fixed yaw captured for the whole flight: 358.08 deg
2026-04-16 17:40:20,552 | Climb to calibration alt to 20.00 m
2026-04-16 17:40:20,553 | Climb to calibration alt | lat=50.450739 lon=30.461241 alt=0.00m yaw=358.08deg | roll=- pitch=- throttle=1520
2026-04-16 17:40:20,904 | Climb to calibration alt | lat=50.450739 lon=30.461241 alt=0.00m yaw=358.08deg | roll=- pitch=- throttle=1520
2026-04-16 17:40:21,256 | Climb to calibration alt | lat=50.450739 lon=30.461241 alt=0.00m yaw=358.08deg | roll=- pitch=- throttle=1520
2026-04-16 17:40:21,607 | Climb to calibration alt | lat=50.450739 lon=30.461241 alt=0.00m yaw=358.08deg | roll=- pitch=- throttle=1520
2026-04-16 17:40:21,962 | Climb to calibration alt | lat=50.450739 lon=30.461241 alt=0.00m yaw=358.08deg | roll=- pitch=- throttle=1520
2026-04-16 17:40:22,385 | Climb to calibration alt | lat=50.450739 lon=30.461241 alt=0.00m yaw=358.08deg | roll=- pitch=- throttle=1520
2026-04-16 17:40:22,764 | Climb to calibration alt | lat=50.450739 lon=30.461241 alt=0.03m yaw=358.08deg | roll=- pitch=- throttle=1520
2026-04-16 17:40:23,164 | Climb to calibration alt | lat=50.450739 lon=30.461241 alt=0.06m yaw=358.08deg | roll=- pitch=- throttle=1520
2026-04-16 17:40:23,547 | Climb to calibration alt | lat=50.450739 lon=30.461241 alt=0.10m yaw=358.08deg | roll=- pitch=- throttle=1520
2026-04-16 17:40:23,898 | Climb to calibration alt | lat=50.450739 lon=30.461241 alt=0.11m yaw=358.08deg | roll=- pitch=- throttle=1520
2026-04-16 17:40:24,249 | Climb to calibration alt | lat=50.450739 lon=30.461241 alt=0.12m yaw=358.08deg | roll=- pitch=- throttle=1520
2026-04-16 17:40:24,600 | Climb to calibration alt | lat=50.450739 lon=30.461241 alt=0.72m yaw=358.09deg | roll=- pitch=- throttle=1520
2026-04-16 17:40:24,951 | Climb to calibration alt | lat=50.450739 lon=30.461241 alt=1.08m yaw=358.09deg | roll=- pitch=- throttle=1520
2026-04-16 17:40:25,302 | Climb to calibration alt | lat=50.450739 lon=30.461242 alt=1.89m yaw=358.09deg | roll=- pitch=- throttle=1520
2026-04-16 17:40:25,656 | Climb to calibration alt | lat=50.450739 lon=30.461242 alt=2.27m yaw=358.09deg | roll=- pitch=- throttle=1520
2026-04-16 17:40:26,007 | Climb to calibration alt | lat=50.450739 lon=30.461242 alt=2.67m yaw=358.09deg | roll=- pitch=- throttle=1520
2026-04-16 17:40:26,359 | Climb to calibration alt | lat=50.450738 lon=30.461243 alt=3.53m yaw=359.35deg | roll=- pitch=- throttle=1520
2026-04-16 17:40:26,711 | Climb to calibration alt | lat=50.450738 lon=30.461243 alt=4.02m yaw=359.25deg | roll=- pitch=- throttle=1520
2026-04-16 17:40:27,062 | Climb to calibration alt | lat=50.450738 lon=30.461243 alt=4.97m yaw=359.18deg | roll=- pitch=- throttle=1520
2026-04-16 17:40:27,413 | Climb to calibration alt | lat=50.450738 lon=30.461243 alt=5.39m yaw=359.20deg | roll=- pitch=- throttle=1520
2026-04-16 17:40:27,765 | Climb to calibration alt | lat=50.450738 lon=30.461243 alt=5.77m yaw=359.20deg | roll=- pitch=- throttle=1520
2026-04-16 17:40:28,117 | Climb to calibration alt | lat=50.450738 lon=30.461243 alt=6.66m yaw=359.18deg | roll=- pitch=- throttle=1520
2026-04-16 17:40:28,468 | Climb to calibration alt | lat=50.450738 lon=30.461243 alt=7.11m yaw=359.17deg | roll=- pitch=- throttle=1520
2026-04-16 17:40:28,819 | Climb to calibration alt reached pre-target zone at 8.01 m
2026-04-16 17:40:29,822 | Calibration altitude stabilize at 20.00 m
2026-04-16 17:40:29,822 | Calibration altitude stabilize | lat=50.450737 lon=30.461244 alt=9.43m yaw=359.21deg | dist=1245.6m | roll=- pitch=- throttle=1504 | alt_err=10.57 vz_down=-1.25 stable=0/4
2026-04-16 17:40:30,174 | Calibration altitude stabilize | lat=50.450736 lon=30.461244 alt=9.76m yaw=359.21deg | dist=1245.6m | roll=- pitch=- throttle=1504 | alt_err=10.24 vz_down=-1.34 stable=0/4
2026-04-16 17:40:30,525 | Calibration altitude stabilize | lat=50.450736 lon=30.461245 alt=10.08m yaw=359.22deg | dist=1245.6m | roll=- pitch=- throttle=1504 | alt_err=9.92 vz_down=-1.12 stable=0/4
2026-04-16 17:40:30,877 | Calibration altitude stabilize | lat=50.450736 lon=30.461245 alt=10.61m yaw=359.21deg | dist=1245.6m | roll=- pitch=- throttle=1504 | alt_err=9.39 vz_down=-1.13 stable=0/4
2026-04-16 17:40:31,228 | Calibration altitude stabilize | lat=50.450736 lon=30.461245 alt=10.91m yaw=359.22deg | dist=1245.6m | roll=- pitch=- throttle=1504 | alt_err=9.09 vz_down=-1.30 stable=0/4
2026-04-16 17:40:31,580 | Calibration altitude stabilize | lat=50.450736 lon=30.461246 alt=11.44m yaw=359.23deg | dist=1245.6m | roll=- pitch=- throttle=1504 | alt_err=8.56 vz_down=-0.94 stable=0/4
2026-04-16 17:40:31,932 | Calibration altitude stabilize | lat=50.450736 lon=30.461246 alt=11.68m yaw=359.22deg | dist=1245.6m | roll=- pitch=- throttle=1504 | alt_err=8.32 vz_down=-0.99 stable=0/4
2026-04-16 17:40:32,284 | Calibration altitude stabilize | lat=50.450735 lon=30.461246 alt=12.15m yaw=359.22deg | dist=1245.6m | roll=- pitch=- throttle=1504 | alt_err=7.85 vz_down=-0.85 stable=0/4
2026-04-16 17:40:32,634 | Calibration altitude stabilize | lat=50.450735 lon=30.461247 alt=12.35m yaw=359.23deg | dist=1245.6m | roll=- pitch=- throttle=1504 | alt_err=7.65 vz_down=-0.86 stable=0/4
2026-04-16 17:40:32,987 | Calibration altitude stabilize | lat=50.450735 lon=30.461247 alt=12.58m yaw=359.24deg | dist=1245.6m | roll=- pitch=- throttle=1504 | alt_err=7.42 vz_down=-0.97 stable=0/4
2026-04-16 17:40:33,340 | Calibration altitude stabilize | lat=50.450735 lon=30.461247 alt=13.09m yaw=359.24deg | dist=1245.6m | roll=- pitch=- throttle=1498 | alt_err=6.91 vz_down=-1.12 stable=0/4
2026-04-16 17:40:33,691 | Calibration altitude stabilize | lat=50.450735 lon=30.461248 alt=13.40m yaw=359.23deg | dist=1245.6m | roll=- pitch=- throttle=1498 | alt_err=6.60 vz_down=-1.22 stable=0/4
2026-04-16 17:40:34,042 | Calibration altitude stabilize | lat=50.450735 lon=30.461248 alt=13.85m yaw=359.18deg | dist=1245.6m | roll=- pitch=- throttle=1498 | alt_err=6.15 vz_down=-0.82 stable=0/4
2026-04-16 17:40:34,394 | Calibration altitude stabilize | lat=50.450734 lon=30.461248 alt=14.06m yaw=359.17deg | dist=1245.6m | roll=- pitch=- throttle=1498 | alt_err=5.94 vz_down=-0.93 stable=0/4
2026-04-16 17:40:34,746 | Calibration altitude stabilize | lat=50.450734 lon=30.461249 alt=14.29m yaw=359.18deg | dist=1245.7m | roll=- pitch=- throttle=1498 | alt_err=5.71 vz_down=-0.94 stable=0/4
2026-04-16 17:40:35,098 | Calibration altitude stabilize | lat=50.450734 lon=30.461249 alt=14.74m yaw=359.19deg | dist=1245.7m | roll=- pitch=- throttle=1498 | alt_err=5.26 vz_down=-0.83 stable=0/4
2026-04-16 17:40:35,449 | Calibration altitude stabilize | lat=50.450734 lon=30.461250 alt=14.97m yaw=359.19deg | dist=1245.7m | roll=- pitch=- throttle=1498 | alt_err=5.03 vz_down=-0.99 stable=0/4
2026-04-16 17:40:35,800 | Calibration altitude stabilize | lat=50.450733 lon=30.461250 alt=15.45m yaw=359.21deg | dist=1245.7m | roll=- pitch=- throttle=1498 | alt_err=4.55 vz_down=-0.93 stable=0/4
2026-04-16 17:40:36,152 | Calibration altitude stabilize | lat=50.450733 lon=30.461250 alt=15.69m yaw=359.21deg | dist=1245.7m | roll=- pitch=- throttle=1498 | alt_err=4.31 vz_down=-0.98 stable=0/4
2026-04-16 17:40:36,505 | Calibration altitude stabilize | lat=50.450733 lon=30.461251 alt=15.94m yaw=359.20deg | dist=1245.7m | roll=- pitch=- throttle=1498 | alt_err=4.06 vz_down=-1.12 stable=0/4
2026-04-16 17:40:36,856 | Calibration altitude stabilize | lat=50.450733 lon=30.461251 alt=16.46m yaw=359.18deg | dist=1245.7m | roll=- pitch=- throttle=1498 | alt_err=3.54 vz_down=-0.95 stable=0/4
2026-04-16 17:40:37,207 | Calibration altitude stabilize | lat=50.450732 lon=30.461251 alt=16.69m yaw=359.19deg | dist=1245.7m | roll=- pitch=- throttle=1498 | alt_err=3.31 vz_down=-0.84 stable=0/4
2026-04-16 17:40:37,558 | Calibration altitude stabilize | lat=50.450732 lon=30.461252 alt=17.08m yaw=359.18deg | dist=1245.6m | roll=- pitch=- throttle=1492 | alt_err=2.92 vz_down=-0.78 stable=0/4
2026-04-16 17:40:37,910 | Calibration altitude stabilize | lat=50.450732 lon=30.461252 alt=17.30m yaw=359.18deg | dist=1245.6m | roll=- pitch=- throttle=1492 | alt_err=2.70 vz_down=-0.88 stable=0/4
2026-04-16 17:40:38,261 | Calibration altitude stabilize | lat=50.450731 lon=30.461252 alt=17.53m yaw=359.18deg | dist=1245.6m | roll=- pitch=- throttle=1492 | alt_err=2.47 vz_down=-0.92 stable=0/4
2026-04-16 17:40:38,612 | Calibration altitude stabilize | lat=50.450731 lon=30.461253 alt=18.01m yaw=359.21deg | dist=1245.6m | roll=- pitch=- throttle=1492 | alt_err=1.99 vz_down=-1.00 stable=0/4
2026-04-16 17:40:38,965 | Calibration altitude stabilize | lat=50.450731 lon=30.461253 alt=18.25m yaw=359.22deg | dist=1245.6m | roll=- pitch=- throttle=1492 | alt_err=1.75 vz_down=-0.89 stable=0/4
2026-04-16 17:40:39,316 | Calibration altitude stabilize | lat=50.450730 lon=30.461254 alt=18.67m yaw=359.21deg | dist=1245.6m | roll=- pitch=- throttle=1492 | alt_err=1.33 vz_down=-1.02 stable=0/4
2026-04-16 17:40:39,667 | Calibration altitude stabilize | lat=50.450730 lon=30.461254 alt=18.92m yaw=359.19deg | dist=1245.6m | roll=- pitch=- throttle=1492 | alt_err=1.08 vz_down=-0.92 stable=0/4
2026-04-16 17:40:40,018 | Calibration altitude stabilize | lat=50.450730 lon=30.461254 alt=19.18m yaw=359.18deg | dist=1245.6m | roll=- pitch=- throttle=1476 | alt_err=0.82 vz_down=-1.11 stable=0/4
2026-04-16 17:40:40,370 | Calibration altitude stabilize | lat=50.450729 lon=30.461254 alt=19.68m yaw=359.19deg | dist=1245.6m | roll=- pitch=- throttle=1476 | alt_err=0.32 vz_down=-0.84 stable=0/4
2026-04-16 17:40:40,722 | Calibration altitude stabilize | lat=50.450729 lon=30.461254 alt=19.88m yaw=359.22deg | dist=1245.6m | roll=- pitch=- throttle=1488 | alt_err=0.12 vz_down=-0.74 stable=0/4
2026-04-16 17:40:41,073 | Calibration altitude stabilize | lat=50.450728 lon=30.461254 alt=20.22m yaw=359.19deg | dist=1245.5m | roll=- pitch=- throttle=1488 | alt_err=-0.22 vz_down=-0.56 stable=1/4
2026-04-16 17:40:41,426 | Calibration altitude stabilize | lat=50.450728 lon=30.461255 alt=20.37m yaw=359.19deg | dist=1245.5m | roll=- pitch=- throttle=1488 | alt_err=-0.37 vz_down=-0.61 stable=2/4
2026-04-16 17:40:41,777 | Calibration altitude stabilize | lat=50.450728 lon=30.461255 alt=20.52m yaw=359.21deg | dist=1245.5m | roll=- pitch=- throttle=1488 | alt_err=-0.52 vz_down=-0.59 stable=3/4
2026-04-16 17:40:42,128 | Calibration altitude stabilize stabilized
2026-04-16 17:40:42,129 | Calibrating pitch/roll signs with best-effort probes...
2026-04-16 17:40:42,130 | pitch sign probe | baseline distance=1245.51 m
2026-04-16 17:40:46,132 | pitch probe | after distance=1244.19 m | delta=-1.32 m
2026-04-16 17:40:47,634 | PITCH_SIGN now 1
2026-04-16 17:40:47,636 | roll sign probe | baseline distance=1243.59 m
2026-04-16 17:40:51,638 | roll probe | after distance=1243.80 m | delta=0.21 m
2026-04-16 17:40:53,139 | roll probe inconclusive; keeping current sign
2026-04-16 17:40:53,140 | ROLL_SIGN now 1
2026-04-16 17:40:53,140 | RC overrides cleared
2026-04-16 17:40:54,141 | Calibration done | PITCH_SIGN=1 ROLL_SIGN=1
2026-04-16 17:40:54,142 | Climb to mission altitude to 300.00 m
2026-04-16 17:40:54,143 | Climb to mission altitude | lat=50.450691 lon=30.461274 alt=-0.26m yaw=358.72deg | roll=- pitch=- throttle=1548
2026-04-16 17:40:54,495 | Climb to mission altitude | lat=50.450691 lon=30.461274 alt=-0.25m yaw=358.69deg | roll=- pitch=- throttle=1548
2026-04-16 17:40:54,847 | Climb to mission altitude | lat=50.450691 lon=30.461274 alt=-0.20m yaw=358.62deg | roll=- pitch=- throttle=1548
2026-04-16 17:40:55,198 | Climb to mission altitude | lat=50.450691 lon=30.461274 alt=-0.14m yaw=358.61deg | roll=- pitch=- throttle=1548
2026-04-16 17:40:55,550 | Climb to mission altitude | lat=50.450691 lon=30.461274 alt=0.73m yaw=358.68deg | roll=- pitch=- throttle=1548
2026-04-16 17:40:55,902 | Climb to mission altitude | lat=50.450691 lon=30.461274 alt=1.23m yaw=358.68deg | roll=- pitch=- throttle=1548
2026-04-16 17:40:56,254 | Climb to mission altitude | lat=50.450691 lon=30.461274 alt=1.77m yaw=358.68deg | roll=- pitch=- throttle=1548
2026-04-16 17:40:56,606 | Climb to mission altitude | lat=50.450691 lon=30.461274 alt=2.84m yaw=358.68deg | roll=- pitch=- throttle=1548
2026-04-16 17:40:56,957 | Climb to mission altitude | lat=50.450691 lon=30.461274 alt=3.42m yaw=358.66deg | roll=- pitch=- throttle=1548
2026-04-16 17:40:57,309 | Climb to mission altitude | lat=50.450691 lon=30.461275 alt=4.68m yaw=358.67deg | roll=- pitch=- throttle=1548
2026-04-16 17:40:57,660 | Climb to mission altitude | lat=50.450690 lon=30.461275 alt=5.28m yaw=358.67deg | roll=- pitch=- throttle=1548
2026-04-16 17:40:58,012 | Climb to mission altitude | lat=50.450690 lon=30.461275 alt=5.91m yaw=358.67deg | roll=- pitch=- throttle=1548
2026-04-16 17:40:58,364 | Climb to mission altitude | lat=50.450690 lon=30.461275 alt=7.17m yaw=358.66deg | roll=- pitch=- throttle=1548
2026-04-16 17:40:58,715 | Climb to mission altitude | lat=50.450690 lon=30.461275 alt=7.79m yaw=358.68deg | roll=- pitch=- throttle=1548
2026-04-16 17:40:59,067 | Climb to mission altitude | lat=50.450690 lon=30.461276 alt=8.92m yaw=358.70deg | roll=- pitch=- throttle=1548
2026-04-16 17:40:59,418 | Climb to mission altitude | lat=50.450690 lon=30.461276 alt=9.48m yaw=358.70deg | roll=- pitch=- throttle=1548
2026-04-16 17:40:59,769 | Climb to mission altitude | lat=50.450690 lon=30.461277 alt=10.04m yaw=358.70deg | roll=- pitch=- throttle=1548
2026-04-16 17:41:00,121 | Climb to mission altitude | lat=50.450690 lon=30.461277 alt=11.09m yaw=358.71deg | roll=- pitch=- throttle=1548
2026-04-16 17:41:00,472 | Climb to mission altitude | lat=50.450690 lon=30.461278 alt=11.60m yaw=358.71deg | roll=- pitch=- throttle=1548
2026-04-16 17:41:00,823 | Climb to mission altitude | lat=50.450690 lon=30.461278 alt=12.81m yaw=358.70deg | roll=- pitch=- throttle=1548
2026-04-16 17:41:01,174 | Climb to mission altitude | lat=50.450690 lon=30.461278 alt=13.45m yaw=358.69deg | roll=- pitch=- throttle=1548
2026-04-16 17:41:01,526 | Climb to mission altitude | lat=50.450690 lon=30.461279 alt=14.10m yaw=358.71deg | roll=- pitch=- throttle=1548
2026-04-16 17:41:01,878 | Climb to mission altitude | lat=50.450690 lon=30.461279 alt=15.57m yaw=358.71deg | roll=- pitch=- throttle=1548
2026-04-16 17:41:02,230 | Climb to mission altitude | lat=50.450690 lon=30.461279 alt=16.31m yaw=358.71deg | roll=- pitch=- throttle=1548
2026-04-16 17:41:02,581 | Climb to mission altitude | lat=50.450690 lon=30.461280 alt=17.80m yaw=358.71deg | roll=- pitch=- throttle=1548
2026-04-16 17:41:02,933 | Climb to mission altitude | lat=50.450690 lon=30.461280 alt=18.57m yaw=358.71deg | roll=- pitch=- throttle=1548
2026-04-16 17:41:03,284 | Climb to mission altitude | lat=50.450690 lon=30.461280 alt=19.35m yaw=358.70deg | roll=- pitch=- throttle=1548
2026-04-16 17:41:03,635 | Climb to mission altitude | lat=50.450689 lon=30.461281 alt=20.89m yaw=358.70deg | roll=- pitch=- throttle=1548
2026-04-16 17:41:03,986 | Climb to mission altitude | lat=50.450689 lon=30.461281 alt=21.70m yaw=358.70deg | roll=- pitch=- throttle=1548
2026-04-16 17:41:04,338 | Climb to mission altitude | lat=50.450689 lon=30.461282 alt=23.33m yaw=358.70deg | roll=- pitch=- throttle=1548
2026-04-16 17:41:04,690 | Climb to mission altitude | lat=50.450689 lon=30.461282 alt=24.14m yaw=358.70deg | roll=- pitch=- throttle=1548
2026-04-16 17:41:05,043 | Climb to mission altitude | lat=50.450689 lon=30.461282 alt=25.00m yaw=358.70deg | roll=- pitch=- throttle=1548
2026-04-16 17:41:05,395 | Climb to mission altitude | lat=50.450689 lon=30.461283 alt=26.80m yaw=358.70deg | roll=- pitch=- throttle=1548
2026-04-16 17:41:05,747 | Climb to mission altitude | lat=50.450689 lon=30.461283 alt=27.71m yaw=358.71deg | roll=- pitch=- throttle=1548
2026-04-16 17:41:06,099 | Climb to mission altitude | lat=50.450688 lon=30.461283 alt=29.57m yaw=358.70deg | roll=- pitch=- throttle=1548
2026-04-16 17:41:06,450 | Climb to mission altitude | lat=50.450688 lon=30.461284 alt=30.44m yaw=358.70deg | roll=- pitch=- throttle=1548
2026-04-16 17:41:06,801 | Climb to mission altitude | lat=50.450688 lon=30.461284 alt=32.29m yaw=358.68deg | roll=- pitch=- throttle=1548
2026-04-16 17:41:07,153 | Climb to mission altitude | lat=50.450688 lon=30.461284 alt=33.19m yaw=358.67deg | roll=- pitch=- throttle=1548
2026-04-16 17:41:07,505 | Climb to mission altitude | lat=50.450688 lon=30.461284 alt=34.06m yaw=358.66deg | roll=- pitch=- throttle=1548
2026-04-16 17:41:07,856 | Climb to mission altitude | lat=50.450687 lon=30.461285 alt=35.78m yaw=358.69deg | roll=- pitch=- throttle=1548
2026-04-16 17:41:08,208 | Climb to mission altitude | lat=50.450687 lon=30.461285 alt=36.55m yaw=358.69deg | roll=- pitch=- throttle=1548
2026-04-16 17:41:08,559 | Climb to mission altitude | lat=50.450687 lon=30.461285 alt=38.03m yaw=358.69deg | roll=- pitch=- throttle=1548
2026-04-16 17:41:08,911 | Climb to mission altitude | lat=50.450687 lon=30.461285 alt=38.78m yaw=358.68deg | roll=- pitch=- throttle=1548
2026-04-16 17:41:09,264 | Climb to mission altitude | lat=50.450687 lon=30.461286 alt=39.58m yaw=358.68deg | roll=- pitch=- throttle=1548
2026-04-16 17:41:09,619 | Climb to mission altitude | lat=50.450686 lon=30.461286 alt=41.11m yaw=358.69deg | roll=- pitch=- throttle=1548
2026-04-16 17:41:09,974 | Climb to mission altitude | lat=50.450686 lon=30.461286 alt=41.83m yaw=358.70deg | roll=- pitch=- throttle=1548
2026-04-16 17:41:10,329 | Climb to mission altitude | lat=50.450686 lon=30.461286 alt=43.22m yaw=358.70deg | roll=- pitch=- throttle=1548
2026-04-16 17:41:10,682 | Climb to mission altitude | lat=50.450685 lon=30.461286 alt=43.87m yaw=358.70deg | roll=- pitch=- throttle=1548
2026-04-16 17:41:11,033 | Climb to mission altitude | lat=50.450685 lon=30.461286 alt=44.56m yaw=358.70deg | roll=- pitch=- throttle=1548
2026-04-16 17:41:11,388 | Climb to mission altitude | lat=50.450685 lon=30.461286 alt=46.06m yaw=358.72deg | roll=- pitch=- throttle=1548
2026-04-16 17:41:11,769 | Climb to mission altitude | lat=50.450685 lon=30.461286 alt=46.72m yaw=358.72deg | roll=- pitch=- throttle=1548
2026-04-16 17:41:12,177 | Climb to mission altitude | lat=50.450684 lon=30.461287 alt=48.13m yaw=358.73deg | roll=- pitch=- throttle=1548
2026-04-16 17:41:12,529 | Climb to mission altitude | lat=50.450684 lon=30.461287 alt=48.89m yaw=358.71deg | roll=- pitch=- throttle=1548
2026-04-16 17:41:12,883 | Climb to mission altitude | lat=50.450684 lon=30.461287 alt=50.23m yaw=358.71deg | roll=- pitch=- throttle=1548
2026-04-16 17:41:13,234 | Climb to mission altitude | lat=50.450683 lon=30.461287 alt=50.92m yaw=358.72deg | roll=- pitch=- throttle=1548
2026-04-16 17:41:13,587 | Climb to mission altitude | lat=50.450683 lon=30.461288 alt=52.39m yaw=358.72deg | roll=- pitch=- throttle=1548
2026-04-16 17:41:13,938 | Climb to mission altitude | lat=50.450683 lon=30.461288 alt=53.13m yaw=358.72deg | roll=- pitch=- throttle=1548
2026-04-16 17:41:14,289 | Climb to mission altitude | lat=50.450683 lon=30.461288 alt=53.88m yaw=358.72deg | roll=- pitch=- throttle=1548
2026-04-16 17:41:14,640 | Climb to mission altitude | lat=50.450682 lon=30.461288 alt=55.40m yaw=358.72deg | roll=- pitch=- throttle=1548
2026-04-16 17:41:14,992 | Climb to mission altitude | lat=50.450682 lon=30.461288 alt=56.17m yaw=358.72deg | roll=- pitch=- throttle=1548
2026-04-16 17:41:15,343 | Climb to mission altitude | lat=50.450682 lon=30.461289 alt=57.77m yaw=358.72deg | roll=- pitch=- throttle=1548
2026-04-16 17:41:15,697 | Climb to mission altitude | lat=50.450682 lon=30.461289 alt=58.60m yaw=358.71deg | roll=- pitch=- throttle=1548
2026-04-16 17:41:16,049 | Climb to mission altitude | lat=50.450682 lon=30.461289 alt=59.38m yaw=358.72deg | roll=- pitch=- throttle=1548
2026-04-16 17:41:16,399 | Climb to mission altitude | lat=50.450681 lon=30.461289 alt=60.89m yaw=358.71deg | roll=- pitch=- throttle=1548
2026-04-16 17:41:16,752 | Climb to mission altitude | lat=50.450681 lon=30.461290 alt=61.63m yaw=358.70deg | roll=- pitch=- throttle=1548
2026-04-16 17:41:17,104 | Climb to mission altitude | lat=50.450681 lon=30.461290 alt=63.12m yaw=358.69deg | roll=- pitch=- throttle=1548
2026-04-16 17:41:17,456 | Climb to mission altitude | lat=50.450681 lon=30.461290 alt=63.86m yaw=358.69deg | roll=- pitch=- throttle=1548
2026-04-16 17:41:17,808 | Climb to mission altitude | lat=50.450680 lon=30.461290 alt=65.28m yaw=358.67deg | roll=- pitch=- throttle=1548
2026-04-16 17:41:18,159 | Climb to mission altitude | lat=50.450679 lon=30.461290 alt=66.06m yaw=358.67deg | roll=- pitch=- throttle=1548
2026-04-16 17:41:18,510 | Climb to mission altitude | lat=50.450679 lon=30.461289 alt=66.83m yaw=358.66deg | roll=- pitch=- throttle=1548
2026-04-16 17:41:18,863 | Climb to mission altitude | lat=50.450677 lon=30.461289 alt=68.29m yaw=358.63deg | roll=- pitch=- throttle=1548
2026-04-16 17:41:19,214 | Climb to mission altitude | lat=50.450676 lon=30.461288 alt=69.05m yaw=358.62deg | roll=- pitch=- throttle=1548
2026-04-16 17:41:19,565 | Climb to mission altitude | lat=50.450673 lon=30.461286 alt=70.69m yaw=358.61deg | roll=- pitch=- throttle=1548
2026-04-16 17:41:19,916 | Climb to mission altitude | lat=50.450672 lon=30.461285 alt=71.47m yaw=358.59deg | roll=- pitch=- throttle=1548
2026-04-16 17:41:20,267 | Climb to mission altitude | lat=50.450670 lon=30.461284 alt=72.25m yaw=358.59deg | roll=- pitch=- throttle=1548
2026-04-16 17:41:20,618 | Climb to mission altitude | lat=50.450666 lon=30.461281 alt=73.91m yaw=358.64deg | roll=- pitch=- throttle=1548
2026-04-16 17:41:20,969 | Climb to mission altitude | lat=50.450663 lon=30.461279 alt=74.75m yaw=358.64deg | roll=- pitch=- throttle=1548
2026-04-16 17:41:21,320 | Climb to mission altitude | lat=50.450658 lon=30.461275 alt=76.36m yaw=358.65deg | roll=- pitch=- throttle=1548
2026-04-16 17:41:21,672 | Climb to mission altitude | lat=50.450656 lon=30.461272 alt=77.17m yaw=358.66deg | roll=- pitch=- throttle=1548
2026-04-16 17:41:22,022 | Climb to mission altitude | lat=50.450652 lon=30.461270 alt=77.95m yaw=358.66deg | roll=- pitch=- throttle=1548
2026-04-16 17:41:22,374 | Climb to mission altitude | lat=50.450646 lon=30.461265 alt=79.57m yaw=358.66deg | roll=- pitch=- throttle=1548
2026-04-16 17:41:22,725 | Climb to mission altitude | lat=50.450643 lon=30.461262 alt=80.38m yaw=358.67deg | roll=- pitch=- throttle=1548
2026-04-16 17:41:23,076 | Climb to mission altitude | lat=50.450635 lon=30.461256 alt=81.94m yaw=358.68deg | roll=- pitch=- throttle=1548
2026-04-16 17:41:23,428 | Climb to mission altitude | lat=50.450631 lon=30.461252 alt=82.67m yaw=358.69deg | roll=- pitch=- throttle=1548
2026-04-16 17:41:23,779 | Climb to mission altitude | lat=50.450627 lon=30.461249 alt=83.40m yaw=358.69deg | roll=- pitch=- throttle=1548
2026-04-16 17:41:24,130 | Climb to mission altitude | lat=50.450619 lon=30.461242 alt=84.99m yaw=358.70deg | roll=- pitch=- throttle=1548
2026-04-16 17:41:24,482 | Climb to mission altitude | lat=50.450614 lon=30.461238 alt=85.80m yaw=358.69deg | roll=- pitch=- throttle=1548
2026-04-16 17:41:24,833 | Climb to mission altitude | lat=50.450605 lon=30.461230 alt=87.24m yaw=358.70deg | roll=- pitch=- throttle=1548
2026-04-16 17:41:25,184 | Climb to mission altitude | lat=50.450600 lon=30.461226 alt=88.04m yaw=358.70deg | roll=- pitch=- throttle=1548
2026-04-16 17:41:25,535 | Climb to mission altitude | lat=50.450595 lon=30.461222 alt=88.86m yaw=358.71deg | roll=- pitch=- throttle=1548
2026-04-16 17:41:25,887 | Climb to mission altitude | lat=50.450585 lon=30.461213 alt=90.64m yaw=358.72deg | roll=- pitch=- throttle=1548
2026-04-16 17:41:26,239 | Climb to mission altitude | lat=50.450580 lon=30.461209 alt=91.59m yaw=358.72deg | roll=- pitch=- throttle=1548
2026-04-16 17:41:26,591 | Climb to mission altitude | lat=50.450569 lon=30.461199 alt=93.53m yaw=358.73deg | roll=- pitch=- throttle=1548
2026-04-16 17:41:26,942 | Climb to mission altitude | lat=50.450563 lon=30.461195 alt=94.55m yaw=358.72deg | roll=- pitch=- throttle=1548
2026-04-16 17:41:27,294 | Climb to mission altitude | lat=50.450558 lon=30.461190 alt=95.54m yaw=358.73deg | roll=- pitch=- throttle=1548
2026-04-16 17:41:27,646 | Climb to mission altitude | lat=50.450546 lon=30.461179 alt=97.45m yaw=358.73deg | roll=- pitch=- throttle=1548
2026-04-16 17:41:27,997 | Climb to mission altitude | lat=50.450539 lon=30.461174 alt=98.42m yaw=358.74deg | roll=- pitch=- throttle=1548
2026-04-16 17:41:28,348 | Climb to mission altitude | lat=50.450527 lon=30.461163 alt=100.26m yaw=358.76deg | roll=- pitch=- throttle=1542
2026-04-16 17:41:28,700 | Climb to mission altitude | lat=50.450521 lon=30.461158 alt=101.18m yaw=358.75deg | roll=- pitch=- throttle=1542
2026-04-16 17:41:29,051 | Climb to mission altitude | lat=50.450514 lon=30.461152 alt=102.01m yaw=358.75deg | roll=- pitch=- throttle=1542
2026-04-16 17:41:29,403 | Climb to mission altitude | lat=50.450501 lon=30.461141 alt=103.68m yaw=358.77deg | roll=- pitch=- throttle=1542
2026-04-16 17:41:29,754 | Climb to mission altitude | lat=50.450494 lon=30.461135 alt=104.54m yaw=358.76deg | roll=- pitch=- throttle=1542
2026-04-16 17:41:30,107 | Climb to mission altitude | lat=50.450480 lon=30.461122 alt=106.25m yaw=358.77deg | roll=- pitch=- throttle=1542
2026-04-16 17:41:30,457 | Climb to mission altitude | lat=50.450473 lon=30.461116 alt=107.08m yaw=358.77deg | roll=- pitch=- throttle=1542
2026-04-16 17:41:30,809 | Climb to mission altitude | lat=50.450458 lon=30.461104 alt=108.75m yaw=358.75deg | roll=- pitch=- throttle=1542
2026-04-16 17:41:31,160 | Climb to mission altitude | lat=50.450451 lon=30.461097 alt=109.62m yaw=358.75deg | roll=- pitch=- throttle=1542
2026-04-16 17:41:31,513 | Climb to mission altitude | lat=50.450443 lon=30.461091 alt=110.48m yaw=358.74deg | roll=- pitch=- throttle=1542
2026-04-16 17:41:31,864 | Climb to mission altitude | lat=50.450428 lon=30.461077 alt=112.20m yaw=358.74deg | roll=- pitch=- throttle=1542
2026-04-16 17:41:32,216 | Climb to mission altitude | lat=50.450420 lon=30.461071 alt=113.05m yaw=358.73deg | roll=- pitch=- throttle=1542
2026-04-16 17:41:32,568 | Climb to mission altitude | lat=50.450404 lon=30.461057 alt=114.70m yaw=358.73deg | roll=- pitch=- throttle=1542
2026-04-16 17:41:32,919 | Climb to mission altitude | lat=50.450395 lon=30.461050 alt=115.46m yaw=358.72deg | roll=- pitch=- throttle=1542
2026-04-16 17:41:33,271 | Climb to mission altitude | lat=50.450387 lon=30.461043 alt=116.23m yaw=358.72deg | roll=- pitch=- throttle=1542
2026-04-16 17:41:33,622 | Climb to mission altitude | lat=50.450370 lon=30.461028 alt=117.62m yaw=358.72deg | roll=- pitch=- throttle=1542
2026-04-16 17:41:33,974 | Climb to mission altitude | lat=50.450362 lon=30.461021 alt=118.29m yaw=358.73deg | roll=- pitch=- throttle=1542
2026-04-16 17:41:34,326 | Climb to mission altitude | lat=50.450345 lon=30.461006 alt=119.56m yaw=358.71deg | roll=- pitch=- throttle=1542
2026-04-16 17:41:34,678 | Climb to mission altitude | lat=50.450336 lon=30.460999 alt=120.19m yaw=358.73deg | roll=- pitch=- throttle=1542
2026-04-16 17:41:35,030 | Climb to mission altitude | lat=50.450327 lon=30.460991 alt=120.82m yaw=358.72deg | roll=- pitch=- throttle=1542
2026-04-16 17:41:35,380 | Climb to mission altitude | lat=50.450310 lon=30.460976 alt=122.19m yaw=358.73deg | roll=- pitch=- throttle=1542
2026-04-16 17:41:35,731 | Climb to mission altitude | lat=50.450301 lon=30.460968 alt=122.93m yaw=358.72deg | roll=- pitch=- throttle=1542
2026-04-16 17:41:36,087 | Climb to mission altitude | lat=50.450283 lon=30.460953 alt=124.42m yaw=358.74deg | roll=- pitch=- throttle=1542
2026-04-16 17:41:36,438 | Climb to mission altitude | lat=50.450274 lon=30.460945 alt=125.10m yaw=358.74deg | roll=- pitch=- throttle=1542
2026-04-16 17:41:36,792 | Climb to mission altitude | lat=50.450265 lon=30.460937 alt=125.78m yaw=358.74deg | roll=- pitch=- throttle=1542
2026-04-16 17:41:37,145 | Climb to mission altitude | lat=50.450246 lon=30.460921 alt=127.16m yaw=358.74deg | roll=- pitch=- throttle=1542
2026-04-16 17:41:37,496 | Climb to mission altitude | lat=50.450237 lon=30.460912 alt=127.89m yaw=358.75deg | roll=- pitch=- throttle=1542
2026-04-16 17:41:37,847 | Climb to mission altitude | lat=50.450218 lon=30.460896 alt=129.38m yaw=358.76deg | roll=- pitch=- throttle=1542
2026-04-16 17:41:38,199 | Climb to mission altitude | lat=50.450209 lon=30.460888 alt=130.12m yaw=358.75deg | roll=- pitch=- throttle=1542
2026-04-16 17:41:38,551 | Climb to mission altitude | lat=50.450199 lon=30.460880 alt=130.88m yaw=358.76deg | roll=- pitch=- throttle=1542
2026-04-16 17:41:38,902 | Climb to mission altitude | lat=50.450180 lon=30.460863 alt=132.21m yaw=358.77deg | roll=- pitch=- throttle=1542
2026-04-16 17:41:39,254 | Climb to mission altitude | lat=50.450170 lon=30.460855 alt=132.88m yaw=358.75deg | roll=- pitch=- throttle=1542
2026-04-16 17:41:39,606 | Climb to mission altitude | lat=50.450151 lon=30.460839 alt=134.25m yaw=358.77deg | roll=- pitch=- throttle=1542
2026-04-16 17:41:39,958 | Climb to mission altitude | lat=50.450142 lon=30.460830 alt=135.01m yaw=358.76deg | roll=- pitch=- throttle=1542
2026-04-16 17:41:40,312 | Climb to mission altitude | lat=50.450123 lon=30.460813 alt=136.44m yaw=358.76deg | roll=- pitch=- throttle=1542
2026-04-16 17:41:40,663 | Climb to mission altitude | lat=50.450113 lon=30.460805 alt=137.11m yaw=358.75deg | roll=- pitch=- throttle=1542
2026-04-16 17:41:41,014 | Climb to mission altitude | lat=50.450103 lon=30.460797 alt=137.79m yaw=358.74deg | roll=- pitch=- throttle=1542
2026-04-16 17:41:41,365 | Climb to mission altitude | lat=50.450084 lon=30.460780 alt=139.28m yaw=358.73deg | roll=- pitch=- throttle=1542
2026-04-16 17:41:41,717 | Climb to mission altitude | lat=50.450074 lon=30.460771 alt=140.02m yaw=358.74deg | roll=- pitch=- throttle=1542
2026-04-16 17:41:42,068 | Climb to mission altitude | lat=50.450055 lon=30.460755 alt=141.50m yaw=358.73deg | roll=- pitch=- throttle=1542
2026-04-16 17:41:42,420 | Climb to mission altitude | lat=50.450045 lon=30.460746 alt=142.26m yaw=358.72deg | roll=- pitch=- throttle=1542
2026-04-16 17:41:42,771 | Climb to mission altitude | lat=50.450035 lon=30.460738 alt=143.00m yaw=358.72deg | roll=- pitch=- throttle=1542
2026-04-16 17:41:43,122 | Climb to mission altitude | lat=50.450016 lon=30.460721 alt=144.53m yaw=358.73deg | roll=- pitch=- throttle=1542
2026-04-16 17:41:43,480 | Climb to mission altitude | lat=50.450006 lon=30.460712 alt=145.26m yaw=358.71deg | roll=- pitch=- throttle=1542
2026-04-16 17:41:43,832 | Climb to mission altitude | lat=50.449987 lon=30.460695 alt=146.81m yaw=358.71deg | roll=- pitch=- throttle=1542
2026-04-16 17:41:44,183 | Climb to mission altitude | lat=50.449977 lon=30.460687 alt=147.63m yaw=358.71deg | roll=- pitch=- throttle=1542
2026-04-16 17:41:44,535 | Climb to mission altitude | lat=50.449967 lon=30.460678 alt=148.47m yaw=358.71deg | roll=- pitch=- throttle=1542
2026-04-16 17:41:44,887 | Climb to mission altitude | lat=50.449948 lon=30.460661 alt=150.10m yaw=358.71deg | roll=- pitch=- throttle=1542
2026-04-16 17:41:45,241 | Climb to mission altitude | lat=50.449938 lon=30.460653 alt=150.88m yaw=358.71deg | roll=- pitch=- throttle=1542
2026-04-16 17:41:45,595 | Climb to mission altitude | lat=50.449918 lon=30.460636 alt=152.47m yaw=358.71deg | roll=- pitch=- throttle=1542
2026-04-16 17:41:45,946 | Climb to mission altitude | lat=50.449909 lon=30.460627 alt=153.30m yaw=358.71deg | roll=- pitch=- throttle=1542
2026-04-16 17:41:46,298 | Climb to mission altitude | lat=50.449899 lon=30.460618 alt=154.18m yaw=358.70deg | roll=- pitch=- throttle=1542
2026-04-16 17:41:46,649 | Climb to mission altitude | lat=50.449879 lon=30.460601 alt=155.98m yaw=358.70deg | roll=- pitch=- throttle=1542
2026-04-16 17:41:47,000 | Climb to mission altitude | lat=50.449869 lon=30.460592 alt=156.87m yaw=358.69deg | roll=- pitch=- throttle=1542
2026-04-16 17:41:47,352 | Climb to mission altitude | lat=50.449850 lon=30.460575 alt=158.57m yaw=358.69deg | roll=- pitch=- throttle=1542
2026-04-16 17:41:47,703 | Climb to mission altitude | lat=50.449840 lon=30.460566 alt=159.40m yaw=358.69deg | roll=- pitch=- throttle=1542
2026-04-16 17:41:48,054 | Climb to mission altitude | lat=50.449821 lon=30.460549 alt=161.12m yaw=358.70deg | roll=- pitch=- throttle=1542
2026-04-16 17:41:48,407 | Climb to mission altitude | lat=50.449811 lon=30.460540 alt=161.99m yaw=358.70deg | roll=- pitch=- throttle=1542
2026-04-16 17:41:48,758 | Climb to mission altitude | lat=50.449801 lon=30.460531 alt=162.90m yaw=358.70deg | roll=- pitch=- throttle=1542
2026-04-16 17:41:49,110 | Climb to mission altitude | lat=50.449781 lon=30.460514 alt=164.60m yaw=358.70deg | roll=- pitch=- throttle=1542
2026-04-16 17:41:49,463 | Climb to mission altitude | lat=50.449771 lon=30.460505 alt=165.37m yaw=358.70deg | roll=- pitch=- throttle=1542
2026-04-16 17:41:49,814 | Climb to mission altitude | lat=50.449752 lon=30.460487 alt=166.81m yaw=358.71deg | roll=- pitch=- throttle=1542
2026-04-16 17:41:50,165 | Climb to mission altitude | lat=50.449742 lon=30.460479 alt=167.44m yaw=358.72deg | roll=- pitch=- throttle=1542
2026-04-16 17:41:50,517 | Climb to mission altitude | lat=50.449732 lon=30.460470 alt=168.08m yaw=358.72deg | roll=- pitch=- throttle=1542
2026-04-16 17:41:50,868 | Climb to mission altitude | lat=50.449713 lon=30.460453 alt=169.40m yaw=358.73deg | roll=- pitch=- throttle=1542
2026-04-16 17:41:51,220 | Climb to mission altitude | lat=50.449703 lon=30.460444 alt=170.05m yaw=358.73deg | roll=- pitch=- throttle=1542
2026-04-16 17:41:51,571 | Climb to mission altitude | lat=50.449683 lon=30.460427 alt=171.41m yaw=358.72deg | roll=- pitch=- throttle=1542
2026-04-16 17:41:51,923 | Climb to mission altitude | lat=50.449673 lon=30.460418 alt=172.14m yaw=358.71deg | roll=- pitch=- throttle=1542
2026-04-16 17:41:52,275 | Climb to mission altitude | lat=50.449663 lon=30.460409 alt=172.88m yaw=358.71deg | roll=- pitch=- throttle=1542
2026-04-16 17:41:52,627 | Climb to mission altitude | lat=50.449644 lon=30.460392 alt=174.33m yaw=358.71deg | roll=- pitch=- throttle=1542
2026-04-16 17:41:52,979 | Climb to mission altitude | lat=50.449634 lon=30.460383 alt=175.07m yaw=358.71deg | roll=- pitch=- throttle=1542
2026-04-16 17:41:53,331 | Climb to mission altitude | lat=50.449614 lon=30.460366 alt=176.52m yaw=358.71deg | roll=- pitch=- throttle=1542
2026-04-16 17:41:53,682 | Climb to mission altitude | lat=50.449604 lon=30.460357 alt=177.19m yaw=358.71deg | roll=- pitch=- throttle=1542
2026-04-16 17:41:54,035 | Climb to mission altitude | lat=50.449595 lon=30.460348 alt=177.84m yaw=358.69deg | roll=- pitch=- throttle=1542
2026-04-16 17:41:54,388 | Climb to mission altitude | lat=50.449575 lon=30.460331 alt=179.19m yaw=358.69deg | roll=- pitch=- throttle=1542
2026-04-16 17:41:54,739 | Climb to mission altitude | lat=50.449565 lon=30.460322 alt=179.90m yaw=358.70deg | roll=- pitch=- throttle=1542
2026-04-16 17:41:55,090 | Climb to mission altitude | lat=50.449545 lon=30.460305 alt=181.25m yaw=358.70deg | roll=- pitch=- throttle=1538
2026-04-16 17:41:55,443 | Climb to mission altitude | lat=50.449536 lon=30.460296 alt=181.96m yaw=358.70deg | roll=- pitch=- throttle=1538
2026-04-16 17:41:55,795 | Climb to mission altitude | lat=50.449526 lon=30.460287 alt=182.68m yaw=358.70deg | roll=- pitch=- throttle=1538
2026-04-16 17:41:56,146 | Climb to mission altitude | lat=50.449506 lon=30.460270 alt=184.24m yaw=358.70deg | roll=- pitch=- throttle=1538
2026-04-16 17:41:56,497 | Climb to mission altitude | lat=50.449496 lon=30.460262 alt=185.05m yaw=358.70deg | roll=- pitch=- throttle=1538
2026-04-16 17:41:56,848 | Climb to mission altitude | lat=50.449477 lon=30.460244 alt=186.69m yaw=358.71deg | roll=- pitch=- throttle=1538
2026-04-16 17:41:57,200 | Climb to mission altitude | lat=50.449467 lon=30.460235 alt=187.47m yaw=358.71deg | roll=- pitch=- throttle=1538
2026-04-16 17:41:57,553 | Climb to mission altitude | lat=50.449457 lon=30.460227 alt=188.24m yaw=358.71deg | roll=- pitch=- throttle=1538
2026-04-16 17:41:57,907 | Climb to mission altitude | lat=50.449437 lon=30.460209 alt=189.75m yaw=358.72deg | roll=- pitch=- throttle=1538
2026-04-16 17:41:58,259 | Climb to mission altitude | lat=50.449427 lon=30.460201 alt=190.53m yaw=358.72deg | roll=- pitch=- throttle=1538
2026-04-16 17:41:58,610 | Climb to mission altitude | lat=50.449407 lon=30.460183 alt=192.19m yaw=358.72deg | roll=- pitch=- throttle=1538
2026-04-16 17:41:58,961 | Climb to mission altitude | lat=50.449398 lon=30.460175 alt=192.99m yaw=358.72deg | roll=- pitch=- throttle=1538
2026-04-16 17:41:59,313 | Climb to mission altitude | lat=50.449388 lon=30.460166 alt=193.81m yaw=358.72deg | roll=- pitch=- throttle=1538
2026-04-16 17:41:59,666 | Climb to mission altitude | lat=50.449368 lon=30.460148 alt=195.28m yaw=358.73deg | roll=- pitch=- throttle=1538
2026-04-16 17:42:00,019 | Climb to mission altitude | lat=50.449358 lon=30.460140 alt=196.00m yaw=358.73deg | roll=- pitch=- throttle=1538
2026-04-16 17:42:00,370 | Climb to mission altitude | lat=50.449338 lon=30.460122 alt=197.54m yaw=358.70deg | roll=- pitch=- throttle=1538
2026-04-16 17:42:00,721 | Climb to mission altitude | lat=50.449328 lon=30.460113 alt=198.34m yaw=358.70deg | roll=- pitch=- throttle=1538
2026-04-16 17:42:01,073 | Climb to mission altitude | lat=50.449309 lon=30.460096 alt=199.83m yaw=358.71deg | roll=- pitch=- throttle=1538
2026-04-16 17:42:01,427 | Climb to mission altitude | lat=50.449299 lon=30.460087 alt=200.50m yaw=358.71deg | roll=- pitch=- throttle=1538
2026-04-16 17:42:01,779 | Climb to mission altitude | lat=50.449289 lon=30.460078 alt=201.19m yaw=358.71deg | roll=- pitch=- throttle=1538
2026-04-16 17:42:02,131 | Climb to mission altitude | lat=50.449269 lon=30.460061 alt=202.64m yaw=358.69deg | roll=- pitch=- throttle=1538
2026-04-16 17:42:02,482 | Climb to mission altitude | lat=50.449260 lon=30.460052 alt=203.41m yaw=358.69deg | roll=- pitch=- throttle=1538
2026-04-16 17:42:02,835 | Climb to mission altitude | lat=50.449240 lon=30.460035 alt=204.91m yaw=358.69deg | roll=- pitch=- throttle=1538
2026-04-16 17:42:03,187 | Climb to mission altitude | lat=50.449230 lon=30.460027 alt=205.66m yaw=358.70deg | roll=- pitch=- throttle=1538
2026-04-16 17:42:03,538 | Climb to mission altitude | lat=50.449220 lon=30.460018 alt=206.38m yaw=358.70deg | roll=- pitch=- throttle=1538
2026-04-16 17:42:03,890 | Climb to mission altitude | lat=50.449201 lon=30.460000 alt=207.70m yaw=358.69deg | roll=- pitch=- throttle=1538
2026-04-16 17:42:04,242 | Climb to mission altitude | lat=50.449191 lon=30.459992 alt=208.36m yaw=358.70deg | roll=- pitch=- throttle=1538
2026-04-16 17:42:04,595 | Climb to mission altitude | lat=50.449171 lon=30.459974 alt=209.66m yaw=358.70deg | roll=- pitch=- throttle=1538
2026-04-16 17:42:04,947 | Climb to mission altitude | lat=50.449162 lon=30.459966 alt=210.28m yaw=358.70deg | roll=- pitch=- throttle=1538
2026-04-16 17:42:05,298 | Climb to mission altitude | lat=50.449152 lon=30.459957 alt=210.88m yaw=358.69deg | roll=- pitch=- throttle=1538
2026-04-16 17:42:05,650 | Climb to mission altitude | lat=50.449132 lon=30.459940 alt=212.04m yaw=358.69deg | roll=- pitch=- throttle=1538
2026-04-16 17:42:06,002 | Climb to mission altitude | lat=50.449122 lon=30.459931 alt=212.62m yaw=358.69deg | roll=- pitch=- throttle=1538
2026-04-16 17:42:06,353 | Climb to mission altitude | lat=50.449103 lon=30.459913 alt=213.75m yaw=358.69deg | roll=- pitch=- throttle=1538
2026-04-16 17:42:06,706 | Climb to mission altitude | lat=50.449093 lon=30.459905 alt=214.35m yaw=358.69deg | roll=- pitch=- throttle=1538
2026-04-16 17:42:07,058 | Climb to mission altitude | lat=50.449083 lon=30.459896 alt=214.94m yaw=358.69deg | roll=- pitch=- throttle=1538
2026-04-16 17:42:07,409 | Climb to mission altitude | lat=50.449064 lon=30.459878 alt=216.16m yaw=358.69deg | roll=- pitch=- throttle=1538
2026-04-16 17:42:07,761 | Climb to mission altitude | lat=50.449054 lon=30.459870 alt=216.75m yaw=358.70deg | roll=- pitch=- throttle=1538
2026-04-16 17:42:08,112 | Climb to mission altitude | lat=50.449034 lon=30.459852 alt=217.97m yaw=358.71deg | roll=- pitch=- throttle=1538
2026-04-16 17:42:08,463 | Climb to mission altitude | lat=50.449024 lon=30.459843 alt=218.65m yaw=358.70deg | roll=- pitch=- throttle=1538
2026-04-16 17:42:08,814 | Climb to mission altitude | lat=50.449015 lon=30.459835 alt=219.31m yaw=358.69deg | roll=- pitch=- throttle=1538
2026-04-16 17:42:09,165 | Climb to mission altitude | lat=50.448995 lon=30.459817 alt=220.55m yaw=358.70deg | roll=- pitch=- throttle=1532
2026-04-16 17:42:09,516 | Climb to mission altitude | lat=50.448985 lon=30.459809 alt=221.16m yaw=358.69deg | roll=- pitch=- throttle=1532
2026-04-16 17:42:09,869 | Climb to mission altitude | lat=50.448966 lon=30.459791 alt=222.47m yaw=358.68deg | roll=- pitch=- throttle=1532
2026-04-16 17:42:10,219 | Climb to mission altitude | lat=50.448956 lon=30.459782 alt=223.09m yaw=358.68deg | roll=- pitch=- throttle=1532
2026-04-16 17:42:10,572 | Climb to mission altitude | lat=50.448946 lon=30.459773 alt=223.71m yaw=358.68deg | roll=- pitch=- throttle=1532
2026-04-16 17:42:10,923 | Climb to mission altitude | lat=50.448927 lon=30.459756 alt=224.89m yaw=358.69deg | roll=- pitch=- throttle=1532
2026-04-16 17:42:11,275 | Climb to mission altitude | lat=50.448917 lon=30.459747 alt=225.47m yaw=358.69deg | roll=- pitch=- throttle=1532
2026-04-16 17:42:11,627 | Climb to mission altitude | lat=50.448898 lon=30.459729 alt=226.61m yaw=358.70deg | roll=- pitch=- throttle=1532
2026-04-16 17:42:11,978 | Climb to mission altitude | lat=50.448888 lon=30.459720 alt=227.18m yaw=358.70deg | roll=- pitch=- throttle=1532
2026-04-16 17:42:12,330 | Climb to mission altitude | lat=50.448868 lon=30.459703 alt=228.34m yaw=358.71deg | roll=- pitch=- throttle=1532
2026-04-16 17:42:12,681 | Climb to mission altitude | lat=50.448859 lon=30.459694 alt=228.93m yaw=358.71deg | roll=- pitch=- throttle=1532
2026-04-16 17:42:13,032 | Climb to mission altitude | lat=50.448849 lon=30.459685 alt=229.53m yaw=358.72deg | roll=- pitch=- throttle=1532
2026-04-16 17:42:13,383 | Climb to mission altitude | lat=50.448829 lon=30.459667 alt=230.78m yaw=358.73deg | roll=- pitch=- throttle=1532
2026-04-16 17:42:13,734 | Climb to mission altitude | lat=50.448819 lon=30.459658 alt=231.37m yaw=358.73deg | roll=- pitch=- throttle=1532
2026-04-16 17:42:14,086 | Climb to mission altitude | lat=50.448800 lon=30.459640 alt=232.56m yaw=358.72deg | roll=- pitch=- throttle=1532
2026-04-16 17:42:14,437 | Climb to mission altitude | lat=50.448790 lon=30.459631 alt=233.16m yaw=358.72deg | roll=- pitch=- throttle=1532
2026-04-16 17:42:14,788 | Climb to mission altitude | lat=50.448780 lon=30.459622 alt=233.82m yaw=358.72deg | roll=- pitch=- throttle=1532
2026-04-16 17:42:15,141 | Climb to mission altitude | lat=50.448761 lon=30.459604 alt=235.22m yaw=358.72deg | roll=- pitch=- throttle=1532
2026-04-16 17:42:15,492 | Climb to mission altitude | lat=50.448751 lon=30.459595 alt=236.00m yaw=358.72deg | roll=- pitch=- throttle=1532
2026-04-16 17:42:15,844 | Climb to mission altitude | lat=50.448732 lon=30.459578 alt=237.54m yaw=358.69deg | roll=- pitch=- throttle=1532
2026-04-16 17:42:16,195 | Climb to mission altitude | lat=50.448722 lon=30.459569 alt=238.27m yaw=358.68deg | roll=- pitch=- throttle=1532
2026-04-16 17:42:16,551 | Climb to mission altitude | lat=50.448712 lon=30.459560 alt=238.99m yaw=358.67deg | roll=- pitch=- throttle=1532
2026-04-16 17:42:16,912 | Climb to mission altitude | lat=50.448693 lon=30.459543 alt=240.41m yaw=358.67deg | roll=- pitch=- throttle=1532
2026-04-16 17:42:17,264 | Climb to mission altitude | lat=50.448683 lon=30.459534 alt=241.13m yaw=358.67deg | roll=- pitch=- throttle=1532
2026-04-16 17:42:17,616 | Climb to mission altitude | lat=50.448664 lon=30.459516 alt=242.63m yaw=358.69deg | roll=- pitch=- throttle=1532
2026-04-16 17:42:17,970 | Climb to mission altitude | lat=50.448654 lon=30.459508 alt=243.35m yaw=358.70deg | roll=- pitch=- throttle=1532
2026-04-16 17:42:18,327 | Climb to mission altitude | lat=50.448644 lon=30.459499 alt=244.02m yaw=358.69deg | roll=- pitch=- throttle=1532
2026-04-16 17:42:18,679 | Climb to mission altitude | lat=50.448625 lon=30.459481 alt=245.29m yaw=358.69deg | roll=- pitch=- throttle=1532
2026-04-16 17:42:19,031 | Climb to mission altitude | lat=50.448615 lon=30.459472 alt=245.94m yaw=358.69deg | roll=- pitch=- throttle=1532
2026-04-16 17:42:19,382 | Climb to mission altitude | lat=50.448596 lon=30.459455 alt=247.21m yaw=358.70deg | roll=- pitch=- throttle=1532
2026-04-16 17:42:19,733 | Climb to mission altitude | lat=50.448586 lon=30.459446 alt=247.81m yaw=358.70deg | roll=- pitch=- throttle=1532
2026-04-16 17:42:20,084 | Climb to mission altitude | lat=50.448566 lon=30.459428 alt=249.08m yaw=358.69deg | roll=- pitch=- throttle=1532
2026-04-16 17:42:20,435 | Climb to mission altitude | lat=50.448557 lon=30.459419 alt=249.76m yaw=358.70deg | roll=- pitch=- throttle=1532
2026-04-16 17:42:20,792 | Climb to mission altitude | lat=50.448547 lon=30.459411 alt=250.50m yaw=358.70deg | roll=- pitch=- throttle=1526
2026-04-16 17:42:21,144 | Climb to mission altitude | lat=50.448528 lon=30.459393 alt=252.04m yaw=358.69deg | roll=- pitch=- throttle=1526
2026-04-16 17:42:21,498 | Climb to mission altitude | lat=50.448518 lon=30.459384 alt=252.78m yaw=358.69deg | roll=- pitch=- throttle=1526
2026-04-16 17:42:21,860 | Climb to mission altitude | lat=50.448499 lon=30.459366 alt=254.29m yaw=358.69deg | roll=- pitch=- throttle=1526
2026-04-16 17:42:22,212 | Climb to mission altitude | lat=50.448490 lon=30.459357 alt=255.06m yaw=358.69deg | roll=- pitch=- throttle=1526
2026-04-16 17:42:22,563 | Climb to mission altitude | lat=50.448480 lon=30.459349 alt=255.86m yaw=358.69deg | roll=- pitch=- throttle=1526
2026-04-16 17:42:22,915 | Climb to mission altitude | lat=50.448461 lon=30.459331 alt=257.30m yaw=358.69deg | roll=- pitch=- throttle=1526
2026-04-16 17:42:23,267 | Climb to mission altitude | lat=50.448451 lon=30.459322 alt=257.93m yaw=358.69deg | roll=- pitch=- throttle=1526
2026-04-16 17:42:23,619 | Climb to mission altitude | lat=50.448432 lon=30.459304 alt=259.30m yaw=358.69deg | roll=- pitch=- throttle=1526
2026-04-16 17:42:23,996 | Climb to mission altitude | lat=50.448422 lon=30.459295 alt=259.98m yaw=358.69deg | roll=- pitch=- throttle=1526
2026-04-16 17:42:24,352 | Climb to mission altitude | lat=50.448403 lon=30.459277 alt=261.34m yaw=358.69deg | roll=- pitch=- throttle=1526
2026-04-16 17:42:24,704 | Climb to mission altitude | lat=50.448393 lon=30.459268 alt=262.00m yaw=358.69deg | roll=- pitch=- throttle=1526
2026-04-16 17:42:25,054 | Climb to mission altitude | lat=50.448384 lon=30.459259 alt=262.63m yaw=358.69deg | roll=- pitch=- throttle=1526
2026-04-16 17:42:25,406 | Climb to mission altitude | lat=50.448364 lon=30.459242 alt=263.98m yaw=358.68deg | roll=- pitch=- throttle=1526
2026-04-16 17:42:25,757 | Climb to mission altitude | lat=50.448355 lon=30.459232 alt=264.60m yaw=358.68deg | roll=- pitch=- throttle=1526
2026-04-16 17:42:26,108 | Climb to mission altitude | lat=50.448335 lon=30.459215 alt=265.81m yaw=358.68deg | roll=- pitch=- throttle=1526
2026-04-16 17:42:26,460 | Climb to mission altitude | lat=50.448326 lon=30.459205 alt=266.42m yaw=358.68deg | roll=- pitch=- throttle=1526
2026-04-16 17:42:26,811 | Climb to mission altitude | lat=50.448316 lon=30.459197 alt=267.01m yaw=358.69deg | roll=- pitch=- throttle=1526
2026-04-16 17:42:27,163 | Climb to mission altitude | lat=50.448297 lon=30.459179 alt=268.20m yaw=358.70deg | roll=- pitch=- throttle=1526
2026-04-16 17:42:27,514 | Climb to mission altitude | lat=50.448287 lon=30.459170 alt=268.78m yaw=358.70deg | roll=- pitch=- throttle=1526
2026-04-16 17:42:27,866 | Climb to mission altitude | lat=50.448268 lon=30.459152 alt=270.01m yaw=358.71deg | roll=- pitch=- throttle=1526
2026-04-16 17:42:28,217 | Climb to mission altitude | lat=50.448258 lon=30.459143 alt=270.66m yaw=358.71deg | roll=- pitch=- throttle=1526
2026-04-16 17:42:28,569 | Climb to mission altitude | lat=50.448239 lon=30.459125 alt=272.01m yaw=358.72deg | roll=- pitch=- throttle=1526
2026-04-16 17:42:28,919 | Climb to mission altitude | lat=50.448229 lon=30.459116 alt=272.70m yaw=358.73deg | roll=- pitch=- throttle=1526
2026-04-16 17:42:29,271 | Climb to mission altitude | lat=50.448219 lon=30.459107 alt=273.42m yaw=358.73deg | roll=- pitch=- throttle=1526
2026-04-16 17:42:29,623 | Climb to mission altitude | lat=50.448200 lon=30.459090 alt=274.90m yaw=358.72deg | roll=- pitch=- throttle=1526
2026-04-16 17:42:29,975 | Climb to mission altitude | lat=50.448191 lon=30.459081 alt=275.61m yaw=358.71deg | roll=- pitch=- throttle=1526
2026-04-16 17:42:30,328 | Climb to mission altitude | lat=50.448171 lon=30.459063 alt=277.05m yaw=358.70deg | roll=- pitch=- throttle=1526
2026-04-16 17:42:30,679 | Climb to mission altitude | lat=50.448161 lon=30.459054 alt=277.79m yaw=358.71deg | roll=- pitch=- throttle=1526
2026-04-16 17:42:31,031 | Climb to mission altitude | lat=50.448152 lon=30.459045 alt=278.50m yaw=358.71deg | roll=- pitch=- throttle=1526
2026-04-16 17:42:31,382 | Climb to mission altitude | lat=50.448132 lon=30.459028 alt=279.86m yaw=358.71deg | roll=- pitch=- throttle=1526
2026-04-16 17:42:31,734 | Climb to mission altitude | lat=50.448122 lon=30.459019 alt=280.51m yaw=358.70deg | roll=- pitch=- throttle=1520
2026-04-16 17:42:32,085 | Climb to mission altitude | lat=50.448103 lon=30.459001 alt=281.75m yaw=358.69deg | roll=- pitch=- throttle=1520
2026-04-16 17:42:32,439 | Climb to mission altitude | lat=50.448093 lon=30.458992 alt=282.33m yaw=358.69deg | roll=- pitch=- throttle=1520
2026-04-16 17:42:32,792 | Climb to mission altitude | lat=50.448083 lon=30.458983 alt=282.93m yaw=358.70deg | roll=- pitch=- throttle=1520
2026-04-16 17:42:33,143 | Climb to mission altitude | lat=50.448064 lon=30.458966 alt=284.04m yaw=358.71deg | roll=- pitch=- throttle=1520
2026-04-16 17:42:33,495 | Climb to mission altitude | lat=50.448054 lon=30.458957 alt=284.61m yaw=358.71deg | roll=- pitch=- throttle=1520
2026-04-16 17:42:33,846 | Climb to mission altitude | lat=50.448035 lon=30.458939 alt=285.67m yaw=358.71deg | roll=- pitch=- throttle=1520
2026-04-16 17:42:34,197 | Climb to mission altitude | lat=50.448025 lon=30.458930 alt=286.18m yaw=358.70deg | roll=- pitch=- throttle=1520
2026-04-16 17:42:34,550 | Climb to mission altitude | lat=50.448015 lon=30.458921 alt=286.68m yaw=358.69deg | roll=- pitch=- throttle=1520
2026-04-16 17:42:34,902 | Climb to mission altitude | lat=50.447996 lon=30.458903 alt=287.69m yaw=358.69deg | roll=- pitch=- throttle=1520
2026-04-16 17:42:35,254 | Climb to mission altitude reached pre-target zone at 288.24 m
2026-04-16 17:42:36,255 | Mission altitude stabilize at 300.00 m
2026-04-16 17:42:36,256 | Mission altitude stabilize | lat=50.447947 lon=30.458859 alt=290.17m yaw=358.69deg | dist=921.2m | roll=- pitch=- throttle=1504 | alt_err=9.83 vz_down=-1.72 stable=0/6
2026-04-16 17:42:36,607 | Mission altitude stabilize | lat=50.447928 lon=30.458840 alt=290.98m yaw=358.69deg | dist=918.9m | roll=- pitch=- throttle=1504 | alt_err=9.02 vz_down=-1.56 stable=0/6
2026-04-16 17:42:36,959 | Mission altitude stabilize | lat=50.447918 lon=30.458831 alt=291.36m yaw=358.69deg | dist=917.8m | roll=- pitch=- throttle=1504 | alt_err=8.64 vz_down=-1.47 stable=0/6
2026-04-16 17:42:37,311 | Mission altitude stabilize | lat=50.447908 lon=30.458822 alt=291.68m yaw=358.69deg | dist=916.7m | roll=- pitch=- throttle=1504 | alt_err=8.32 vz_down=-1.15 stable=0/6
2026-04-16 17:42:37,662 | Mission altitude stabilize | lat=50.447889 lon=30.458804 alt=292.28m yaw=358.68deg | dist=914.4m | roll=- pitch=- throttle=1504 | alt_err=7.72 vz_down=-1.26 stable=0/6
2026-04-16 17:42:38,014 | Mission altitude stabilize | lat=50.447879 lon=30.458796 alt=292.58m yaw=358.68deg | dist=913.3m | roll=- pitch=- throttle=1504 | alt_err=7.42 vz_down=-1.19 stable=0/6
2026-04-16 17:42:38,367 | Mission altitude stabilize | lat=50.447860 lon=30.458778 alt=293.21m yaw=358.68deg | dist=911.0m | roll=- pitch=- throttle=1498 | alt_err=6.79 vz_down=-1.38 stable=0/6
2026-04-16 17:42:38,719 | Mission altitude stabilize | lat=50.447850 lon=30.458769 alt=293.56m yaw=358.68deg | dist=909.9m | roll=- pitch=- throttle=1498 | alt_err=6.44 vz_down=-1.41 stable=0/6
2026-04-16 17:42:39,070 | Mission altitude stabilize | lat=50.447840 lon=30.458760 alt=293.89m yaw=358.68deg | dist=908.8m | roll=- pitch=- throttle=1498 | alt_err=6.11 vz_down=-1.16 stable=0/6
2026-04-16 17:42:39,422 | Mission altitude stabilize | lat=50.447821 lon=30.458742 alt=294.45m yaw=358.68deg | dist=906.5m | roll=- pitch=- throttle=1498 | alt_err=5.55 vz_down=-1.09 stable=0/6
2026-04-16 17:42:39,774 | Mission altitude stabilize | lat=50.447811 lon=30.458733 alt=294.72m yaw=358.68deg | dist=905.4m | roll=- pitch=- throttle=1498 | alt_err=5.28 vz_down=-1.13 stable=0/6
2026-04-16 17:42:40,125 | Mission altitude stabilize | lat=50.447791 lon=30.458715 alt=295.27m yaw=358.69deg | dist=903.1m | roll=- pitch=- throttle=1498 | alt_err=4.73 vz_down=-1.10 stable=0/6
2026-04-16 17:42:40,476 | Mission altitude stabilize | lat=50.447782 lon=30.458706 alt=295.55m yaw=358.69deg | dist=902.0m | roll=- pitch=- throttle=1498 | alt_err=4.45 vz_down=-1.15 stable=0/6
2026-04-16 17:42:40,828 | Mission altitude stabilize | lat=50.447772 lon=30.458697 alt=295.83m yaw=358.69deg | dist=900.9m | roll=- pitch=- throttle=1498 | alt_err=4.17 vz_down=-0.97 stable=0/6
2026-04-16 17:42:41,179 | Mission altitude stabilize | lat=50.447752 lon=30.458680 alt=296.27m yaw=358.70deg | dist=898.6m | roll=- pitch=- throttle=1498 | alt_err=3.73 vz_down=-0.69 stable=0/6
2026-04-16 17:42:41,533 | Mission altitude stabilize | lat=50.447743 lon=30.458671 alt=296.43m yaw=358.70deg | dist=897.5m | roll=- pitch=- throttle=1498 | alt_err=3.57 vz_down=-0.58 stable=0/6
2026-04-16 17:42:41,885 | Mission altitude stabilize | lat=50.447723 lon=30.458653 alt=296.73m yaw=358.69deg | dist=895.3m | roll=- pitch=- throttle=1498 | alt_err=3.27 vz_down=-0.60 stable=0/6
2026-04-16 17:42:42,237 | Mission altitude stabilize | lat=50.447714 lon=30.458644 alt=296.87m yaw=358.68deg | dist=894.2m | roll=- pitch=- throttle=1498 | alt_err=3.13 vz_down=-0.53 stable=0/6
2026-04-16 17:42:42,589 | Mission altitude stabilize | lat=50.447704 lon=30.458635 alt=297.00m yaw=358.68deg | dist=893.1m | roll=- pitch=- throttle=1492 | alt_err=3.00 vz_down=-0.49 stable=0/6
2026-04-16 17:42:42,940 | Mission altitude stabilize | lat=50.447685 lon=30.458617 alt=297.27m yaw=358.68deg | dist=890.8m | roll=- pitch=- throttle=1492 | alt_err=2.73 vz_down=-0.61 stable=0/6
2026-04-16 17:42:43,292 | Mission altitude stabilize | lat=50.447675 lon=30.458609 alt=297.42m yaw=358.68deg | dist=889.7m | roll=- pitch=- throttle=1492 | alt_err=2.58 vz_down=-0.57 stable=0/6
2026-04-16 17:42:43,644 | Mission altitude stabilize | lat=50.447656 lon=30.458591 alt=297.69m yaw=358.69deg | dist=887.5m | roll=- pitch=- throttle=1492 | alt_err=2.31 vz_down=-0.48 stable=0/6
2026-04-16 17:42:43,994 | Mission altitude stabilize | lat=50.447646 lon=30.458582 alt=297.83m yaw=358.69deg | dist=886.4m | roll=- pitch=- throttle=1492 | alt_err=2.17 vz_down=-0.58 stable=0/6
2026-04-16 17:42:44,346 | Mission altitude stabilize | lat=50.447637 lon=30.458573 alt=297.98m yaw=358.69deg | dist=885.3m | roll=- pitch=- throttle=1492 | alt_err=2.02 vz_down=-0.62 stable=0/6
2026-04-16 17:42:44,698 | Mission altitude stabilize | lat=50.447617 lon=30.458555 alt=298.26m yaw=358.70deg | dist=883.1m | roll=- pitch=- throttle=1492 | alt_err=1.74 vz_down=-0.48 stable=0/6
2026-04-16 17:42:45,050 | Mission altitude stabilize | lat=50.447608 lon=30.458546 alt=298.39m yaw=358.70deg | dist=882.0m | roll=- pitch=- throttle=1492 | alt_err=1.61 vz_down=-0.45 stable=1/6
2026-04-16 17:42:45,401 | Mission altitude stabilize | lat=50.447589 lon=30.458528 alt=298.63m yaw=358.71deg | dist=879.7m | roll=- pitch=- throttle=1492 | alt_err=1.37 vz_down=-0.49 stable=2/6
2026-04-16 17:42:45,752 | Mission altitude stabilize | lat=50.447579 lon=30.458519 alt=298.76m yaw=358.71deg | dist=878.6m | roll=- pitch=- throttle=1492 | alt_err=1.24 vz_down=-0.49 stable=3/6
2026-04-16 17:42:46,104 | Mission altitude stabilize | lat=50.447560 lon=30.458501 alt=298.98m yaw=358.69deg | dist=876.4m | roll=- pitch=- throttle=1492 | alt_err=1.02 vz_down=-0.41 stable=4/6
2026-04-16 17:42:46,455 | Mission altitude stabilize | lat=50.447550 lon=30.458492 alt=299.09m yaw=358.68deg | dist=875.3m | roll=- pitch=- throttle=1488 | alt_err=0.91 vz_down=-0.45 stable=5/6
2026-04-16 17:42:46,807 | Mission altitude stabilize stabilized
2026-04-16 17:42:46,808 | Cruising toward target B at target altitude...
2026-04-16 17:42:46,810 | Cruise | lat=50.447541 lon=30.458483 alt=299.20m yaw=358.68deg | dist=874.2m | forward=-444.2 | right=-752.9 | roll=1480 pitch=1480 throttle=1488 | alt=299.20
2026-04-16 17:42:47,162 | Cruise | lat=50.447521 lon=30.458465 alt=299.41m yaw=358.69deg | dist=871.9m | forward=-442.1 | right=-751.5 | roll=1480 pitch=1480 throttle=1488 | alt=299.41
2026-04-16 17:42:47,513 | Cruise | lat=50.447512 lon=30.458456 alt=299.51m yaw=358.69deg | dist=870.8m | forward=-441.1 | right=-750.9 | roll=1480 pitch=1480 throttle=1488 | alt=299.51
2026-04-16 17:42:47,864 | Cruise | lat=50.447493 lon=30.458438 alt=299.64m yaw=358.70deg | dist=868.6m | forward=-439.0 | right=-749.5 | roll=1480 pitch=1480 throttle=1488 | alt=299.64
2026-04-16 17:42:48,216 | Cruise | lat=50.447483 lon=30.458429 alt=299.75m yaw=358.70deg | dist=867.5m | forward=-437.9 | right=-748.8 | roll=1480 pitch=1480 throttle=1488 | alt=299.75
2026-04-16 17:42:48,567 | Cruise | lat=50.447473 lon=30.458420 alt=299.87m yaw=358.71deg | dist=866.4m | forward=-436.9 | right=-748.2 | roll=1480 pitch=1480 throttle=1488 | alt=299.87
2026-04-16 17:42:48,919 | Cruise | lat=50.447454 lon=30.458402 alt=299.96m yaw=358.70deg | dist=864.2m | forward=-434.8 | right=-746.8 | roll=1480 pitch=1480 throttle=1488 | alt=299.96
2026-04-16 17:42:49,271 | Cruise | lat=50.447444 lon=30.458393 alt=299.97m yaw=358.69deg | dist=863.0m | forward=-433.7 | right=-746.1 | roll=1480 pitch=1480 throttle=1488 | alt=299.97
2026-04-16 17:42:49,623 | Cruise | lat=50.447425 lon=30.458375 alt=299.98m yaw=358.69deg | dist=860.8m | forward=-431.6 | right=-744.8 | roll=1480 pitch=1480 throttle=1488 | alt=299.98
2026-04-16 17:42:49,975 | Cruise | lat=50.447416 lon=30.458366 alt=299.97m yaw=358.69deg | dist=859.7m | forward=-430.6 | right=-744.1 | roll=1480 pitch=1480 throttle=1488 | alt=299.97
2026-04-16 17:42:50,327 | Cruise | lat=50.447406 lon=30.458357 alt=299.98m yaw=358.69deg | dist=858.6m | forward=-429.5 | right=-743.5 | roll=1480 pitch=1480 throttle=1488 | alt=299.98
2026-04-16 17:42:50,679 | Cruise | lat=50.447387 lon=30.458340 alt=299.98m yaw=358.70deg | dist=856.4m | forward=-427.5 | right=-742.1 | roll=1480 pitch=1480 throttle=1488 | alt=299.98
2026-04-16 17:42:51,030 | Cruise | lat=50.447377 lon=30.458331 alt=299.94m yaw=358.70deg | dist=855.3m | forward=-426.4 | right=-741.5 | roll=1480 pitch=1480 throttle=1488 | alt=299.94
2026-04-16 17:42:51,381 | Cruise | lat=50.447358 lon=30.458313 alt=299.91m yaw=358.71deg | dist=853.1m | forward=-424.3 | right=-740.1 | roll=1480 pitch=1480 throttle=1488 | alt=299.91
2026-04-16 17:42:51,733 | Cruise | lat=50.447348 lon=30.458304 alt=299.95m yaw=358.70deg | dist=852.0m | forward=-423.3 | right=-739.5 | roll=1480 pitch=1480 throttle=1488 | alt=299.95
2026-04-16 17:42:52,085 | Cruise | lat=50.447339 lon=30.458295 alt=299.99m yaw=358.69deg | dist=850.9m | forward=-422.2 | right=-738.8 | roll=1480 pitch=1480 throttle=1488 | alt=299.99
2026-04-16 17:42:52,436 | Cruise | lat=50.447319 lon=30.458277 alt=300.05m yaw=358.69deg | dist=848.7m | forward=-420.1 | right=-737.5 | roll=1480 pitch=1480 throttle=1488 | alt=300.05
2026-04-16 17:42:52,787 | Cruise | lat=50.447310 lon=30.458268 alt=300.07m yaw=358.69deg | dist=847.6m | forward=-419.1 | right=-736.8 | roll=1480 pitch=1480 throttle=1488 | alt=300.07
2026-04-16 17:42:53,139 | Cruise | lat=50.447291 lon=30.458250 alt=300.08m yaw=358.70deg | dist=845.4m | forward=-417.0 | right=-735.4 | roll=1480 pitch=1480 throttle=1488 | alt=300.08
2026-04-16 17:42:53,492 | Cruise | lat=50.447281 lon=30.458241 alt=300.11m yaw=358.70deg | dist=844.3m | forward=-415.9 | right=-734.8 | roll=1480 pitch=1480 throttle=1488 | alt=300.11
2026-04-16 17:42:53,844 | Cruise | lat=50.447271 lon=30.458232 alt=300.16m yaw=358.70deg | dist=843.2m | forward=-414.8 | right=-734.1 | roll=1480 pitch=1480 throttle=1488 | alt=300.16
2026-04-16 17:42:54,195 | Cruise | lat=50.447252 lon=30.458214 alt=300.29m yaw=358.70deg | dist=841.0m | forward=-412.7 | right=-732.7 | roll=1480 pitch=1480 throttle=1488 | alt=300.29
2026-04-16 17:42:54,546 | Cruise | lat=50.447242 lon=30.458205 alt=300.36m yaw=358.69deg | dist=839.9m | forward=-411.7 | right=-732.1 | roll=1480 pitch=1480 throttle=1488 | alt=300.36
2026-04-16 17:42:54,897 | Cruise | lat=50.447223 lon=30.458187 alt=300.41m yaw=358.69deg | dist=837.7m | forward=-409.6 | right=-730.7 | roll=1480 pitch=1480 throttle=1488 | alt=300.41
2026-04-16 17:42:55,249 | Cruise | lat=50.447213 lon=30.458178 alt=300.44m yaw=358.69deg | dist=836.6m | forward=-408.5 | right=-730.0 | roll=1480 pitch=1480 throttle=1488 | alt=300.44
2026-04-16 17:42:55,602 | Cruise | lat=50.447194 lon=30.458160 alt=300.42m yaw=358.69deg | dist=834.3m | forward=-406.4 | right=-728.7 | roll=1480 pitch=1480 throttle=1488 | alt=300.42
2026-04-16 17:42:55,955 | Cruise | lat=50.447184 lon=30.458151 alt=300.34m yaw=358.69deg | dist=833.2m | forward=-405.3 | right=-728.0 | roll=1480 pitch=1480 throttle=1488 | alt=300.34
2026-04-16 17:42:56,306 | Cruise | lat=50.447174 lon=30.458142 alt=300.27m yaw=358.69deg | dist=832.1m | forward=-404.3 | right=-727.3 | roll=1480 pitch=1480 throttle=1488 | alt=300.27
2026-04-16 17:42:56,657 | Cruise | lat=50.447155 lon=30.458124 alt=300.11m yaw=358.70deg | dist=829.9m | forward=-402.2 | right=-726.0 | roll=1480 pitch=1480 throttle=1488 | alt=300.11
2026-04-16 17:42:57,008 | Cruise | lat=50.447145 lon=30.458115 alt=300.03m yaw=358.70deg | dist=828.8m | forward=-401.1 | right=-725.3 | roll=1480 pitch=1480 throttle=1488 | alt=300.03
2026-04-16 17:42:57,360 | Cruise | lat=50.447126 lon=30.458097 alt=299.85m yaw=358.70deg | dist=826.6m | forward=-399.0 | right=-724.0 | roll=1480 pitch=1480 throttle=1488 | alt=299.85
2026-04-16 17:42:57,711 | Cruise | lat=50.447116 lon=30.458088 alt=299.77m yaw=358.70deg | dist=825.5m | forward=-398.0 | right=-723.3 | roll=1480 pitch=1480 throttle=1488 | alt=299.77
2026-04-16 17:42:58,062 | Cruise | lat=50.447107 lon=30.458079 alt=299.69m yaw=358.70deg | dist=824.4m | forward=-396.9 | right=-722.6 | roll=1480 pitch=1480 throttle=1488 | alt=299.69
2026-04-16 17:42:58,413 | Cruise | lat=50.447088 lon=30.458061 alt=299.54m yaw=358.70deg | dist=822.3m | forward=-394.8 | right=-721.3 | roll=1480 pitch=1480 throttle=1488 | alt=299.54
2026-04-16 17:42:58,765 | Cruise | lat=50.447078 lon=30.458052 alt=299.45m yaw=358.70deg | dist=821.2m | forward=-393.8 | right=-720.6 | roll=1480 pitch=1480 throttle=1488 | alt=299.45
2026-04-16 17:42:59,117 | Cruise | lat=50.447059 lon=30.458034 alt=299.25m yaw=358.69deg | dist=819.0m | forward=-391.7 | right=-719.3 | roll=1480 pitch=1480 throttle=1488 | alt=299.25
2026-04-16 17:42:59,468 | Cruise | lat=50.447049 lon=30.458025 alt=299.15m yaw=358.70deg | dist=817.9m | forward=-390.6 | right=-718.6 | roll=1480 pitch=1480 throttle=1488 | alt=299.15
2026-04-16 17:42:59,818 | Cruise | lat=50.447039 lon=30.458016 alt=299.07m yaw=358.70deg | dist=816.8m | forward=-389.6 | right=-717.9 | roll=1480 pitch=1480 throttle=1488 | alt=299.07
2026-04-16 17:43:00,171 | Cruise | lat=50.447020 lon=30.457998 alt=298.92m yaw=358.70deg | dist=814.6m | forward=-387.5 | right=-716.6 | roll=1480 pitch=1480 throttle=1492 | alt=298.92
2026-04-16 17:43:00,523 | Cruise | lat=50.447011 lon=30.457989 alt=298.82m yaw=358.70deg | dist=813.6m | forward=-386.4 | right=-715.9 | roll=1480 pitch=1480 throttle=1492 | alt=298.82
2026-04-16 17:43:00,875 | Cruise | lat=50.446991 lon=30.457972 alt=298.61m yaw=358.68deg | dist=811.4m | forward=-384.3 | right=-714.6 | roll=1480 pitch=1480 throttle=1492 | alt=298.61
2026-04-16 17:43:01,226 | Cruise | lat=50.446982 lon=30.457963 alt=298.50m yaw=358.67deg | dist=810.3m | forward=-383.3 | right=-713.9 | roll=1480 pitch=1480 throttle=1492 | alt=298.50
2026-04-16 17:43:01,578 | Cruise | lat=50.446972 lon=30.457954 alt=298.42m yaw=358.67deg | dist=809.2m | forward=-382.2 | right=-713.3 | roll=1480 pitch=1480 throttle=1492 | alt=298.42
2026-04-16 17:43:01,930 | Cruise | lat=50.446953 lon=30.457936 alt=298.38m yaw=358.68deg | dist=807.1m | forward=-380.1 | right=-712.0 | roll=1480 pitch=1480 throttle=1492 | alt=298.38
2026-04-16 17:43:02,282 | Cruise | lat=50.446943 lon=30.457928 alt=298.39m yaw=358.68deg | dist=806.0m | forward=-379.1 | right=-711.3 | roll=1480 pitch=1480 throttle=1492 | alt=298.39
2026-04-16 17:43:02,634 | Cruise | lat=50.446924 lon=30.457910 alt=298.46m yaw=358.69deg | dist=803.9m | forward=-377.0 | right=-710.0 | roll=1480 pitch=1480 throttle=1492 | alt=298.46
2026-04-16 17:43:02,985 | Cruise | lat=50.446914 lon=30.457901 alt=298.51m yaw=358.69deg | dist=802.8m | forward=-375.9 | right=-709.3 | roll=1480 pitch=1480 throttle=1492 | alt=298.51
2026-04-16 17:43:03,336 | Cruise | lat=50.446905 lon=30.457892 alt=298.56m yaw=358.70deg | dist=801.7m | forward=-374.9 | right=-708.7 | roll=1480 pitch=1480 throttle=1492 | alt=298.56
2026-04-16 17:43:03,688 | Cruise | lat=50.446886 lon=30.457875 alt=298.68m yaw=358.69deg | dist=799.6m | forward=-372.8 | right=-707.3 | roll=1480 pitch=1480 throttle=1492 | alt=298.68
2026-04-16 17:43:04,039 | Cruise | lat=50.446876 lon=30.457866 alt=298.77m yaw=358.68deg | dist=798.5m | forward=-371.7 | right=-706.7 | roll=1480 pitch=1480 throttle=1492 | alt=298.77
2026-04-16 17:43:04,390 | Cruise | lat=50.446857 lon=30.457848 alt=298.91m yaw=358.68deg | dist=796.3m | forward=-369.6 | right=-705.4 | roll=1480 pitch=1480 throttle=1492 | alt=298.91
2026-04-16 17:43:04,742 | Cruise | lat=50.446847 lon=30.457839 alt=298.98m yaw=358.69deg | dist=795.3m | forward=-368.6 | right=-704.7 | roll=1480 pitch=1480 throttle=1492 | alt=298.98
2026-04-16 17:43:05,093 | Cruise | lat=50.446837 lon=30.457831 alt=299.04m yaw=358.69deg | dist=794.2m | forward=-367.5 | right=-704.0 | roll=1480 pitch=1480 throttle=1488 | alt=299.04
2026-04-16 17:43:05,445 | Cruise | lat=50.446818 lon=30.457813 alt=299.05m yaw=358.69deg | dist=792.1m | forward=-365.4 | right=-702.7 | roll=1480 pitch=1480 throttle=1488 | alt=299.05
2026-04-16 17:43:05,796 | Cruise | lat=50.446808 lon=30.457804 alt=299.04m yaw=358.70deg | dist=791.0m | forward=-364.4 | right=-702.1 | roll=1480 pitch=1480 throttle=1488 | alt=299.04
2026-04-16 17:43:06,148 | Cruise | lat=50.446789 lon=30.457787 alt=299.05m yaw=358.70deg | dist=788.8m | forward=-362.2 | right=-700.8 | roll=1480 pitch=1480 throttle=1488 | alt=299.05
2026-04-16 17:43:06,500 | Cruise | lat=50.446779 lon=30.457778 alt=299.06m yaw=358.69deg | dist=787.8m | forward=-361.2 | right=-700.1 | roll=1480 pitch=1480 throttle=1488 | alt=299.06
2026-04-16 17:43:06,851 | Cruise | lat=50.446760 lon=30.457760 alt=299.10m yaw=358.68deg | dist=785.6m | forward=-359.1 | right=-698.8 | roll=1480 pitch=1480 throttle=1488 | alt=299.10
2026-04-16 17:43:07,203 | Cruise | lat=50.446750 lon=30.457752 alt=299.14m yaw=358.67deg | dist=784.5m | forward=-358.0 | right=-698.1 | roll=1480 pitch=1480 throttle=1488 | alt=299.14
2026-04-16 17:43:07,554 | Cruise | lat=50.446740 lon=30.457743 alt=299.22m yaw=358.68deg | dist=783.5m | forward=-356.9 | right=-697.4 | roll=1480 pitch=1480 throttle=1488 | alt=299.22
2026-04-16 17:43:07,906 | Cruise | lat=50.446721 lon=30.457725 alt=299.38m yaw=358.68deg | dist=781.3m | forward=-354.8 | right=-696.1 | roll=1480 pitch=1480 throttle=1488 | alt=299.38
2026-04-16 17:43:08,257 | Cruise | lat=50.446711 lon=30.457716 alt=299.45m yaw=358.69deg | dist=780.2m | forward=-353.7 | right=-695.4 | roll=1480 pitch=1480 throttle=1488 | alt=299.45
2026-04-16 17:43:08,608 | Cruise | lat=50.446692 lon=30.457698 alt=299.64m yaw=358.69deg | dist=778.1m | forward=-351.6 | right=-694.1 | roll=1480 pitch=1480 throttle=1488 | alt=299.64
2026-04-16 17:43:08,960 | Cruise | lat=50.446682 lon=30.457689 alt=299.70m yaw=358.69deg | dist=777.0m | forward=-350.5 | right=-693.4 | roll=1480 pitch=1480 throttle=1488 | alt=299.70
2026-04-16 17:43:09,311 | Cruise | lat=50.446672 lon=30.457680 alt=299.78m yaw=358.69deg | dist=775.9m | forward=-349.5 | right=-692.8 | roll=1480 pitch=1480 throttle=1488 | alt=299.78
2026-04-16 17:43:09,663 | Cruise | lat=50.446653 lon=30.457663 alt=299.89m yaw=358.70deg | dist=773.8m | forward=-347.4 | right=-691.5 | roll=1480 pitch=1480 throttle=1488 | alt=299.89
2026-04-16 17:43:10,014 | Cruise | lat=50.446643 lon=30.457654 alt=299.92m yaw=358.70deg | dist=772.7m | forward=-346.3 | right=-690.8 | roll=1480 pitch=1480 throttle=1488 | alt=299.92
2026-04-16 17:43:10,366 | Cruise | lat=50.446623 lon=30.457636 alt=299.95m yaw=358.70deg | dist=770.6m | forward=-344.2 | right=-689.5 | roll=1480 pitch=1480 throttle=1488 | alt=299.95
2026-04-16 17:43:10,717 | Cruise | lat=50.446614 lon=30.457627 alt=299.97m yaw=358.70deg | dist=769.5m | forward=-343.1 | right=-688.8 | roll=1480 pitch=1480 throttle=1488 | alt=299.97
2026-04-16 17:43:11,068 | Cruise | lat=50.446604 lon=30.457618 alt=300.01m yaw=358.68deg | dist=768.5m | forward=-342.1 | right=-688.1 | roll=1480 pitch=1480 throttle=1488 | alt=300.01
2026-04-16 17:43:11,419 | Cruise | lat=50.446584 lon=30.457601 alt=300.05m yaw=358.67deg | dist=766.3m | forward=-339.9 | right=-686.8 | roll=1480 pitch=1480 throttle=1488 | alt=300.05
2026-04-16 17:43:11,770 | Cruise | lat=50.446575 lon=30.457592 alt=300.06m yaw=358.67deg | dist=765.3m | forward=-338.9 | right=-686.1 | roll=1480 pitch=1480 throttle=1488 | alt=300.06
2026-04-16 17:43:12,121 | Cruise | lat=50.446555 lon=30.457574 alt=300.09m yaw=358.67deg | dist=763.1m | forward=-336.7 | right=-684.8 | roll=1480 pitch=1480 throttle=1488 | alt=300.09
2026-04-16 17:43:12,472 | Cruise | lat=50.446545 lon=30.457565 alt=300.09m yaw=358.67deg | dist=762.0m | forward=-335.7 | right=-684.1 | roll=1480 pitch=1480 throttle=1488 | alt=300.09
2026-04-16 17:43:12,824 | Cruise | lat=50.446536 lon=30.457556 alt=300.11m yaw=358.67deg | dist=761.0m | forward=-334.6 | right=-683.4 | roll=1480 pitch=1480 throttle=1488 | alt=300.11
2026-04-16 17:43:13,175 | Cruise | lat=50.446517 lon=30.457538 alt=299.99m yaw=358.68deg | dist=758.8m | forward=-332.5 | right=-682.1 | roll=1480 pitch=1480 throttle=1488 | alt=299.99
2026-04-16 17:43:13,527 | Cruise | lat=50.446507 lon=30.457529 alt=299.91m yaw=358.68deg | dist=757.8m | forward=-331.5 | right=-681.4 | roll=1480 pitch=1480 throttle=1488 | alt=299.91
2026-04-16 17:43:13,878 | Cruise | lat=50.446487 lon=30.457511 alt=299.80m yaw=358.68deg | dist=755.7m | forward=-329.3 | right=-680.1 | roll=1480 pitch=1480 throttle=1488 | alt=299.80
2026-04-16 17:43:14,229 | Cruise | lat=50.446478 lon=30.457502 alt=299.77m yaw=358.68deg | dist=754.6m | forward=-328.3 | right=-679.4 | roll=1480 pitch=1480 throttle=1488 | alt=299.77
2026-04-16 17:43:14,582 | Cruise | lat=50.446468 lon=30.457493 alt=299.76m yaw=358.68deg | dist=753.5m | forward=-327.2 | right=-678.8 | roll=1480 pitch=1480 throttle=1488 | alt=299.76
2026-04-16 17:43:14,934 | Cruise | lat=50.446449 lon=30.457476 alt=299.75m yaw=358.68deg | dist=751.4m | forward=-325.1 | right=-677.4 | roll=1480 pitch=1480 throttle=1488 | alt=299.75
2026-04-16 17:43:15,286 | Cruise | lat=50.446439 lon=30.457467 alt=299.75m yaw=358.68deg | dist=750.3m | forward=-324.0 | right=-676.8 | roll=1480 pitch=1480 throttle=1488 | alt=299.75
2026-04-16 17:43:15,637 | Cruise | lat=50.446419 lon=30.457449 alt=299.76m yaw=358.68deg | dist=748.2m | forward=-321.9 | right=-675.4 | roll=1480 pitch=1480 throttle=1488 | alt=299.76
2026-04-16 17:43:15,988 | Cruise | lat=50.446410 lon=30.457440 alt=299.73m yaw=358.68deg | dist=747.2m | forward=-320.9 | right=-674.8 | roll=1480 pitch=1480 throttle=1488 | alt=299.73
2026-04-16 17:43:16,339 | Cruise | lat=50.446390 lon=30.457422 alt=299.69m yaw=358.69deg | dist=745.1m | forward=-318.7 | right=-673.4 | roll=1480 pitch=1480 throttle=1488 | alt=299.69
2026-04-16 17:43:16,690 | Cruise | lat=50.446380 lon=30.457413 alt=299.66m yaw=358.69deg | dist=744.0m | forward=-317.7 | right=-672.8 | roll=1480 pitch=1480 throttle=1488 | alt=299.66
2026-04-16 17:43:17,042 | Cruise | lat=50.446371 lon=30.457404 alt=299.63m yaw=358.69deg | dist=743.0m | forward=-316.6 | right=-672.1 | roll=1480 pitch=1480 throttle=1488 | alt=299.63
2026-04-16 17:43:17,394 | Cruise | lat=50.446351 lon=30.457387 alt=299.50m yaw=358.69deg | dist=740.9m | forward=-314.5 | right=-670.8 | roll=1480 pitch=1480 throttle=1488 | alt=299.50
2026-04-16 17:43:17,746 | Cruise | lat=50.446342 lon=30.457378 alt=299.41m yaw=358.69deg | dist=739.8m | forward=-313.5 | right=-670.1 | roll=1480 pitch=1480 throttle=1488 | alt=299.41
2026-04-16 17:43:18,099 | Cruise | lat=50.446323 lon=30.457360 alt=299.18m yaw=358.70deg | dist=737.7m | forward=-311.4 | right=-668.8 | roll=1480 pitch=1480 throttle=1488 | alt=299.18
2026-04-16 17:43:18,451 | Cruise | lat=50.446313 lon=30.457351 alt=299.10m yaw=358.70deg | dist=736.7m | forward=-310.3 | right=-668.1 | roll=1480 pitch=1480 throttle=1488 | alt=299.10
2026-04-16 17:43:18,802 | Cruise | lat=50.446303 lon=30.457342 alt=299.05m yaw=358.70deg | dist=735.6m | forward=-309.2 | right=-667.5 | roll=1480 pitch=1480 throttle=1488 | alt=299.05
2026-04-16 17:43:19,153 | Cruise | lat=50.446284 lon=30.457325 alt=298.98m yaw=358.68deg | dist=733.5m | forward=-307.2 | right=-666.1 | roll=1480 pitch=1480 throttle=1492 | alt=298.98
2026-04-16 17:43:19,505 | Cruise | lat=50.446274 lon=30.457316 alt=298.96m yaw=358.68deg | dist=732.5m | forward=-306.1 | right=-665.5 | roll=1480 pitch=1480 throttle=1492 | alt=298.96
2026-04-16 17:43:19,856 | Cruise | lat=50.446255 lon=30.457298 alt=299.00m yaw=358.67deg | dist=730.4m | forward=-304.0 | right=-664.1 | roll=1480 pitch=1480 throttle=1488 | alt=299.00
2026-04-16 17:43:20,208 | Cruise | lat=50.446245 lon=30.457289 alt=299.02m yaw=358.67deg | dist=729.3m | forward=-302.9 | right=-663.5 | roll=1480 pitch=1480 throttle=1488 | alt=299.02
2026-04-16 17:43:20,559 | Cruise | lat=50.446235 lon=30.457280 alt=299.03m yaw=358.68deg | dist=728.3m | forward=-301.8 | right=-662.8 | roll=1480 pitch=1480 throttle=1488 | alt=299.03
2026-04-16 17:43:20,910 | Cruise | lat=50.446216 lon=30.457262 alt=299.09m yaw=358.68deg | dist=726.2m | forward=-299.7 | right=-661.4 | roll=1480 pitch=1480 throttle=1488 | alt=299.09
2026-04-16 17:43:21,262 | Cruise | lat=50.446206 lon=30.457253 alt=299.14m yaw=358.68deg | dist=725.1m | forward=-298.7 | right=-660.8 | roll=1480 pitch=1480 throttle=1488 | alt=299.14
2026-04-16 17:43:21,614 | Cruise | lat=50.446187 lon=30.457235 alt=299.31m yaw=358.70deg | dist=723.0m | forward=-296.5 | right=-659.4 | roll=1480 pitch=1480 throttle=1488 | alt=299.31
2026-04-16 17:43:21,966 | Cruise | lat=50.446177 lon=30.457226 alt=299.40m yaw=358.70deg | dist=722.0m | forward=-295.5 | right=-658.7 | roll=1480 pitch=1480 throttle=1488 | alt=299.40
2026-04-16 17:43:22,317 | Cruise | lat=50.446167 lon=30.457217 alt=299.50m yaw=358.70deg | dist=720.9m | forward=-294.4 | right=-658.0 | roll=1480 pitch=1480 throttle=1488 | alt=299.50
2026-04-16 17:43:22,669 | Cruise | lat=50.446148 lon=30.457198 alt=299.63m yaw=358.70deg | dist=718.8m | forward=-292.3 | right=-656.7 | roll=1480 pitch=1480 throttle=1488 | alt=299.63
2026-04-16 17:43:23,023 | Cruise | lat=50.446138 lon=30.457189 alt=299.70m yaw=358.69deg | dist=717.7m | forward=-291.3 | right=-656.0 | roll=1480 pitch=1480 throttle=1488 | alt=299.70
2026-04-16 17:43:23,375 | Cruise | lat=50.446119 lon=30.457171 alt=299.83m yaw=358.67deg | dist=715.6m | forward=-289.1 | right=-654.6 | roll=1480 pitch=1480 throttle=1488 | alt=299.83
2026-04-16 17:43:23,727 | Cruise | lat=50.446109 lon=30.457162 alt=299.91m yaw=358.67deg | dist=714.6m | forward=-288.1 | right=-654.0 | roll=1480 pitch=1480 throttle=1488 | alt=299.91
2026-04-16 17:43:24,078 | Cruise | lat=50.446099 lon=30.457153 alt=299.97m yaw=358.67deg | dist=713.6m | forward=-287.0 | right=-653.3 | roll=1480 pitch=1480 throttle=1488 | alt=299.97
2026-04-16 17:43:24,430 | Cruise | lat=50.446080 lon=30.457135 alt=299.99m yaw=358.67deg | dist=711.5m | forward=-284.9 | right=-651.9 | roll=1480 pitch=1480 throttle=1488 | alt=299.99
2026-04-16 17:43:24,783 | Cruise | lat=50.446070 lon=30.457126 alt=299.97m yaw=358.67deg | dist=710.4m | forward=-283.8 | right=-651.2 | roll=1480 pitch=1480 throttle=1488 | alt=299.97
2026-04-16 17:43:25,135 | Cruise | lat=50.446051 lon=30.457108 alt=299.94m yaw=358.66deg | dist=708.3m | forward=-281.7 | right=-649.9 | roll=1480 pitch=1480 throttle=1488 | alt=299.94
2026-04-16 17:43:25,488 | Cruise | lat=50.446041 lon=30.457099 alt=299.92m yaw=358.66deg | dist=707.3m | forward=-280.7 | right=-649.2 | roll=1480 pitch=1480 throttle=1488 | alt=299.92
2026-04-16 17:43:25,842 | Cruise | lat=50.446022 lon=30.457081 alt=299.93m yaw=358.66deg | dist=705.2m | forward=-278.6 | right=-647.9 | roll=1480 pitch=1480 throttle=1488 | alt=299.93
2026-04-16 17:43:26,193 | Cruise | lat=50.446012 lon=30.457072 alt=299.92m yaw=358.66deg | dist=704.2m | forward=-277.5 | right=-647.2 | roll=1480 pitch=1480 throttle=1488 | alt=299.92
2026-04-16 17:43:26,544 | Cruise | lat=50.446002 lon=30.457063 alt=299.88m yaw=358.66deg | dist=703.2m | forward=-276.5 | right=-646.5 | roll=1480 pitch=1480 throttle=1488 | alt=299.88
2026-04-16 17:43:26,895 | Cruise | lat=50.445983 lon=30.457044 alt=299.82m yaw=358.66deg | dist=701.1m | forward=-274.3 | right=-645.2 | roll=1480 pitch=1480 throttle=1488 | alt=299.82
2026-04-16 17:43:27,247 | Cruise | lat=50.445973 lon=30.457036 alt=299.79m yaw=358.66deg | dist=700.0m | forward=-273.3 | right=-644.5 | roll=1480 pitch=1480 throttle=1488 | alt=299.79
2026-04-16 17:43:27,616 | Cruise | lat=50.445964 lon=30.457027 alt=299.70m yaw=358.67deg | dist=699.0m | forward=-272.2 | right=-643.8 | roll=1480 pitch=1480 throttle=1488 | alt=299.70
2026-04-16 17:43:28,009 | Cruise | lat=50.445944 lon=30.457009 alt=299.50m yaw=358.67deg | dist=697.0m | forward=-270.1 | right=-642.5 | roll=1480 pitch=1480 throttle=1488 | alt=299.50
2026-04-16 17:43:28,360 | Cruise | lat=50.445925 lon=30.456991 alt=299.35m yaw=358.66deg | dist=694.9m | forward=-268.0 | right=-641.1 | roll=1480 pitch=1480 throttle=1488 | alt=299.35
2026-04-16 17:43:28,712 | Cruise | lat=50.445915 lon=30.456982 alt=299.27m yaw=358.66deg | dist=693.9m | forward=-266.9 | right=-640.5 | roll=1480 pitch=1480 throttle=1488 | alt=299.27
2026-04-16 17:43:29,065 | Cruise | lat=50.445905 lon=30.456972 alt=299.21m yaw=358.66deg | dist=692.8m | forward=-265.9 | right=-639.8 | roll=1480 pitch=1480 throttle=1488 | alt=299.21
2026-04-16 17:43:29,416 | Cruise | lat=50.445886 lon=30.456954 alt=299.11m yaw=358.67deg | dist=690.8m | forward=-263.8 | right=-638.4 | roll=1480 pitch=1480 throttle=1488 | alt=299.11
2026-04-16 17:43:29,768 | Cruise | lat=50.445876 lon=30.456945 alt=299.06m yaw=358.67deg | dist=689.7m | forward=-262.7 | right=-637.7 | roll=1480 pitch=1480 throttle=1488 | alt=299.06
2026-04-16 17:43:30,120 | Cruise | lat=50.445857 lon=30.456927 alt=298.93m yaw=358.67deg | dist=687.7m | forward=-260.6 | right=-636.4 | roll=1480 pitch=1480 throttle=1492 | alt=298.93
2026-04-16 17:43:30,471 | Cruise | lat=50.445847 lon=30.456918 alt=298.85m yaw=358.68deg | dist=686.6m | forward=-259.5 | right=-635.7 | roll=1480 pitch=1480 throttle=1492 | alt=298.85
2026-04-16 17:43:30,822 | Cruise | lat=50.445838 lon=30.456909 alt=298.80m yaw=358.68deg | dist=685.6m | forward=-258.5 | right=-635.0 | roll=1480 pitch=1480 throttle=1492 | alt=298.80
2026-04-16 17:43:31,173 | Cruise | lat=50.445818 lon=30.456891 alt=298.74m yaw=358.68deg | dist=683.5m | forward=-256.3 | right=-633.6 | roll=1480 pitch=1480 throttle=1492 | alt=298.74
2026-04-16 17:43:31,527 | Cruise | lat=50.445808 lon=30.456881 alt=298.73m yaw=358.68deg | dist=682.5m | forward=-255.3 | right=-633.0 | roll=1480 pitch=1480 throttle=1492 | alt=298.73
2026-04-16 17:43:31,879 | Cruise | lat=50.445789 lon=30.456863 alt=298.74m yaw=358.68deg | dist=680.5m | forward=-253.2 | right=-631.6 | roll=1480 pitch=1480 throttle=1492 | alt=298.74
2026-04-16 17:43:32,231 | Cruise | lat=50.445780 lon=30.456854 alt=298.70m yaw=358.68deg | dist=679.5m | forward=-252.1 | right=-630.9 | roll=1480 pitch=1480 throttle=1492 | alt=298.70
2026-04-16 17:43:32,582 | Cruise | lat=50.445770 lon=30.456845 alt=298.67m yaw=358.68deg | dist=678.4m | forward=-251.1 | right=-630.3 | roll=1480 pitch=1480 throttle=1492 | alt=298.67
2026-04-16 17:43:32,934 | Cruise | lat=50.445751 lon=30.456827 alt=298.69m yaw=358.68deg | dist=676.4m | forward=-249.0 | right=-628.9 | roll=1480 pitch=1480 throttle=1492 | alt=298.69
2026-04-16 17:43:33,286 | Cruise | lat=50.445741 lon=30.456818 alt=298.72m yaw=358.68deg | dist=675.4m | forward=-248.0 | right=-628.2 | roll=1480 pitch=1480 throttle=1492 | alt=298.72
2026-04-16 17:43:33,637 | Cruise | lat=50.445722 lon=30.456799 alt=298.81m yaw=358.68deg | dist=673.3m | forward=-245.9 | right=-626.8 | roll=1480 pitch=1480 throttle=1492 | alt=298.81
2026-04-16 17:43:33,991 | Cruise | lat=50.445712 lon=30.456790 alt=298.90m yaw=358.68deg | dist=672.3m | forward=-244.8 | right=-626.1 | roll=1480 pitch=1480 throttle=1492 | alt=298.90
2026-04-16 17:43:34,343 | Cruise | lat=50.445702 lon=30.456781 alt=299.00m yaw=358.68deg | dist=671.3m | forward=-243.7 | right=-625.5 | roll=1480 pitch=1480 throttle=1488 | alt=299.00
2026-04-16 17:43:34,695 | Cruise | lat=50.445683 lon=30.456763 alt=299.23m yaw=358.68deg | dist=669.2m | forward=-241.6 | right=-624.1 | roll=1480 pitch=1480 throttle=1488 | alt=299.23
2026-04-16 17:43:35,050 | Cruise | lat=50.445673 lon=30.456754 alt=299.33m yaw=358.68deg | dist=668.2m | forward=-240.6 | right=-623.4 | roll=1480 pitch=1480 throttle=1488 | alt=299.33
2026-04-16 17:43:35,403 | Cruise | lat=50.445654 lon=30.456735 alt=299.53m yaw=358.68deg | dist=666.2m | forward=-238.5 | right=-622.0 | roll=1480 pitch=1480 throttle=1488 | alt=299.53
2026-04-16 17:43:35,755 | Cruise | lat=50.445644 lon=30.456726 alt=299.58m yaw=358.68deg | dist=665.2m | forward=-237.4 | right=-621.4 | roll=1480 pitch=1480 throttle=1488 | alt=299.58
2026-04-16 17:43:36,106 | Cruise | lat=50.445625 lon=30.456708 alt=299.69m yaw=358.68deg | dist=663.2m | forward=-235.3 | right=-620.0 | roll=1480 pitch=1480 throttle=1488 | alt=299.69
2026-04-16 17:43:36,458 | Cruise | lat=50.445615 lon=30.456699 alt=299.75m yaw=358.67deg | dist=662.1m | forward=-234.2 | right=-619.3 | roll=1480 pitch=1480 throttle=1488 | alt=299.75
2026-04-16 17:43:36,808 | Cruise | lat=50.445606 lon=30.456690 alt=299.80m yaw=358.67deg | dist=661.1m | forward=-233.2 | right=-618.6 | roll=1480 pitch=1480 throttle=1488 | alt=299.80
2026-04-16 17:43:37,160 | Cruise | lat=50.445586 lon=30.456672 alt=299.88m yaw=358.67deg | dist=659.1m | forward=-231.1 | right=-617.3 | roll=1480 pitch=1480 throttle=1488 | alt=299.88
2026-04-16 17:43:37,511 | Cruise | lat=50.445577 lon=30.456663 alt=299.86m yaw=358.66deg | dist=658.1m | forward=-230.0 | right=-616.6 | roll=1480 pitch=1480 throttle=1488 | alt=299.86
2026-04-16 17:43:37,862 | Cruise | lat=50.445557 lon=30.456645 alt=299.76m yaw=358.67deg | dist=656.1m | forward=-227.9 | right=-615.3 | roll=1480 pitch=1480 throttle=1488 | alt=299.76
2026-04-16 17:43:38,214 | Cruise | lat=50.445548 lon=30.456636 alt=299.72m yaw=358.68deg | dist=655.1m | forward=-226.9 | right=-614.6 | roll=1480 pitch=1480 throttle=1488 | alt=299.72
2026-04-16 17:43:38,565 | Cruise | lat=50.445538 lon=30.456627 alt=299.67m yaw=358.69deg | dist=654.1m | forward=-225.8 | right=-613.9 | roll=1480 pitch=1480 throttle=1488 | alt=299.67
2026-04-16 17:43:38,916 | Cruise | lat=50.445518 lon=30.456609 alt=299.61m yaw=358.70deg | dist=652.1m | forward=-223.7 | right=-612.6 | roll=1480 pitch=1480 throttle=1488 | alt=299.61
2026-04-16 17:43:39,268 | Cruise | lat=50.445509 lon=30.456599 alt=299.55m yaw=358.70deg | dist=651.1m | forward=-222.6 | right=-611.9 | roll=1480 pitch=1480 throttle=1488 | alt=299.55
2026-04-16 17:43:39,620 | Cruise | lat=50.445489 lon=30.456581 alt=299.34m yaw=358.70deg | dist=649.1m | forward=-220.5 | right=-610.5 | roll=1480 pitch=1480 throttle=1488 | alt=299.34
2026-04-16 17:43:39,971 | Cruise | lat=50.445479 lon=30.456573 alt=299.26m yaw=358.70deg | dist=648.1m | forward=-219.4 | right=-609.9 | roll=1480 pitch=1480 throttle=1488 | alt=299.26
2026-04-16 17:43:40,323 | Cruise | lat=50.445470 lon=30.456564 alt=299.17m yaw=358.71deg | dist=647.1m | forward=-218.4 | right=-609.2 | roll=1480 pitch=1480 throttle=1488 | alt=299.17
2026-04-16 17:43:40,674 | Cruise | lat=50.445450 lon=30.456546 alt=298.87m yaw=358.71deg | dist=645.2m | forward=-216.3 | right=-607.8 | roll=1480 pitch=1480 throttle=1492 | alt=298.87
2026-04-16 17:43:41,025 | Cruise | lat=50.445440 lon=30.456537 alt=298.71m yaw=358.71deg | dist=644.2m | forward=-215.2 | right=-607.2 | roll=1480 pitch=1480 throttle=1492 | alt=298.71
2026-04-16 17:43:41,376 | Cruise | lat=50.445421 lon=30.456519 alt=298.45m yaw=358.71deg | dist=642.2m | forward=-213.1 | right=-605.8 | roll=1480 pitch=1480 throttle=1492 | alt=298.45
2026-04-16 17:43:41,731 | Cruise | lat=50.445411 lon=30.456509 alt=298.36m yaw=358.71deg | dist=641.2m | forward=-212.0 | right=-605.1 | roll=1480 pitch=1480 throttle=1492 | alt=298.36
2026-04-16 17:43:42,083 | Cruise | lat=50.445402 lon=30.456501 alt=298.30m yaw=358.71deg | dist=640.2m | forward=-210.9 | right=-604.5 | roll=1480 pitch=1480 throttle=1492 | alt=298.30
2026-04-16 17:43:42,435 | Cruise | lat=50.445382 lon=30.456482 alt=298.29m yaw=358.69deg | dist=638.2m | forward=-208.8 | right=-603.1 | roll=1480 pitch=1480 throttle=1492 | alt=298.29
2026-04-16 17:43:42,788 | Cruise | lat=50.445372 lon=30.456474 alt=298.28m yaw=358.68deg | dist=637.3m | forward=-207.8 | right=-602.5 | roll=1480 pitch=1480 throttle=1492 | alt=298.28
2026-04-16 17:43:43,141 | Cruise | lat=50.445353 lon=30.456456 alt=298.30m yaw=358.68deg | dist=635.3m | forward=-205.6 | right=-601.1 | roll=1480 pitch=1480 throttle=1492 | alt=298.30
2026-04-16 17:43:43,493 | Cruise | lat=50.445343 lon=30.456447 alt=298.29m yaw=358.68deg | dist=634.3m | forward=-204.6 | right=-600.4 | roll=1480 pitch=1480 throttle=1492 | alt=298.29
2026-04-16 17:43:43,844 | Cruise | lat=50.445333 lon=30.456438 alt=298.26m yaw=358.68deg | dist=633.3m | forward=-203.5 | right=-599.8 | roll=1480 pitch=1480 throttle=1492 | alt=298.26
2026-04-16 17:43:44,195 | Cruise | lat=50.445314 lon=30.456420 alt=298.23m yaw=358.67deg | dist=631.4m | forward=-201.4 | right=-598.4 | roll=1480 pitch=1480 throttle=1492 | alt=298.23
2026-04-16 17:43:44,546 | Cruise | lat=50.445304 lon=30.456411 alt=298.21m yaw=358.67deg | dist=630.4m | forward=-200.3 | right=-597.8 | roll=1480 pitch=1480 throttle=1492 | alt=298.21
2026-04-16 17:43:44,897 | Cruise | lat=50.445285 lon=30.456393 alt=298.21m yaw=358.67deg | dist=628.5m | forward=-198.2 | right=-596.4 | roll=1480 pitch=1481 throttle=1492 | alt=298.21
2026-04-16 17:43:45,248 | Cruise | lat=50.445275 lon=30.456384 alt=298.26m yaw=358.67deg | dist=627.5m | forward=-197.2 | right=-595.8 | roll=1480 pitch=1481 throttle=1492 | alt=298.26
2026-04-16 17:43:45,601 | Cruise | lat=50.445266 lon=30.456375 alt=298.32m yaw=358.68deg | dist=626.6m | forward=-196.1 | right=-595.1 | roll=1480 pitch=1481 throttle=1492 | alt=298.32
2026-04-16 17:43:45,952 | Cruise | lat=50.445246 lon=30.456357 alt=298.50m yaw=358.67deg | dist=624.6m | forward=-194.0 | right=-593.7 | roll=1480 pitch=1481 throttle=1492 | alt=298.50
2026-04-16 17:43:46,305 | Cruise | lat=50.445237 lon=30.456348 alt=298.64m yaw=358.67deg | dist=623.7m | forward=-193.0 | right=-593.1 | roll=1480 pitch=1481 throttle=1492 | alt=298.64
2026-04-16 17:43:46,657 | Cruise | lat=50.445217 lon=30.456330 alt=298.98m yaw=358.67deg | dist=621.8m | forward=-190.9 | right=-591.7 | roll=1480 pitch=1481 throttle=1492 | alt=298.98
2026-04-16 17:43:47,008 | Cruise | lat=50.445208 lon=30.456322 alt=299.16m yaw=358.67deg | dist=620.8m | forward=-189.8 | right=-591.1 | roll=1480 pitch=1482 throttle=1488 | alt=299.16
2026-04-16 17:43:47,360 | Cruise | lat=50.445189 lon=30.456304 alt=299.48m yaw=358.66deg | dist=618.9m | forward=-187.7 | right=-589.7 | roll=1480 pitch=1482 throttle=1488 | alt=299.48
2026-04-16 17:43:47,711 | Cruise | lat=50.445179 lon=30.456295 alt=299.59m yaw=358.66deg | dist=617.9m | forward=-186.6 | right=-589.1 | roll=1480 pitch=1482 throttle=1488 | alt=299.59
2026-04-16 17:43:48,062 | Cruise | lat=50.445169 lon=30.456286 alt=299.69m yaw=358.66deg | dist=617.0m | forward=-185.6 | right=-588.4 | roll=1480 pitch=1482 throttle=1488 | alt=299.69
2026-04-16 17:43:48,414 | Cruise | lat=50.445150 lon=30.456268 alt=299.94m yaw=358.67deg | dist=615.1m | forward=-183.5 | right=-587.0 | roll=1480 pitch=1482 throttle=1488 | alt=299.94
2026-04-16 17:43:48,765 | Cruise | lat=50.445141 lon=30.456259 alt=300.04m yaw=358.68deg | dist=614.1m | forward=-182.5 | right=-586.4 | roll=1480 pitch=1482 throttle=1488 | alt=300.04
2026-04-16 17:43:49,116 | Cruise | lat=50.445121 lon=30.456241 alt=300.17m yaw=358.69deg | dist=612.2m | forward=-180.4 | right=-585.0 | roll=1480 pitch=1482 throttle=1488 | alt=300.17
2026-04-16 17:43:49,467 | Cruise | lat=50.445112 lon=30.456232 alt=300.24m yaw=358.69deg | dist=611.2m | forward=-179.3 | right=-584.3 | roll=1480 pitch=1483 throttle=1488 | alt=300.24
2026-04-16 17:43:49,819 | Cruise | lat=50.445102 lon=30.456222 alt=300.32m yaw=358.70deg | dist=610.3m | forward=-178.3 | right=-583.7 | roll=1480 pitch=1483 throttle=1488 | alt=300.32
2026-04-16 17:43:50,171 | Cruise | lat=50.445083 lon=30.456204 alt=300.45m yaw=358.70deg | dist=608.4m | forward=-176.2 | right=-582.3 | roll=1480 pitch=1483 throttle=1488 | alt=300.45
2026-04-16 17:43:50,523 | Cruise | lat=50.445073 lon=30.456196 alt=300.49m yaw=358.70deg | dist=607.4m | forward=-175.2 | right=-581.6 | roll=1480 pitch=1483 throttle=1488 | alt=300.49
2026-04-16 17:43:50,875 | Cruise | lat=50.445054 lon=30.456178 alt=300.56m yaw=358.71deg | dist=605.6m | forward=-173.0 | right=-580.3 | roll=1480 pitch=1483 throttle=1488 | alt=300.56
2026-04-16 17:43:51,226 | Cruise | lat=50.445045 lon=30.456169 alt=300.59m yaw=358.71deg | dist=604.6m | forward=-172.0 | right=-579.6 | roll=1480 pitch=1483 throttle=1488 | alt=300.59
2026-04-16 17:43:51,579 | Cruise | lat=50.445035 lon=30.456160 alt=300.63m yaw=358.71deg | dist=603.7m | forward=-170.9 | right=-579.0 | roll=1480 pitch=1483 throttle=1488 | alt=300.63
2026-04-16 17:43:51,931 | Cruise | lat=50.445015 lon=30.456142 alt=300.69m yaw=358.72deg | dist=601.8m | forward=-168.8 | right=-577.6 | roll=1480 pitch=1484 throttle=1488 | alt=300.69
2026-04-16 17:43:52,283 | Cruise | lat=50.445006 lon=30.456133 alt=300.71m yaw=358.73deg | dist=600.8m | forward=-167.7 | right=-576.9 | roll=1480 pitch=1484 throttle=1488 | alt=300.71
2026-04-16 17:43:52,634 | Cruise | lat=50.444986 lon=30.456115 alt=300.80m yaw=358.70deg | dist=599.0m | forward=-165.6 | right=-575.6 | roll=1480 pitch=1484 throttle=1488 | alt=300.80
2026-04-16 17:43:52,986 | Cruise | lat=50.444976 lon=30.456106 alt=300.84m yaw=358.70deg | dist=598.0m | forward=-164.6 | right=-574.9 | roll=1480 pitch=1484 throttle=1488 | alt=300.84
2026-04-16 17:43:53,337 | Cruise | lat=50.444967 lon=30.456097 alt=300.86m yaw=358.70deg | dist=597.1m | forward=-163.5 | right=-574.3 | roll=1480 pitch=1484 throttle=1488 | alt=300.86
2026-04-16 17:43:53,688 | Cruise | lat=50.444947 lon=30.456079 alt=300.91m yaw=358.70deg | dist=595.2m | forward=-161.4 | right=-572.9 | roll=1480 pitch=1484 throttle=1488 | alt=300.91
2026-04-16 17:43:54,039 | Cruise | lat=50.444938 lon=30.456070 alt=300.93m yaw=358.69deg | dist=594.3m | forward=-160.3 | right=-572.2 | roll=1480 pitch=1484 throttle=1488 | alt=300.93
2026-04-16 17:43:54,390 | Cruise | lat=50.444918 lon=30.456052 alt=300.97m yaw=358.69deg | dist=592.4m | forward=-158.2 | right=-570.9 | roll=1480 pitch=1485 throttle=1488 | alt=300.97
2026-04-16 17:43:54,742 | Cruise | lat=50.444909 lon=30.456043 alt=300.96m yaw=358.69deg | dist=591.5m | forward=-157.2 | right=-570.2 | roll=1480 pitch=1485 throttle=1488 | alt=300.96
2026-04-16 17:43:55,094 | Cruise | lat=50.444899 lon=30.456035 alt=300.97m yaw=358.69deg | dist=590.6m | forward=-156.1 | right=-569.6 | roll=1480 pitch=1485 throttle=1488 | alt=300.97
2026-04-16 17:43:55,445 | Cruise | lat=50.444880 lon=30.456017 alt=300.97m yaw=358.68deg | dist=588.8m | forward=-154.0 | right=-568.3 | roll=1480 pitch=1485 throttle=1488 | alt=300.97
2026-04-16 17:43:55,796 | Cruise | lat=50.444870 lon=30.456008 alt=300.96m yaw=358.68deg | dist=587.9m | forward=-153.0 | right=-567.6 | roll=1480 pitch=1485 throttle=1488 | alt=300.96
2026-04-16 17:43:56,148 | Cruise | lat=50.444851 lon=30.455990 alt=300.98m yaw=358.67deg | dist=586.0m | forward=-150.9 | right=-566.3 | roll=1480 pitch=1485 throttle=1488 | alt=300.98
2026-04-16 17:43:56,499 | Cruise | lat=50.444841 lon=30.455981 alt=301.02m yaw=358.67deg | dist=585.1m | forward=-149.8 | right=-565.6 | roll=1480 pitch=1486 throttle=1478 | alt=301.02
2026-04-16 17:43:56,850 | Cruise | lat=50.444831 lon=30.455973 alt=301.06m yaw=358.67deg | dist=584.2m | forward=-148.7 | right=-564.9 | roll=1480 pitch=1486 throttle=1478 | alt=301.06
2026-04-16 17:43:57,202 | Cruise | lat=50.444812 lon=30.455955 alt=301.11m yaw=358.69deg | dist=582.4m | forward=-146.6 | right=-563.6 | roll=1480 pitch=1486 throttle=1478 | alt=301.11
2026-04-16 17:43:57,554 | Cruise | lat=50.444802 lon=30.455946 alt=301.09m yaw=358.68deg | dist=581.5m | forward=-145.5 | right=-563.0 | roll=1480 pitch=1486 throttle=1478 | alt=301.09
2026-04-16 17:43:57,905 | Cruise | lat=50.444782 lon=30.455928 alt=301.09m yaw=358.69deg | dist=579.6m | forward=-143.4 | right=-561.6 | roll=1480 pitch=1486 throttle=1478 | alt=301.09
2026-04-16 17:43:58,256 | Cruise | lat=50.444773 lon=30.455919 alt=301.11m yaw=358.68deg | dist=578.7m | forward=-142.3 | right=-561.0 | roll=1480 pitch=1486 throttle=1478 | alt=301.11
2026-04-16 17:43:58,607 | Cruise | lat=50.444753 lon=30.455902 alt=301.12m yaw=358.68deg | dist=576.9m | forward=-140.2 | right=-559.6 | roll=1480 pitch=1486 throttle=1478 | alt=301.12
2026-04-16 17:43:58,959 | Cruise | lat=50.444744 lon=30.455893 alt=301.13m yaw=358.69deg | dist=576.0m | forward=-139.2 | right=-559.0 | roll=1480 pitch=1487 throttle=1478 | alt=301.13
2026-04-16 17:43:59,310 | Cruise | lat=50.444734 lon=30.455884 alt=301.09m yaw=358.70deg | dist=575.1m | forward=-138.1 | right=-558.3 | roll=1480 pitch=1487 throttle=1478 | alt=301.09
2026-04-16 17:43:59,662 | Cruise | lat=50.444715 lon=30.455866 alt=300.97m yaw=358.69deg | dist=573.3m | forward=-136.0 | right=-557.0 | roll=1480 pitch=1487 throttle=1488 | alt=300.97
2026-04-16 17:44:00,014 | Cruise | lat=50.444705 lon=30.455857 alt=300.91m yaw=358.69deg | dist=572.4m | forward=-135.0 | right=-556.3 | roll=1480 pitch=1487 throttle=1488 | alt=300.91
2026-04-16 17:44:00,367 | Cruise | lat=50.444696 lon=30.455848 alt=300.87m yaw=358.69deg | dist=571.5m | forward=-133.9 | right=-555.6 | roll=1480 pitch=1487 throttle=1488 | alt=300.87
2026-04-16 17:44:00,718 | Cruise | lat=50.444676 lon=30.455830 alt=300.84m yaw=358.69deg | dist=569.7m | forward=-131.8 | right=-554.3 | roll=1480 pitch=1487 throttle=1488 | alt=300.84
2026-04-16 17:44:01,070 | Cruise | lat=50.444667 lon=30.455821 alt=300.84m yaw=358.69deg | dist=568.9m | forward=-130.8 | right=-553.6 | roll=1480 pitch=1487 throttle=1488 | alt=300.84
2026-04-16 17:44:01,421 | Cruise | lat=50.444647 lon=30.455803 alt=300.84m yaw=358.69deg | dist=567.1m | forward=-128.7 | right=-552.3 | roll=1480 pitch=1488 throttle=1488 | alt=300.84
2026-04-16 17:44:01,772 | Cruise | lat=50.444638 lon=30.455794 alt=300.86m yaw=358.69deg | dist=566.2m | forward=-127.6 | right=-551.6 | roll=1480 pitch=1488 throttle=1488 | alt=300.86
2026-04-16 17:44:02,124 | Cruise | lat=50.444628 lon=30.455786 alt=300.89m yaw=358.69deg | dist=565.3m | forward=-126.6 | right=-550.9 | roll=1480 pitch=1488 throttle=1488 | alt=300.89
2026-04-16 17:44:02,477 | Cruise | lat=50.444609 lon=30.455768 alt=300.93m yaw=358.69deg | dist=563.5m | forward=-124.5 | right=-549.6 | roll=1480 pitch=1488 throttle=1488 | alt=300.93
2026-04-16 17:44:02,829 | Cruise | lat=50.444599 lon=30.455759 alt=300.91m yaw=358.69deg | dist=562.6m | forward=-123.4 | right=-548.9 | roll=1480 pitch=1488 throttle=1488 | alt=300.91
2026-04-16 17:44:03,180 | Cruise | lat=50.444580 lon=30.455741 alt=300.98m yaw=358.68deg | dist=560.9m | forward=-121.3 | right=-547.6 | roll=1480 pitch=1488 throttle=1488 | alt=300.98
2026-04-16 17:44:03,531 | Cruise | lat=50.444570 lon=30.455732 alt=301.04m yaw=358.68deg | dist=560.0m | forward=-120.3 | right=-546.9 | roll=1480 pitch=1488 throttle=1478 | alt=301.04
2026-04-16 17:44:03,882 | Cruise | lat=50.444551 lon=30.455714 alt=301.11m yaw=358.69deg | dist=558.2m | forward=-118.2 | right=-545.6 | roll=1480 pitch=1489 throttle=1478 | alt=301.11
2026-04-16 17:44:04,234 | Cruise | lat=50.444541 lon=30.455705 alt=301.08m yaw=358.68deg | dist=557.3m | forward=-117.1 | right=-544.9 | roll=1480 pitch=1489 throttle=1478 | alt=301.08
2026-04-16 17:44:04,585 | Cruise | lat=50.444532 lon=30.455696 alt=301.03m yaw=358.68deg | dist=556.5m | forward=-116.1 | right=-544.2 | roll=1480 pitch=1489 throttle=1478 | alt=301.03
2026-04-16 17:44:04,936 | Cruise | lat=50.444512 lon=30.455678 alt=300.89m yaw=358.68deg | dist=554.7m | forward=-114.0 | right=-542.9 | roll=1480 pitch=1489 throttle=1488 | alt=300.89
2026-04-16 17:44:05,287 | Cruise | lat=50.444503 lon=30.455669 alt=300.80m yaw=358.69deg | dist=553.8m | forward=-112.9 | right=-542.2 | roll=1480 pitch=1489 throttle=1488 | alt=300.80
2026-04-16 17:44:05,639 | Cruise | lat=50.444484 lon=30.455651 alt=300.64m yaw=358.69deg | dist=552.1m | forward=-110.8 | right=-540.9 | roll=1480 pitch=1489 throttle=1488 | alt=300.64
2026-04-16 17:44:05,990 | Cruise | lat=50.444474 lon=30.455642 alt=300.54m yaw=358.69deg | dist=551.2m | forward=-109.8 | right=-540.2 | roll=1480 pitch=1490 throttle=1488 | alt=300.54
2026-04-16 17:44:06,341 | Cruise | lat=50.444464 lon=30.455632 alt=300.45m yaw=358.69deg | dist=550.3m | forward=-108.7 | right=-539.5 | roll=1480 pitch=1490 throttle=1488 | alt=300.45
2026-04-16 17:44:06,692 | Cruise | lat=50.444445 lon=30.455614 alt=300.31m yaw=358.69deg | dist=548.6m | forward=-106.6 | right=-538.1 | roll=1480 pitch=1490 throttle=1488 | alt=300.31
2026-04-16 17:44:07,043 | Cruise | lat=50.444435 lon=30.455605 alt=300.30m yaw=358.68deg | dist=547.7m | forward=-105.6 | right=-537.5 | roll=1480 pitch=1490 throttle=1488 | alt=300.30
2026-04-16 17:44:07,395 | Cruise | lat=50.444416 lon=30.455587 alt=300.31m yaw=358.68deg | dist=546.0m | forward=-103.5 | right=-536.1 | roll=1480 pitch=1490 throttle=1488 | alt=300.31
2026-04-16 17:44:07,746 | Cruise | lat=50.444406 lon=30.455578 alt=300.37m yaw=358.68deg | dist=545.1m | forward=-102.4 | right=-535.4 | roll=1480 pitch=1490 throttle=1488 | alt=300.37
2026-04-16 17:44:08,097 | Cruise | lat=50.444397 lon=30.455569 alt=300.43m yaw=358.68deg | dist=544.3m | forward=-101.4 | right=-534.8 | roll=1480 pitch=1490 throttle=1488 | alt=300.43
2026-04-16 17:44:08,448 | Cruise | lat=50.444377 lon=30.455551 alt=300.56m yaw=358.67deg | dist=542.6m | forward=-99.2 | right=-533.4 | roll=1480 pitch=1491 throttle=1488 | alt=300.56
2026-04-16 17:44:08,800 | Cruise | lat=50.444368 lon=30.455542 alt=300.59m yaw=358.67deg | dist=541.7m | forward=-98.2 | right=-532.7 | roll=1480 pitch=1491 throttle=1488 | alt=300.59
2026-04-16 17:44:09,151 | Cruise | lat=50.444348 lon=30.455525 alt=300.67m yaw=358.67deg | dist=540.0m | forward=-96.1 | right=-531.4 | roll=1480 pitch=1491 throttle=1488 | alt=300.67
2026-04-16 17:44:09,504 | Cruise | lat=50.444339 lon=30.455516 alt=300.71m yaw=358.68deg | dist=539.2m | forward=-95.0 | right=-530.7 | roll=1480 pitch=1491 throttle=1488 | alt=300.71
2026-04-16 17:44:09,855 | Cruise | lat=50.444329 lon=30.455507 alt=300.75m yaw=358.68deg | dist=538.3m | forward=-94.0 | right=-530.1 | roll=1480 pitch=1491 throttle=1488 | alt=300.75
2026-04-16 17:44:10,207 | Cruise | lat=50.444310 lon=30.455489 alt=300.78m yaw=358.68deg | dist=536.7m | forward=-91.9 | right=-528.7 | roll=1480 pitch=1491 throttle=1488 | alt=300.78
2026-04-16 17:44:10,558 | Cruise | lat=50.444300 lon=30.455480 alt=300.81m yaw=358.69deg | dist=535.8m | forward=-90.8 | right=-528.1 | roll=1480 pitch=1491 throttle=1488 | alt=300.81
2026-04-16 17:44:10,909 | Cruise | lat=50.444281 lon=30.455462 alt=300.81m yaw=358.69deg | dist=534.1m | forward=-88.7 | right=-526.7 | roll=1480 pitch=1492 throttle=1488 | alt=300.81
2026-04-16 17:44:11,261 | Cruise | lat=50.444271 lon=30.455453 alt=300.81m yaw=358.69deg | dist=533.3m | forward=-87.7 | right=-526.1 | roll=1480 pitch=1492 throttle=1488 | alt=300.81
2026-04-16 17:44:11,612 | Cruise | lat=50.444262 lon=30.455444 alt=300.79m yaw=358.69deg | dist=532.5m | forward=-86.6 | right=-525.4 | roll=1480 pitch=1492 throttle=1488 | alt=300.79
2026-04-16 17:44:11,964 | Cruise | lat=50.444242 lon=30.455426 alt=300.69m yaw=358.69deg | dist=530.8m | forward=-84.5 | right=-524.1 | roll=1480 pitch=1492 throttle=1488 | alt=300.69
2026-04-16 17:44:12,315 | Cruise | lat=50.444233 lon=30.455417 alt=300.64m yaw=358.69deg | dist=530.0m | forward=-83.5 | right=-523.4 | roll=1480 pitch=1492 throttle=1488 | alt=300.64
2026-04-16 17:44:12,666 | Cruise | lat=50.444213 lon=30.455399 alt=300.56m yaw=358.68deg | dist=528.3m | forward=-81.3 | right=-522.0 | roll=1480 pitch=1492 throttle=1488 | alt=300.56
2026-04-16 17:44:13,018 | Cruise | lat=50.444204 lon=30.455390 alt=300.54m yaw=358.68deg | dist=527.5m | forward=-80.3 | right=-521.4 | roll=1480 pitch=1492 throttle=1488 | alt=300.54
2026-04-16 17:44:13,369 | Cruise | lat=50.444194 lon=30.455381 alt=300.55m yaw=358.67deg | dist=526.7m | forward=-79.2 | right=-520.7 | roll=1480 pitch=1493 throttle=1488 | alt=300.55
2026-04-16 17:44:13,720 | Cruise | lat=50.444175 lon=30.455363 alt=300.57m yaw=358.67deg | dist=525.0m | forward=-77.1 | right=-519.3 | roll=1480 pitch=1493 throttle=1488 | alt=300.57
2026-04-16 17:44:14,071 | Cruise | lat=50.444165 lon=30.455354 alt=300.54m yaw=358.67deg | dist=524.2m | forward=-76.1 | right=-518.7 | roll=1480 pitch=1493 throttle=1488 | alt=300.54
2026-04-16 17:44:14,422 | Cruise | lat=50.444146 lon=30.455337 alt=300.54m yaw=358.67deg | dist=522.6m | forward=-74.0 | right=-517.3 | roll=1480 pitch=1493 throttle=1488 | alt=300.54
2026-04-16 17:44:14,774 | Cruise | lat=50.444136 lon=30.455327 alt=300.58m yaw=358.66deg | dist=521.8m | forward=-72.9 | right=-516.7 | roll=1480 pitch=1493 throttle=1488 | alt=300.58
2026-04-16 17:44:15,125 | Cruise | lat=50.444117 lon=30.455310 alt=300.65m yaw=358.66deg | dist=520.2m | forward=-70.8 | right=-515.3 | roll=1480 pitch=1493 throttle=1488 | alt=300.65
2026-04-16 17:44:15,476 | Cruise | lat=50.444107 lon=30.455301 alt=300.68m yaw=358.66deg | dist=519.4m | forward=-69.8 | right=-514.6 | roll=1480 pitch=1494 throttle=1488 | alt=300.68
2026-04-16 17:44:15,828 | Cruise | lat=50.444098 lon=30.455292 alt=300.70m yaw=358.66deg | dist=518.6m | forward=-68.8 | right=-514.0 | roll=1480 pitch=1494 throttle=1488 | alt=300.70
2026-04-16 17:44:16,178 | Cruise | lat=50.444079 lon=30.455274 alt=300.77m yaw=358.68deg | dist=517.0m | forward=-66.6 | right=-512.6 | roll=1480 pitch=1494 throttle=1488 | alt=300.77
2026-04-16 17:44:16,529 | Cruise | lat=50.444069 lon=30.455265 alt=300.82m yaw=358.69deg | dist=516.2m | forward=-65.6 | right=-512.0 | roll=1480 pitch=1494 throttle=1488 | alt=300.82
2026-04-16 17:44:16,881 | Cruise | lat=50.444049 lon=30.455247 alt=300.91m yaw=358.69deg | dist=514.6m | forward=-63.5 | right=-510.6 | roll=1480 pitch=1494 throttle=1488 | alt=300.91
2026-04-16 17:44:17,233 | Cruise | lat=50.444040 lon=30.455238 alt=300.94m yaw=358.69deg | dist=513.8m | forward=-62.4 | right=-509.9 | roll=1480 pitch=1494 throttle=1488 | alt=300.94
2026-04-16 17:44:17,584 | Cruise | lat=50.444030 lon=30.455229 alt=300.96m yaw=358.69deg | dist=513.0m | forward=-61.4 | right=-509.3 | roll=1480 pitch=1494 throttle=1488 | alt=300.96
2026-04-16 17:44:17,935 | Cruise | lat=50.444011 lon=30.455211 alt=300.96m yaw=358.68deg | dist=511.4m | forward=-59.3 | right=-507.9 | roll=1480 pitch=1495 throttle=1488 | alt=300.96
2026-04-16 17:44:18,287 | Cruise | lat=50.444001 lon=30.455202 alt=300.94m yaw=358.68deg | dist=510.6m | forward=-58.2 | right=-507.3 | roll=1480 pitch=1495 throttle=1488 | alt=300.94
2026-04-16 17:44:18,638 | Cruise | lat=50.443982 lon=30.455184 alt=300.94m yaw=358.67deg | dist=509.0m | forward=-56.1 | right=-505.9 | roll=1480 pitch=1495 throttle=1488 | alt=300.94
2026-04-16 17:44:18,989 | Cruise | lat=50.443972 lon=30.455175 alt=300.98m yaw=358.67deg | dist=508.3m | forward=-55.0 | right=-505.3 | roll=1480 pitch=1495 throttle=1488 | alt=300.98
2026-04-16 17:44:19,341 | Cruise | lat=50.443962 lon=30.455167 alt=301.01m yaw=358.67deg | dist=507.5m | forward=-54.0 | right=-504.6 | roll=1480 pitch=1495 throttle=1478 | alt=301.01
2026-04-16 17:44:19,693 | Cruise | lat=50.443943 lon=30.455149 alt=301.09m yaw=358.69deg | dist=506.0m | forward=-51.9 | right=-503.3 | roll=1480 pitch=1495 throttle=1478 | alt=301.09
2026-04-16 17:44:20,044 | Cruise | lat=50.443933 lon=30.455140 alt=301.10m yaw=358.69deg | dist=505.2m | forward=-50.8 | right=-502.6 | roll=1480 pitch=1495 throttle=1478 | alt=301.10
2026-04-16 17:44:20,395 | Cruise | lat=50.443914 lon=30.455122 alt=301.14m yaw=358.69deg | dist=503.7m | forward=-48.7 | right=-501.3 | roll=1480 pitch=1496 throttle=1478 | alt=301.14
2026-04-16 17:44:20,746 | Cruise | lat=50.443905 lon=30.455113 alt=301.15m yaw=358.68deg | dist=502.9m | forward=-47.7 | right=-500.6 | roll=1480 pitch=1496 throttle=1478 | alt=301.15
2026-04-16 17:44:21,097 | Cruise | lat=50.443895 lon=30.455104 alt=301.12m yaw=358.69deg | dist=502.1m | forward=-46.6 | right=-500.0 | roll=1480 pitch=1496 throttle=1478 | alt=301.12
2026-04-16 17:44:21,449 | Cruise | lat=50.443875 lon=30.455087 alt=300.93m yaw=358.69deg | dist=500.6m | forward=-44.5 | right=-498.6 | roll=1480 pitch=1496 throttle=1488 | alt=300.93
2026-04-16 17:44:21,801 | Cruise | lat=50.443866 lon=30.455078 alt=300.82m yaw=358.69deg | dist=499.9m | forward=-43.4 | right=-498.0 | roll=1484 pitch=1497 throttle=1488 | alt=300.82
2026-04-16 17:44:22,152 | Cruise | lat=50.443846 lon=30.455060 alt=300.65m yaw=358.69deg | dist=498.4m | forward=-41.3 | right=-496.6 | roll=1484 pitch=1497 throttle=1488 | alt=300.65
2026-04-16 17:44:22,504 | Cruise | lat=50.443837 lon=30.455051 alt=300.61m yaw=358.69deg | dist=497.6m | forward=-40.3 | right=-496.0 | roll=1484 pitch=1497 throttle=1488 | alt=300.61
2026-04-16 17:44:22,855 | Cruise | lat=50.443827 lon=30.455043 alt=300.60m yaw=358.69deg | dist=496.9m | forward=-39.2 | right=-495.3 | roll=1484 pitch=1497 throttle=1488 | alt=300.60
2026-04-16 17:44:23,206 | Cruise | lat=50.443807 lon=30.455025 alt=300.62m yaw=358.68deg | dist=495.4m | forward=-37.1 | right=-494.0 | roll=1484 pitch=1498 throttle=1488 | alt=300.62
2026-04-16 17:44:23,558 | Cruise | lat=50.443798 lon=30.455016 alt=300.70m yaw=358.68deg | dist=494.7m | forward=-36.0 | right=-493.3 | roll=1484 pitch=1498 throttle=1488 | alt=300.70
2026-04-16 17:44:23,909 | Cruise | lat=50.443778 lon=30.454998 alt=300.85m yaw=358.68deg | dist=493.2m | forward=-33.9 | right=-492.0 | roll=1484 pitch=1498 throttle=1488 | alt=300.85
2026-04-16 17:44:24,261 | Cruise | lat=50.443768 lon=30.454990 alt=300.93m yaw=358.69deg | dist=492.5m | forward=-32.8 | right=-491.4 | roll=1484 pitch=1498 throttle=1488 | alt=300.93
2026-04-16 17:44:24,612 | Cruise | lat=50.443749 lon=30.454972 alt=301.09m yaw=358.68deg | dist=491.0m | forward=-30.7 | right=-490.0 | roll=1484 pitch=1498 throttle=1478 | alt=301.09
2026-04-16 17:44:24,964 | Cruise | lat=50.443739 lon=30.454963 alt=301.14m yaw=358.69deg | dist=490.3m | forward=-29.6 | right=-489.4 | roll=1484 pitch=1498 throttle=1478 | alt=301.14
2026-04-16 17:44:25,315 | Cruise | lat=50.443730 lon=30.454954 alt=301.14m yaw=358.69deg | dist=489.6m | forward=-28.6 | right=-488.7 | roll=1484 pitch=1498 throttle=1478 | alt=301.14
2026-04-16 17:44:25,666 | Cruise | lat=50.443710 lon=30.454937 alt=301.06m yaw=358.70deg | dist=488.1m | forward=-26.5 | right=-487.4 | roll=1484 pitch=1498 throttle=1478 | alt=301.06
2026-04-16 17:44:26,017 | Cruise | lat=50.443700 lon=30.454928 alt=300.97m yaw=358.69deg | dist=487.4m | forward=-25.4 | right=-486.8 | roll=1484 pitch=1498 throttle=1488 | alt=300.97
2026-04-16 17:44:26,368 | Cruise | lat=50.443691 lon=30.454919 alt=300.90m yaw=358.69deg | dist=486.7m | forward=-24.4 | right=-486.1 | roll=1484 pitch=1499 throttle=1488 | alt=300.90
2026-04-16 17:44:26,719 | Cruise | lat=50.443672 lon=30.454902 alt=300.75m yaw=358.69deg | dist=485.3m | forward=-22.2 | right=-484.8 | roll=1484 pitch=1499 throttle=1488 | alt=300.75
2026-04-16 17:44:27,071 | Cruise | lat=50.443662 lon=30.454893 alt=300.71m yaw=358.69deg | dist=484.6m | forward=-21.2 | right=-484.1 | roll=1484 pitch=1499 throttle=1488 | alt=300.71
2026-04-16 17:44:27,422 | Cruise | lat=50.443642 lon=30.454875 alt=300.65m yaw=358.70deg | dist=483.2m | forward=-19.1 | right=-482.8 | roll=1484 pitch=1499 throttle=1488 | alt=300.65
2026-04-16 17:44:27,774 | Cruise | lat=50.443633 lon=30.454867 alt=300.64m yaw=358.70deg | dist=482.5m | forward=-18.0 | right=-482.1 | roll=1484 pitch=1499 throttle=1488 | alt=300.64
2026-04-16 17:44:28,125 | Cruise | lat=50.443623 lon=30.454858 alt=300.63m yaw=358.71deg | dist=481.8m | forward=-16.9 | right=-481.5 | roll=1484 pitch=1499 throttle=1488 | alt=300.63
2026-04-16 17:44:28,476 | Cruise | lat=50.443604 lon=30.454840 alt=300.58m yaw=358.72deg | dist=480.4m | forward=-14.8 | right=-480.1 | roll=1484 pitch=1499 throttle=1488 | alt=300.58
2026-04-16 17:44:28,828 | Cruise | lat=50.443594 lon=30.454831 alt=300.55m yaw=358.72deg | dist=479.7m | forward=-13.8 | right=-479.5 | roll=1484 pitch=1499 throttle=1488 | alt=300.55
2026-04-16 17:44:29,179 | Cruise | lat=50.443574 lon=30.454813 alt=300.54m yaw=358.72deg | dist=478.3m | forward=-11.6 | right=-478.1 | roll=1484 pitch=1500 throttle=1488 | alt=300.54
2026-04-16 17:44:29,530 | Cruise | lat=50.443565 lon=30.454804 alt=300.53m yaw=358.71deg | dist=477.6m | forward=-10.6 | right=-477.5 | roll=1484 pitch=1500 throttle=1488 | alt=300.53
2026-04-16 17:44:29,881 | Cruise | lat=50.443555 lon=30.454795 alt=300.52m yaw=358.70deg | dist=476.9m | forward=-9.5 | right=-476.8 | roll=1484 pitch=1500 throttle=1488 | alt=300.52
2026-04-16 17:44:30,232 | Cruise | lat=50.443536 lon=30.454778 alt=300.46m yaw=358.68deg | dist=475.5m | forward=-7.4 | right=-475.5 | roll=1484 pitch=1500 throttle=1488 | alt=300.46
2026-04-16 17:44:30,583 | Cruise | lat=50.443526 lon=30.454769 alt=300.44m yaw=358.68deg | dist=474.8m | forward=-6.4 | right=-474.8 | roll=1484 pitch=1500 throttle=1488 | alt=300.44
2026-04-16 17:44:30,934 | Cruise | lat=50.443506 lon=30.454751 alt=300.43m yaw=358.68deg | dist=473.5m | forward=-4.2 | right=-473.5 | roll=1484 pitch=1500 throttle=1488 | alt=300.43
2026-04-16 17:44:31,286 | Cruise | lat=50.443497 lon=30.454742 alt=300.37m yaw=358.68deg | dist=472.8m | forward=-3.2 | right=-472.8 | roll=1484 pitch=1500 throttle=1488 | alt=300.37
2026-04-16 17:44:31,637 | Cruise | lat=50.443477 lon=30.454724 alt=300.22m yaw=358.68deg | dist=471.5m | forward=-1.1 | right=-471.5 | roll=1484 pitch=1500 throttle=1488 | alt=300.22
2026-04-16 17:44:31,988 | Cruise | lat=50.443468 lon=30.454715 alt=300.16m yaw=358.68deg | dist=470.8m | forward=-0.0 | right=-470.8 | roll=1484 pitch=1500 throttle=1488 | alt=300.16
2026-04-16 17:44:32,339 | Cruise | lat=50.443458 lon=30.454706 alt=300.11m yaw=358.67deg | dist=470.1m | forward=1.1 | right=-470.1 | roll=1484 pitch=1500 throttle=1488 | alt=300.11
2026-04-16 17:44:32,690 | Cruise | lat=50.443438 lon=30.454688 alt=300.10m yaw=358.67deg | dist=468.8m | forward=3.2 | right=-468.8 | roll=1484 pitch=1500 throttle=1488 | alt=300.10
2026-04-16 17:44:33,041 | Cruise | lat=50.443429 lon=30.454680 alt=300.13m yaw=358.67deg | dist=468.1m | forward=4.2 | right=-468.1 | roll=1484 pitch=1500 throttle=1488 | alt=300.13
2026-04-16 17:44:33,392 | Cruise | lat=50.443409 lon=30.454662 alt=300.17m yaw=358.66deg | dist=466.8m | forward=6.4 | right=-466.8 | roll=1484 pitch=1500 throttle=1488 | alt=300.17
2026-04-16 17:44:33,744 | Cruise | lat=50.443399 lon=30.454653 alt=300.17m yaw=358.66deg | dist=466.2m | forward=7.4 | right=-466.1 | roll=1484 pitch=1500 throttle=1488 | alt=300.17
2026-04-16 17:44:34,095 | Cruise | lat=50.443390 lon=30.454643 alt=300.15m yaw=358.66deg | dist=465.5m | forward=8.5 | right=-465.4 | roll=1484 pitch=1500 throttle=1488 | alt=300.15
2026-04-16 17:44:34,447 | Cruise | lat=50.443370 lon=30.454626 alt=300.13m yaw=358.66deg | dist=464.2m | forward=10.6 | right=-464.1 | roll=1484 pitch=1500 throttle=1488 | alt=300.13
2026-04-16 17:44:34,798 | Cruise | lat=50.443361 lon=30.454617 alt=300.13m yaw=358.66deg | dist=463.6m | forward=11.7 | right=-463.4 | roll=1484 pitch=1500 throttle=1488 | alt=300.13
2026-04-16 17:44:35,149 | Cruise | lat=50.443341 lon=30.454598 alt=300.13m yaw=358.66deg | dist=462.3m | forward=13.8 | right=-462.1 | roll=1484 pitch=1501 throttle=1488 | alt=300.13
2026-04-16 17:44:35,500 | Cruise | lat=50.443331 lon=30.454590 alt=300.18m yaw=358.67deg | dist=461.6m | forward=14.8 | right=-461.4 | roll=1484 pitch=1501 throttle=1488 | alt=300.18
2026-04-16 17:44:35,852 | Cruise | lat=50.443322 lon=30.454580 alt=300.19m yaw=358.69deg | dist=461.0m | forward=15.9 | right=-460.7 | roll=1484 pitch=1501 throttle=1488 | alt=300.19
2026-04-16 17:44:36,204 | Cruise | lat=50.443302 lon=30.454563 alt=300.19m yaw=358.70deg | dist=459.7m | forward=18.0 | right=-459.4 | roll=1484 pitch=1501 throttle=1488 | alt=300.19
2026-04-16 17:44:36,555 | Cruise | lat=50.443293 lon=30.454553 alt=300.19m yaw=358.71deg | dist=459.1m | forward=19.1 | right=-458.7 | roll=1484 pitch=1501 throttle=1488 | alt=300.19
2026-04-16 17:44:36,907 | Cruise | lat=50.443273 lon=30.454535 alt=300.19m yaw=358.71deg | dist=457.8m | forward=21.2 | right=-457.3 | roll=1484 pitch=1501 throttle=1488 | alt=300.19
2026-04-16 17:44:37,258 | Cruise | lat=50.443264 lon=30.454526 alt=300.17m yaw=358.71deg | dist=457.2m | forward=22.2 | right=-456.7 | roll=1484 pitch=1501 throttle=1488 | alt=300.17
2026-04-16 17:44:37,611 | Cruise | lat=50.443254 lon=30.454517 alt=300.11m yaw=358.71deg | dist=456.6m | forward=23.3 | right=-456.0 | roll=1484 pitch=1501 throttle=1488 | alt=300.11
2026-04-16 17:44:37,962 | Cruise | lat=50.443235 lon=30.454499 alt=299.99m yaw=358.71deg | dist=455.3m | forward=25.4 | right=-454.6 | roll=1484 pitch=1502 throttle=1488 | alt=299.99
2026-04-16 17:44:38,313 | Cruise | lat=50.443225 lon=30.454490 alt=299.93m yaw=358.71deg | dist=454.7m | forward=26.5 | right=-454.0 | roll=1484 pitch=1502 throttle=1488 | alt=299.93
2026-04-16 17:44:38,665 | Cruise | lat=50.443205 lon=30.454472 alt=299.81m yaw=358.70deg | dist=453.5m | forward=28.6 | right=-452.6 | roll=1484 pitch=1502 throttle=1488 | alt=299.81
2026-04-16 17:44:39,016 | Cruise | lat=50.443196 lon=30.454463 alt=299.73m yaw=358.70deg | dist=452.9m | forward=29.6 | right=-452.0 | roll=1484 pitch=1502 throttle=1488 | alt=299.73
2026-04-16 17:44:39,368 | Cruise | lat=50.443186 lon=30.454455 alt=299.63m yaw=358.70deg | dist=452.3m | forward=30.7 | right=-451.3 | roll=1484 pitch=1502 throttle=1488 | alt=299.63
2026-04-16 17:44:39,720 | Cruise | lat=50.443167 lon=30.454436 alt=299.43m yaw=358.70deg | dist=451.1m | forward=32.8 | right=-449.9 | roll=1484 pitch=1502 throttle=1488 | alt=299.43
2026-04-16 17:44:40,071 | Cruise | lat=50.443157 lon=30.454427 alt=299.27m yaw=358.70deg | dist=450.5m | forward=33.8 | right=-449.2 | roll=1484 pitch=1502 throttle=1488 | alt=299.27
2026-04-16 17:44:40,422 | Cruise | lat=50.443138 lon=30.454410 alt=298.94m yaw=358.69deg | dist=449.4m | forward=35.9 | right=-447.9 | roll=1484 pitch=1502 throttle=1492 | alt=298.94
2026-04-16 17:44:40,773 | Cruise | lat=50.443128 lon=30.454401 alt=298.80m yaw=358.69deg | dist=448.8m | forward=37.0 | right=-447.3 | roll=1484 pitch=1502 throttle=1492 | alt=298.80
2026-04-16 17:44:41,124 | Cruise | lat=50.443109 lon=30.454383 alt=298.44m yaw=358.69deg | dist=447.6m | forward=39.1 | right=-445.9 | roll=1484 pitch=1503 throttle=1492 | alt=298.44
2026-04-16 17:44:41,475 | Cruise | lat=50.443100 lon=30.454374 alt=298.28m yaw=358.69deg | dist=447.1m | forward=40.1 | right=-445.3 | roll=1484 pitch=1503 throttle=1492 | alt=298.28
2026-04-16 17:44:41,827 | Cruise | lat=50.443090 lon=30.454365 alt=298.12m yaw=358.69deg | dist=446.5m | forward=41.2 | right=-444.6 | roll=1484 pitch=1503 throttle=1492 | alt=298.12
2026-04-16 17:44:42,178 | Cruise | lat=50.443071 lon=30.454347 alt=297.82m yaw=358.69deg | dist=445.4m | forward=43.3 | right=-443.2 | roll=1484 pitch=1503 throttle=1492 | alt=297.82
2026-04-16 17:44:42,529 | Cruise | lat=50.443061 lon=30.454338 alt=297.68m yaw=358.69deg | dist=444.8m | forward=44.3 | right=-442.6 | roll=1484 pitch=1503 throttle=1492 | alt=297.68
2026-04-16 17:44:42,881 | Cruise | lat=50.443051 lon=30.454330 alt=297.56m yaw=358.69deg | dist=444.2m | forward=45.4 | right=-441.9 | roll=1484 pitch=1503 throttle=1492 | alt=297.56
2026-04-16 17:44:43,233 | Cruise | lat=50.443032 lon=30.454312 alt=297.40m yaw=358.69deg | dist=443.1m | forward=47.5 | right=-440.6 | roll=1484 pitch=1503 throttle=1492 | alt=297.40
2026-04-16 17:44:43,584 | Cruise | lat=50.443023 lon=30.454303 alt=297.36m yaw=358.69deg | dist=442.6m | forward=48.5 | right=-439.9 | roll=1484 pitch=1503 throttle=1492 | alt=297.36
2026-04-16 17:44:43,934 | Cruise | lat=50.443003 lon=30.454285 alt=297.35m yaw=358.69deg | dist=441.5m | forward=50.6 | right=-438.6 | roll=1484 pitch=1504 throttle=1492 | alt=297.35
2026-04-16 17:44:44,286 | Cruise | lat=50.442994 lon=30.454276 alt=297.35m yaw=358.69deg | dist=440.9m | forward=51.7 | right=-437.9 | roll=1484 pitch=1504 throttle=1492 | alt=297.35
2026-04-16 17:44:44,637 | Cruise | lat=50.442984 lon=30.454267 alt=297.35m yaw=358.68deg | dist=440.4m | forward=52.7 | right=-437.2 | roll=1484 pitch=1504 throttle=1492 | alt=297.35
2026-04-16 17:44:44,988 | Cruise | lat=50.442965 lon=30.454249 alt=297.36m yaw=358.68deg | dist=439.3m | forward=54.8 | right=-435.9 | roll=1484 pitch=1504 throttle=1492 | alt=297.36
2026-04-16 17:44:45,339 | Cruise | lat=50.442955 lon=30.454240 alt=297.41m yaw=358.68deg | dist=438.8m | forward=55.9 | right=-435.2 | roll=1484 pitch=1504 throttle=1492 | alt=297.41
2026-04-16 17:44:45,690 | Cruise | lat=50.442936 lon=30.454222 alt=297.54m yaw=358.67deg | dist=437.7m | forward=58.0 | right=-433.9 | roll=1484 pitch=1504 throttle=1492 | alt=297.54
2026-04-16 17:44:46,041 | Cruise | lat=50.442926 lon=30.454213 alt=297.62m yaw=358.67deg | dist=437.2m | forward=59.0 | right=-433.2 | roll=1484 pitch=1504 throttle=1492 | alt=297.62
2026-04-16 17:44:46,393 | Cruise | lat=50.442907 lon=30.454195 alt=297.79m yaw=358.67deg | dist=436.1m | forward=61.1 | right=-431.8 | roll=1484 pitch=1504 throttle=1492 | alt=297.79
2026-04-16 17:44:46,744 | Cruise | lat=50.442898 lon=30.454186 alt=297.85m yaw=358.67deg | dist=435.6m | forward=62.2 | right=-431.2 | roll=1484 pitch=1504 throttle=1492 | alt=297.85
2026-04-16 17:44:47,095 | Cruise | lat=50.442888 lon=30.454177 alt=297.90m yaw=358.68deg | dist=435.1m | forward=63.2 | right=-430.5 | roll=1484 pitch=1505 throttle=1492 | alt=297.90
2026-04-16 17:44:47,446 | Cruise | lat=50.442869 lon=30.454159 alt=298.02m yaw=358.69deg | dist=434.1m | forward=65.3 | right=-429.1 | roll=1484 pitch=1505 throttle=1492 | alt=298.02
2026-04-16 17:44:47,797 | Cruise | lat=50.442859 lon=30.454150 alt=298.09m yaw=358.70deg | dist=433.6m | forward=66.4 | right=-428.5 | roll=1484 pitch=1505 throttle=1492 | alt=298.09
2026-04-16 17:44:48,149 | Cruise | lat=50.442839 lon=30.454131 alt=298.30m yaw=358.70deg | dist=432.6m | forward=68.5 | right=-427.1 | roll=1484 pitch=1505 throttle=1492 | alt=298.30
2026-04-16 17:44:48,501 | Cruise | lat=50.442830 lon=30.454123 alt=298.44m yaw=358.70deg | dist=432.1m | forward=69.5 | right=-426.4 | roll=1484 pitch=1505 throttle=1492 | alt=298.44
2026-04-16 17:44:48,852 | Cruise | lat=50.442820 lon=30.454114 alt=298.62m yaw=358.70deg | dist=431.6m | forward=70.6 | right=-425.8 | roll=1484 pitch=1505 throttle=1492 | alt=298.62
2026-04-16 17:44:49,203 | Cruise | lat=50.442801 lon=30.454096 alt=299.03m yaw=358.70deg | dist=430.6m | forward=72.7 | right=-424.4 | roll=1484 pitch=1505 throttle=1488 | alt=299.03
2026-04-16 17:44:49,555 | Cruise | lat=50.442792 lon=30.454087 alt=299.21m yaw=358.70deg | dist=430.1m | forward=73.7 | right=-423.8 | roll=1484 pitch=1505 throttle=1488 | alt=299.21
2026-04-16 17:44:49,906 | Cruise | lat=50.442772 lon=30.454069 alt=299.48m yaw=358.70deg | dist=429.2m | forward=75.8 | right=-422.4 | roll=1484 pitch=1506 throttle=1488 | alt=299.48
2026-04-16 17:44:50,257 | Cruise | lat=50.442763 lon=30.454060 alt=299.63m yaw=358.70deg | dist=428.7m | forward=76.9 | right=-421.8 | roll=1484 pitch=1506 throttle=1488 | alt=299.63
2026-04-16 17:44:50,608 | Cruise | lat=50.442753 lon=30.454051 alt=299.76m yaw=358.70deg | dist=428.3m | forward=77.9 | right=-421.1 | roll=1484 pitch=1506 throttle=1488 | alt=299.76
2026-04-16 17:44:50,960 | Cruise | lat=50.442734 lon=30.454034 alt=300.03m yaw=358.71deg | dist=427.3m | forward=80.0 | right=-419.8 | roll=1484 pitch=1506 throttle=1488 | alt=300.03
2026-04-16 17:44:51,312 | Cruise | lat=50.442724 lon=30.454025 alt=300.14m yaw=358.71deg | dist=426.9m | forward=81.1 | right=-419.1 | roll=1484 pitch=1506 throttle=1488 | alt=300.14
2026-04-16 17:44:51,663 | Cruise | lat=50.442705 lon=30.454007 alt=300.23m yaw=358.71deg | dist=426.0m | forward=83.2 | right=-417.8 | roll=1484 pitch=1506 throttle=1488 | alt=300.23
2026-04-16 17:44:52,013 | Cruise | lat=50.442695 lon=30.453998 alt=300.23m yaw=358.71deg | dist=425.5m | forward=84.2 | right=-417.1 | roll=1484 pitch=1506 throttle=1488 | alt=300.23
2026-04-16 17:44:52,365 | Cruise | lat=50.442686 lon=30.453989 alt=300.20m yaw=358.71deg | dist=425.1m | forward=85.3 | right=-416.5 | roll=1484 pitch=1506 throttle=1488 | alt=300.20
2026-04-16 17:44:52,716 | Cruise | lat=50.442667 lon=30.453972 alt=300.11m yaw=358.70deg | dist=424.2m | forward=87.4 | right=-415.1 | roll=1484 pitch=1506 throttle=1488 | alt=300.11
2026-04-16 17:44:53,067 | Cruise | lat=50.442657 lon=30.453963 alt=300.07m yaw=358.69deg | dist=423.8m | forward=88.4 | right=-414.5 | roll=1484 pitch=1507 throttle=1488 | alt=300.07
2026-04-16 17:44:53,419 | Cruise | lat=50.442638 lon=30.453945 alt=300.00m yaw=358.68deg | dist=422.9m | forward=90.5 | right=-413.1 | roll=1484 pitch=1507 throttle=1488 | alt=300.00
2026-04-16 17:44:53,770 | Cruise | lat=50.442628 lon=30.453936 alt=299.96m yaw=358.68deg | dist=422.5m | forward=91.6 | right=-412.5 | roll=1484 pitch=1507 throttle=1488 | alt=299.96
2026-04-16 17:44:54,121 | Cruise | lat=50.442618 lon=30.453927 alt=299.91m yaw=358.69deg | dist=422.1m | forward=92.6 | right=-411.8 | roll=1484 pitch=1507 throttle=1488 | alt=299.91
2026-04-16 17:44:54,472 | Cruise | lat=50.442599 lon=30.453909 alt=299.75m yaw=358.68deg | dist=421.3m | forward=94.7 | right=-410.5 | roll=1484 pitch=1507 throttle=1488 | alt=299.75
2026-04-16 17:44:54,824 | Cruise | lat=50.442589 lon=30.453900 alt=299.71m yaw=358.69deg | dist=420.8m | forward=95.8 | right=-409.8 | roll=1484 pitch=1507 throttle=1488 | alt=299.71
2026-04-16 17:44:55,175 | Cruise | lat=50.442570 lon=30.453883 alt=299.64m yaw=358.69deg | dist=420.0m | forward=97.9 | right=-408.5 | roll=1484 pitch=1507 throttle=1488 | alt=299.64
2026-04-16 17:44:55,526 | Cruise | lat=50.442561 lon=30.453874 alt=299.61m yaw=358.68deg | dist=419.6m | forward=98.9 | right=-407.8 | roll=1484 pitch=1507 throttle=1488 | alt=299.61
2026-04-16 17:44:55,878 | Cruise | lat=50.442551 lon=30.453865 alt=299.60m yaw=358.69deg | dist=419.2m | forward=99.9 | right=-407.1 | roll=1484 pitch=1507 throttle=1488 | alt=299.60
2026-04-16 17:44:56,230 | Cruise | lat=50.442532 lon=30.453847 alt=299.78m yaw=358.69deg | dist=418.4m | forward=102.0 | right=-405.8 | roll=1484 pitch=1508 throttle=1488 | alt=299.78
2026-04-16 17:44:56,580 | Cruise | lat=50.442523 lon=30.453838 alt=299.93m yaw=358.69deg | dist=418.0m | forward=103.1 | right=-405.1 | roll=1484 pitch=1508 throttle=1488 | alt=299.93
2026-04-16 17:44:56,932 | Cruise | lat=50.442503 lon=30.453820 alt=300.29m yaw=358.70deg | dist=417.3m | forward=105.1 | right=-403.8 | roll=1484 pitch=1508 throttle=1488 | alt=300.29
2026-04-16 17:44:57,283 | Cruise | lat=50.442494 lon=30.453811 alt=300.48m yaw=358.70deg | dist=416.9m | forward=106.2 | right=-403.1 | roll=1484 pitch=1508 throttle=1488 | alt=300.48
2026-04-16 17:44:57,634 | Cruise | lat=50.442484 lon=30.453802 alt=300.65m yaw=358.70deg | dist=416.5m | forward=107.2 | right=-402.4 | roll=1484 pitch=1508 throttle=1488 | alt=300.65
2026-04-16 17:44:57,985 | Cruise | lat=50.442465 lon=30.453784 alt=301.01m yaw=358.70deg | dist=415.7m | forward=109.3 | right=-401.1 | roll=1484 pitch=1508 throttle=1478 | alt=301.01
2026-04-16 17:44:58,336 | Cruise | lat=50.442455 lon=30.453775 alt=301.18m yaw=358.69deg | dist=415.4m | forward=110.4 | right=-400.4 | roll=1484 pitch=1508 throttle=1478 | alt=301.18
2026-04-16 17:44:58,688 | Cruise | lat=50.442436 lon=30.453757 alt=301.48m yaw=358.68deg | dist=414.6m | forward=112.5 | right=-399.1 | roll=1484 pitch=1508 throttle=1478 | alt=301.48
2026-04-16 17:44:59,039 | Cruise | lat=50.442427 lon=30.453748 alt=301.62m yaw=358.68deg | dist=414.3m | forward=113.5 | right=-398.4 | roll=1484 pitch=1509 throttle=1478 | alt=301.62
2026-04-16 17:44:59,390 | Cruise | lat=50.442417 lon=30.453739 alt=301.74m yaw=358.67deg | dist=413.9m | forward=114.6 | right=-397.8 | roll=1484 pitch=1509 throttle=1478 | alt=301.74
2026-04-16 17:44:59,741 | Cruise | lat=50.442398 lon=30.453722 alt=301.91m yaw=358.68deg | dist=413.2m | forward=116.7 | right=-396.4 | roll=1484 pitch=1509 throttle=1478 | alt=301.91
2026-04-16 17:45:00,092 | Cruise | lat=50.442388 lon=30.453713 alt=301.96m yaw=358.67deg | dist=412.9m | forward=117.7 | right=-395.8 | roll=1484 pitch=1509 throttle=1478 | alt=301.96
2026-04-16 17:45:00,444 | Cruise | lat=50.442369 lon=30.453695 alt=302.05m yaw=358.69deg | dist=412.2m | forward=119.8 | right=-394.4 | roll=1484 pitch=1509 throttle=1478 | alt=302.05
2026-04-16 17:45:00,796 | Cruise | lat=50.442359 lon=30.453686 alt=302.09m yaw=358.68deg | dist=411.9m | forward=120.9 | right=-393.8 | roll=1484 pitch=1509 throttle=1478 | alt=302.09
2026-04-16 17:45:01,147 | Cruise | lat=50.442340 lon=30.453669 alt=302.16m yaw=358.68deg | dist=411.3m | forward=123.0 | right=-392.4 | roll=1484 pitch=1509 throttle=1478 | alt=302.16
2026-04-16 17:45:01,498 | Cruise | lat=50.442330 lon=30.453660 alt=302.19m yaw=358.68deg | dist=410.9m | forward=124.0 | right=-391.8 | roll=1484 pitch=1509 throttle=1478 | alt=302.19
2026-04-16 17:45:01,850 | Cruise | lat=50.442321 lon=30.453651 alt=302.18m yaw=358.68deg | dist=410.6m | forward=125.1 | right=-391.1 | roll=1484 pitch=1510 throttle=1478 | alt=302.18
2026-04-16 17:45:02,201 | Cruise | lat=50.442301 lon=30.453633 alt=302.12m yaw=358.68deg | dist=410.0m | forward=127.2 | right=-389.8 | roll=1484 pitch=1510 throttle=1478 | alt=302.12
2026-04-16 17:45:02,553 | Cruise | lat=50.442292 lon=30.453624 alt=302.10m yaw=358.69deg | dist=409.7m | forward=128.2 | right=-389.1 | roll=1484 pitch=1510 throttle=1478 | alt=302.10
2026-04-16 17:45:02,904 | Cruise | lat=50.442273 lon=30.453606 alt=301.96m yaw=358.68deg | dist=409.1m | forward=130.3 | right=-387.8 | roll=1484 pitch=1510 throttle=1478 | alt=301.96
2026-04-16 17:45:03,255 | Cruise | lat=50.442263 lon=30.453597 alt=301.89m yaw=358.68deg | dist=408.8m | forward=131.4 | right=-387.1 | roll=1484 pitch=1510 throttle=1478 | alt=301.89
2026-04-16 17:45:03,606 | Cruise | lat=50.442253 lon=30.453588 alt=301.82m yaw=358.68deg | dist=408.5m | forward=132.4 | right=-386.4 | roll=1484 pitch=1510 throttle=1478 | alt=301.82
2026-04-16 17:45:03,958 | Cruise | lat=50.442234 lon=30.453570 alt=301.62m yaw=358.68deg | dist=407.9m | forward=134.5 | right=-385.1 | roll=1484 pitch=1510 throttle=1478 | alt=301.62
2026-04-16 17:45:04,310 | Cruise | lat=50.442224 lon=30.453561 alt=301.48m yaw=358.68deg | dist=407.6m | forward=135.6 | right=-384.4 | roll=1484 pitch=1510 throttle=1478 | alt=301.48
2026-04-16 17:45:04,661 | Cruise | lat=50.442205 lon=30.453544 alt=301.12m yaw=358.68deg | dist=407.1m | forward=137.7 | right=-383.1 | roll=1484 pitch=1511 throttle=1478 | alt=301.12
2026-04-16 17:45:05,012 | Cruise | lat=50.442195 lon=30.453535 alt=300.90m yaw=358.69deg | dist=406.8m | forward=138.7 | right=-382.4 | roll=1484 pitch=1511 throttle=1498 | alt=300.90
2026-04-16 17:45:05,363 | Cruise | lat=50.442186 lon=30.453526 alt=300.67m yaw=358.69deg | dist=406.5m | forward=139.8 | right=-381.8 | roll=1484 pitch=1511 throttle=1498 | alt=300.67
2026-04-16 17:45:05,715 | Cruise | lat=50.442166 lon=30.453508 alt=300.36m yaw=358.68deg | dist=406.0m | forward=141.9 | right=-380.4 | roll=1484 pitch=1511 throttle=1488 | alt=300.36
2026-04-16 17:45:06,066 | Cruise | lat=50.442157 lon=30.453499 alt=300.26m yaw=358.68deg | dist=405.8m | forward=142.9 | right=-379.7 | roll=1484 pitch=1511 throttle=1488 | alt=300.26
2026-04-16 17:45:06,418 | Cruise | lat=50.442138 lon=30.453481 alt=300.17m yaw=358.69deg | dist=405.3m | forward=145.0 | right=-378.4 | roll=1484 pitch=1511 throttle=1488 | alt=300.17
2026-04-16 17:45:06,768 | Cruise | lat=50.442128 lon=30.453472 alt=300.15m yaw=358.69deg | dist=405.0m | forward=146.1 | right=-377.7 | roll=1484 pitch=1511 throttle=1488 | alt=300.15
2026-04-16 17:45:07,119 | Cruise | lat=50.442118 lon=30.453463 alt=300.14m yaw=358.69deg | dist=404.8m | forward=147.2 | right=-377.0 | roll=1484 pitch=1511 throttle=1488 | alt=300.14
2026-04-16 17:45:07,471 | Cruise | lat=50.442099 lon=30.453445 alt=300.11m yaw=358.70deg | dist=404.3m | forward=149.3 | right=-375.7 | roll=1484 pitch=1511 throttle=1488 | alt=300.11
2026-04-16 17:45:07,822 | Cruise | lat=50.442089 lon=30.453436 alt=300.10m yaw=358.71deg | dist=404.0m | forward=150.3 | right=-375.0 | roll=1484 pitch=1512 throttle=1488 | alt=300.10
2026-04-16 17:45:08,173 | Cruise | lat=50.442070 lon=30.453418 alt=300.08m yaw=358.71deg | dist=403.6m | forward=152.4 | right=-373.7 | roll=1484 pitch=1512 throttle=1488 | alt=300.08
2026-04-16 17:45:08,524 | Cruise | lat=50.442061 lon=30.453409 alt=300.07m yaw=358.71deg | dist=403.4m | forward=153.4 | right=-373.0 | roll=1484 pitch=1512 throttle=1488 | alt=300.07
2026-04-16 17:45:08,876 | Cruise | lat=50.442051 lon=30.453400 alt=300.09m yaw=358.70deg | dist=403.1m | forward=154.5 | right=-372.4 | roll=1484 pitch=1512 throttle=1488 | alt=300.09
2026-04-16 17:45:09,227 | Cruise | lat=50.442032 lon=30.453383 alt=300.06m yaw=358.68deg | dist=402.7m | forward=156.6 | right=-371.0 | roll=1484 pitch=1512 throttle=1488 | alt=300.06
2026-04-16 17:45:09,579 | Cruise | lat=50.442022 lon=30.453374 alt=300.03m yaw=358.67deg | dist=402.5m | forward=157.6 | right=-370.4 | roll=1484 pitch=1512 throttle=1488 | alt=300.03
2026-04-16 17:45:09,930 | Cruise | lat=50.442003 lon=30.453356 alt=299.95m yaw=358.67deg | dist=402.1m | forward=159.7 | right=-369.0 | roll=1484 pitch=1512 throttle=1488 | alt=299.95
2026-04-16 17:45:10,281 | Cruise | lat=50.441993 lon=30.453347 alt=299.97m yaw=358.67deg | dist=401.9m | forward=160.8 | right=-368.4 | roll=1484 pitch=1512 throttle=1488 | alt=299.97
2026-04-16 17:45:10,632 | Cruise | lat=50.441974 lon=30.453329 alt=300.04m yaw=358.67deg | dist=401.5m | forward=162.9 | right=-367.0 | roll=1484 pitch=1513 throttle=1488 | alt=300.04
2026-04-16 17:45:10,984 | Cruise | lat=50.441964 lon=30.453320 alt=300.09m yaw=358.67deg | dist=401.3m | forward=163.9 | right=-366.3 | roll=1484 pitch=1513 throttle=1488 | alt=300.09
2026-04-16 17:45:11,335 | Cruise | lat=50.441955 lon=30.453311 alt=300.14m yaw=358.67deg | dist=401.2m | forward=165.0 | right=-365.7 | roll=1484 pitch=1513 throttle=1488 | alt=300.14
2026-04-16 17:45:11,686 | Cruise | lat=50.441935 lon=30.453293 alt=300.29m yaw=358.67deg | dist=400.8m | forward=167.1 | right=-364.3 | roll=1484 pitch=1513 throttle=1488 | alt=300.29
2026-04-16 17:45:12,037 | Cruise | lat=50.441926 lon=30.453284 alt=300.39m yaw=358.68deg | dist=400.6m | forward=168.1 | right=-363.6 | roll=1484 pitch=1513 throttle=1488 | alt=300.39
2026-04-16 17:45:12,388 | Cruise | lat=50.441906 lon=30.453266 alt=300.54m yaw=358.68deg | dist=400.3m | forward=170.3 | right=-362.3 | roll=1484 pitch=1513 throttle=1488 | alt=300.54
2026-04-16 17:45:12,740 | Cruise | lat=50.441897 lon=30.453257 alt=300.63m yaw=358.68deg | dist=400.2m | forward=171.3 | right=-361.6 | roll=1484 pitch=1513 throttle=1488 | alt=300.63
2026-04-16 17:45:13,091 | Cruise | lat=50.441887 lon=30.453248 alt=300.71m yaw=358.68deg | dist=400.0m | forward=172.4 | right=-360.9 | roll=1484 pitch=1513 throttle=1488 | alt=300.71
2026-04-16 17:45:13,442 | Cruise | lat=50.441867 lon=30.453230 alt=300.80m yaw=358.68deg | dist=399.7m | forward=174.5 | right=-359.6 | roll=1484 pitch=1513 throttle=1488 | alt=300.80
2026-04-16 17:45:13,793 | Cruise | lat=50.441858 lon=30.453221 alt=300.84m yaw=358.68deg | dist=399.6m | forward=175.6 | right=-358.9 | roll=1484 pitch=1514 throttle=1488 | alt=300.84
2026-04-16 17:45:14,144 | Cruise | lat=50.441838 lon=30.453203 alt=300.95m yaw=358.69deg | dist=399.3m | forward=177.7 | right=-357.6 | roll=1484 pitch=1514 throttle=1488 | alt=300.95
2026-04-16 17:45:14,496 | Cruise | lat=50.441829 lon=30.453194 alt=301.01m yaw=358.69deg | dist=399.1m | forward=178.7 | right=-356.9 | roll=1484 pitch=1514 throttle=1478 | alt=301.01
2026-04-16 17:45:14,848 | Cruise | lat=50.441819 lon=30.453185 alt=301.07m yaw=358.69deg | dist=399.0m | forward=179.8 | right=-356.2 | roll=1484 pitch=1514 throttle=1478 | alt=301.07
2026-04-16 17:45:15,199 | Cruise | lat=50.441800 lon=30.453166 alt=301.17m yaw=358.69deg | dist=398.8m | forward=181.9 | right=-354.9 | roll=1484 pitch=1514 throttle=1478 | alt=301.17
2026-04-16 17:45:15,550 | Cruise | lat=50.441790 lon=30.453157 alt=301.20m yaw=358.69deg | dist=398.6m | forward=183.0 | right=-354.2 | roll=1484 pitch=1514 throttle=1478 | alt=301.20
2026-04-16 17:45:15,901 | Cruise | lat=50.441780 lon=30.453148 alt=301.25m yaw=358.68deg | dist=398.5m | forward=184.0 | right=-353.5 | roll=1484 pitch=1514 throttle=1478 | alt=301.25
2026-04-16 17:45:16,253 | Cruise | lat=50.441761 lon=30.453130 alt=301.27m yaw=358.69deg | dist=398.3m | forward=186.1 | right=-352.1 | roll=1484 pitch=1514 throttle=1478 | alt=301.27
2026-04-16 17:45:16,604 | Cruise | lat=50.441751 lon=30.453121 alt=301.27m yaw=358.68deg | dist=398.2m | forward=187.2 | right=-351.5 | roll=1484 pitch=1514 throttle=1478 | alt=301.27
2026-04-16 17:45:16,955 | Cruise | lat=50.441732 lon=30.453103 alt=301.23m yaw=358.69deg | dist=398.0m | forward=189.3 | right=-350.1 | roll=1484 pitch=1515 throttle=1478 | alt=301.23
2026-04-16 17:45:17,306 | Cruise | lat=50.441722 lon=30.453094 alt=301.23m yaw=358.68deg | dist=397.9m | forward=190.3 | right=-349.4 | roll=1484 pitch=1515 throttle=1478 | alt=301.23
2026-04-16 17:45:17,657 | Cruise | lat=50.441703 lon=30.453076 alt=301.24m yaw=358.69deg | dist=397.7m | forward=192.4 | right=-348.1 | roll=1484 pitch=1515 throttle=1478 | alt=301.24
2026-04-16 17:45:18,009 | Cruise | lat=50.441693 lon=30.453066 alt=301.25m yaw=358.68deg | dist=397.6m | forward=193.5 | right=-347.4 | roll=1484 pitch=1515 throttle=1478 | alt=301.25
2026-04-16 17:45:18,360 | Cruise | lat=50.441684 lon=30.453057 alt=301.26m yaw=358.69deg | dist=397.5m | forward=194.5 | right=-346.7 | roll=1484 pitch=1515 throttle=1478 | alt=301.26
2026-04-16 17:45:18,712 | Cruise | lat=50.441665 lon=30.453039 alt=301.28m yaw=358.68deg | dist=397.4m | forward=196.6 | right=-345.3 | roll=1484 pitch=1515 throttle=1478 | alt=301.28
2026-04-16 17:45:19,063 | Cruise | lat=50.441655 lon=30.453030 alt=301.26m yaw=358.69deg | dist=397.3m | forward=197.7 | right=-344.7 | roll=1484 pitch=1515 throttle=1478 | alt=301.26
2026-04-16 17:45:19,414 | Cruise | lat=50.441635 lon=30.453012 alt=301.16m yaw=358.67deg | dist=397.2m | forward=199.8 | right=-343.3 | roll=1484 pitch=1515 throttle=1478 | alt=301.16
2026-04-16 17:45:19,766 | Cruise | lat=50.441626 lon=30.453003 alt=301.11m yaw=358.68deg | dist=397.1m | forward=200.8 | right=-342.6 | roll=1484 pitch=1516 throttle=1478 | alt=301.11
2026-04-16 17:45:20,118 | Cruise | lat=50.441616 lon=30.452994 alt=301.07m yaw=358.69deg | dist=397.1m | forward=201.9 | right=-341.9 | roll=1484 pitch=1516 throttle=1478 | alt=301.07
2026-04-16 17:45:20,470 | Cruise | lat=50.441597 lon=30.452975 alt=300.98m yaw=358.68deg | dist=397.0m | forward=204.0 | right=-340.6 | roll=1484 pitch=1516 throttle=1488 | alt=300.98
2026-04-16 17:45:20,821 | Cruise | lat=50.441587 lon=30.452966 alt=300.92m yaw=358.68deg | dist=396.9m | forward=205.1 | right=-339.9 | roll=1484 pitch=1516 throttle=1488 | alt=300.92
2026-04-16 17:45:21,172 | Cruise | lat=50.441568 lon=30.452948 alt=300.80m yaw=358.69deg | dist=396.9m | forward=207.2 | right=-338.5 | roll=1484 pitch=1516 throttle=1488 | alt=300.80
2026-04-16 17:45:21,523 | Cruise | lat=50.441558 lon=30.452939 alt=300.76m yaw=358.68deg | dist=396.9m | forward=208.2 | right=-337.8 | roll=1484 pitch=1516 throttle=1488 | alt=300.76
2026-04-16 17:45:21,874 | Cruise | lat=50.441548 lon=30.452930 alt=300.73m yaw=358.68deg | dist=396.8m | forward=209.3 | right=-337.1 | roll=1484 pitch=1516 throttle=1488 | alt=300.73
2026-04-16 17:45:22,226 | Cruise | lat=50.441529 lon=30.452912 alt=300.67m yaw=358.68deg | dist=396.8m | forward=211.4 | right=-335.8 | roll=1484 pitch=1516 throttle=1488 | alt=300.67
2026-04-16 17:45:22,577 | Cruise | lat=50.441519 lon=30.452903 alt=300.65m yaw=358.68deg | dist=396.8m | forward=212.4 | right=-335.1 | roll=1484 pitch=1516 throttle=1488 | alt=300.65
2026-04-16 17:45:22,929 | Cruise | lat=50.441500 lon=30.452885 alt=300.58m yaw=358.67deg | dist=396.8m | forward=214.5 | right=-333.8 | roll=1484 pitch=1516 throttle=1488 | alt=300.58
2026-04-16 17:45:23,280 | Cruise | lat=50.441491 lon=30.452876 alt=300.54m yaw=358.67deg | dist=396.8m | forward=215.6 | right=-333.1 | roll=1484 pitch=1516 throttle=1488 | alt=300.54
2026-04-16 17:45:23,631 | Cruise | lat=50.441481 lon=30.452867 alt=300.48m yaw=358.66deg | dist=396.8m | forward=216.6 | right=-332.4 | roll=1484 pitch=1516 throttle=1488 | alt=300.48
2026-04-16 17:45:23,982 | Cruise | lat=50.441462 lon=30.452849 alt=300.28m yaw=358.66deg | dist=396.8m | forward=218.7 | right=-331.1 | roll=1484 pitch=1516 throttle=1488 | alt=300.28
2026-04-16 17:45:24,333 | Cruise | lat=50.441452 lon=30.452840 alt=300.20m yaw=358.66deg | dist=396.8m | forward=219.8 | right=-330.4 | roll=1484 pitch=1516 throttle=1488 | alt=300.20
2026-04-16 17:45:24,684 | Cruise | lat=50.441433 lon=30.452822 alt=300.09m yaw=358.66deg | dist=396.9m | forward=221.9 | right=-329.1 | roll=1484 pitch=1516 throttle=1488 | alt=300.09
2026-04-16 17:45:25,035 | Cruise | lat=50.441423 lon=30.452813 alt=300.04m yaw=358.67deg | dist=396.9m | forward=222.9 | right=-328.4 | roll=1484 pitch=1516 throttle=1488 | alt=300.04
2026-04-16 17:45:25,386 | Cruise | lat=50.441414 lon=30.452804 alt=300.00m yaw=358.69deg | dist=396.9m | forward=224.0 | right=-327.7 | roll=1484 pitch=1516 throttle=1488 | alt=300.00
2026-04-16 17:45:25,737 | Cruise | lat=50.441394 lon=30.452785 alt=299.90m yaw=358.70deg | dist=397.0m | forward=226.1 | right=-326.3 | roll=1484 pitch=1516 throttle=1488 | alt=299.90
2026-04-16 17:45:26,088 | Cruise | lat=50.441385 lon=30.452776 alt=299.82m yaw=358.70deg | dist=397.1m | forward=227.1 | right=-325.7 | roll=1484 pitch=1516 throttle=1488 | alt=299.82
2026-04-16 17:45:26,440 | Cruise | lat=50.441365 lon=30.452758 alt=299.74m yaw=358.71deg | dist=397.2m | forward=229.2 | right=-324.3 | roll=1484 pitch=1516 throttle=1488 | alt=299.74
2026-04-16 17:45:26,792 | Cruise | lat=50.441356 lon=30.452749 alt=299.72m yaw=358.71deg | dist=397.2m | forward=230.3 | right=-323.7 | roll=1484 pitch=1516 throttle=1488 | alt=299.72
2026-04-16 17:45:27,143 | Cruise | lat=50.441346 lon=30.452740 alt=299.69m yaw=358.71deg | dist=397.3m | forward=231.3 | right=-323.0 | roll=1484 pitch=1516 throttle=1488 | alt=299.69
2026-04-16 17:45:27,494 | Cruise | lat=50.441327 lon=30.452722 alt=299.62m yaw=358.71deg | dist=397.4m | forward=233.5 | right=-321.6 | roll=1484 pitch=1516 throttle=1488 | alt=299.62
2026-04-16 17:45:27,845 | Cruise | lat=50.441317 lon=30.452713 alt=299.59m yaw=358.71deg | dist=397.5m | forward=234.5 | right=-320.9 | roll=1484 pitch=1516 throttle=1488 | alt=299.59
2026-04-16 17:45:28,197 | Cruise | lat=50.441298 lon=30.452695 alt=299.53m yaw=358.72deg | dist=397.6m | forward=236.6 | right=-319.6 | roll=1484 pitch=1516 throttle=1488 | alt=299.53
2026-04-16 17:45:28,548 | Cruise | lat=50.441288 lon=30.452686 alt=299.51m yaw=358.70deg | dist=397.7m | forward=237.6 | right=-318.9 | roll=1484 pitch=1516 throttle=1488 | alt=299.51
2026-04-16 17:45:28,899 | Cruise | lat=50.441269 lon=30.452668 alt=299.48m yaw=358.69deg | dist=397.9m | forward=239.7 | right=-317.6 | roll=1484 pitch=1516 throttle=1488 | alt=299.48
2026-04-16 17:45:29,250 | Cruise | lat=50.441259 lon=30.452659 alt=299.43m yaw=358.69deg | dist=398.0m | forward=240.8 | right=-316.9 | roll=1484 pitch=1516 throttle=1488 | alt=299.43
2026-04-16 17:45:29,602 | Cruise | lat=50.441250 lon=30.452650 alt=299.36m yaw=358.69deg | dist=398.1m | forward=241.8 | right=-316.2 | roll=1484 pitch=1516 throttle=1488 | alt=299.36
2026-04-16 17:45:29,953 | Cruise | lat=50.441231 lon=30.452632 alt=299.24m yaw=358.69deg | dist=398.3m | forward=243.9 | right=-314.9 | roll=1484 pitch=1516 throttle=1488 | alt=299.24
2026-04-16 17:45:30,304 | Cruise | lat=50.441221 lon=30.452623 alt=299.21m yaw=358.69deg | dist=398.4m | forward=245.0 | right=-314.2 | roll=1484 pitch=1516 throttle=1488 | alt=299.21
2026-04-16 17:45:30,656 | Cruise | lat=50.441202 lon=30.452605 alt=299.17m yaw=358.70deg | dist=398.7m | forward=247.1 | right=-312.9 | roll=1484 pitch=1516 throttle=1488 | alt=299.17
2026-04-16 17:45:31,007 | Cruise | lat=50.441192 lon=30.452596 alt=299.15m yaw=358.70deg | dist=398.8m | forward=248.1 | right=-312.2 | roll=1484 pitch=1516 throttle=1488 | alt=299.15
2026-04-16 17:45:31,358 | Cruise | lat=50.441183 lon=30.452587 alt=299.11m yaw=358.70deg | dist=398.9m | forward=249.1 | right=-311.5 | roll=1484 pitch=1516 throttle=1488 | alt=299.11
2026-04-16 17:45:31,710 | Cruise | lat=50.441164 lon=30.452570 alt=298.97m yaw=358.71deg | dist=399.2m | forward=251.3 | right=-310.2 | roll=1484 pitch=1516 throttle=1492 | alt=298.97
2026-04-16 17:45:32,062 | Cruise | lat=50.441154 lon=30.452561 alt=298.97m yaw=358.71deg | dist=399.3m | forward=252.3 | right=-309.5 | roll=1484 pitch=1516 throttle=1492 | alt=298.97
2026-04-16 17:45:32,413 | Cruise | lat=50.441135 lon=30.452543 alt=299.04m yaw=358.69deg | dist=399.6m | forward=254.4 | right=-308.2 | roll=1484 pitch=1516 throttle=1488 | alt=299.04
2026-04-16 17:45:32,764 | Cruise | lat=50.441125 lon=30.452534 alt=299.11m yaw=358.69deg | dist=399.8m | forward=255.4 | right=-307.5 | roll=1484 pitch=1516 throttle=1488 | alt=299.11
2026-04-16 17:45:33,115 | Cruise | lat=50.441116 lon=30.452525 alt=299.17m yaw=358.68deg | dist=399.9m | forward=256.5 | right=-306.9 | roll=1484 pitch=1516 throttle=1488 | alt=299.17
2026-04-16 17:45:33,466 | Cruise | lat=50.441097 lon=30.452507 alt=299.33m yaw=358.68deg | dist=400.2m | forward=258.6 | right=-305.5 | roll=1484 pitch=1516 throttle=1488 | alt=299.33
2026-04-16 17:45:33,818 | Cruise | lat=50.441087 lon=30.452498 alt=299.38m yaw=358.68deg | dist=400.4m | forward=259.6 | right=-304.8 | roll=1484 pitch=1516 throttle=1488 | alt=299.38
2026-04-16 17:45:34,169 | Cruise | lat=50.441068 lon=30.452480 alt=299.49m yaw=358.68deg | dist=400.8m | forward=261.7 | right=-303.5 | roll=1484 pitch=1516 throttle=1488 | alt=299.49
2026-04-16 17:45:34,520 | Cruise | lat=50.441058 lon=30.452471 alt=299.56m yaw=358.68deg | dist=400.9m | forward=262.8 | right=-302.8 | roll=1484 pitch=1516 throttle=1488 | alt=299.56
2026-04-16 17:45:34,872 | Cruise | lat=50.441048 lon=30.452462 alt=299.61m yaw=358.68deg | dist=401.1m | forward=263.8 | right=-302.2 | roll=1484 pitch=1516 throttle=1488 | alt=299.61
2026-04-16 17:45:35,223 | Cruise | lat=50.441029 lon=30.452444 alt=299.68m yaw=358.68deg | dist=401.5m | forward=265.9 | right=-300.8 | roll=1484 pitch=1516 throttle=1488 | alt=299.68
2026-04-16 17:45:35,575 | Cruise | lat=50.441020 lon=30.452435 alt=299.75m yaw=358.68deg | dist=401.7m | forward=266.9 | right=-300.2 | roll=1484 pitch=1516 throttle=1488 | alt=299.75
2026-04-16 17:45:35,926 | Cruise | lat=50.441000 lon=30.452417 alt=299.83m yaw=358.68deg | dist=402.1m | forward=269.0 | right=-298.8 | roll=1484 pitch=1516 throttle=1488 | alt=299.83
2026-04-16 17:45:36,278 | Cruise | lat=50.440991 lon=30.452408 alt=299.85m yaw=358.68deg | dist=402.3m | forward=270.1 | right=-298.1 | roll=1484 pitch=1516 throttle=1488 | alt=299.85
2026-04-16 17:45:36,629 | Cruise | lat=50.440981 lon=30.452399 alt=299.84m yaw=358.68deg | dist=402.5m | forward=271.2 | right=-297.5 | roll=1484 pitch=1516 throttle=1488 | alt=299.84
2026-04-16 17:45:36,980 | Cruise | lat=50.440962 lon=30.452382 alt=299.86m yaw=358.68deg | dist=402.9m | forward=273.2 | right=-296.1 | roll=1484 pitch=1516 throttle=1488 | alt=299.86
2026-04-16 17:45:37,331 | Cruise | lat=50.440952 lon=30.452373 alt=299.89m yaw=358.68deg | dist=403.2m | forward=274.3 | right=-295.5 | roll=1484 pitch=1516 throttle=1488 | alt=299.89
2026-04-16 17:45:37,682 | Cruise | lat=50.440933 lon=30.452355 alt=299.85m yaw=358.68deg | dist=403.6m | forward=276.4 | right=-294.1 | roll=1484 pitch=1516 throttle=1488 | alt=299.85
2026-04-16 17:45:38,034 | Cruise | lat=50.440923 lon=30.452345 alt=299.76m yaw=358.68deg | dist=403.8m | forward=277.4 | right=-293.4 | roll=1484 pitch=1516 throttle=1488 | alt=299.76
2026-04-16 17:45:38,385 | Cruise | lat=50.440914 lon=30.452337 alt=299.71m yaw=358.68deg | dist=404.1m | forward=278.5 | right=-292.8 | roll=1484 pitch=1516 throttle=1488 | alt=299.71
2026-04-16 17:45:38,736 | Cruise | lat=50.440894 lon=30.452319 alt=299.67m yaw=358.68deg | dist=404.5m | forward=280.6 | right=-291.4 | roll=1484 pitch=1516 throttle=1488 | alt=299.67
2026-04-16 17:45:39,087 | Cruise | lat=50.440885 lon=30.452310 alt=299.66m yaw=358.68deg | dist=404.8m | forward=281.6 | right=-290.7 | roll=1484 pitch=1516 throttle=1488 | alt=299.66
2026-04-16 17:45:39,439 | Cruise | lat=50.440866 lon=30.452292 alt=299.64m yaw=358.68deg | dist=405.3m | forward=283.7 | right=-289.4 | roll=1484 pitch=1516 throttle=1488 | alt=299.64
2026-04-16 17:45:39,790 | Cruise | lat=50.440856 lon=30.452282 alt=299.63m yaw=358.67deg | dist=405.5m | forward=284.8 | right=-288.7 | roll=1484 pitch=1516 throttle=1488 | alt=299.63
2026-04-16 17:45:40,141 | Cruise | lat=50.440846 lon=30.452273 alt=299.62m yaw=358.67deg | dist=405.8m | forward=285.9 | right=-288.0 | roll=1484 pitch=1516 throttle=1488 | alt=299.62
2026-04-16 17:45:40,493 | Cruise | lat=50.440827 lon=30.452255 alt=299.65m yaw=358.67deg | dist=406.3m | forward=288.0 | right=-286.7 | roll=1484 pitch=1516 throttle=1488 | alt=299.65
2026-04-16 17:45:40,845 | Cruise | lat=50.440817 lon=30.452247 alt=299.66m yaw=358.66deg | dist=406.6m | forward=289.0 | right=-286.0 | roll=1484 pitch=1516 throttle=1488 | alt=299.66
2026-04-16 17:45:41,196 | Cruise | lat=50.440798 lon=30.452228 alt=299.70m yaw=358.66deg | dist=407.2m | forward=291.1 | right=-284.7 | roll=1484 pitch=1516 throttle=1488 | alt=299.70
2026-04-16 17:45:41,548 | Cruise | lat=50.440788 lon=30.452219 alt=299.75m yaw=358.66deg | dist=407.5m | forward=292.2 | right=-284.0 | roll=1484 pitch=1516 throttle=1488 | alt=299.75
2026-04-16 17:45:41,899 | Cruise | lat=50.440769 lon=30.452201 alt=299.91m yaw=358.68deg | dist=408.0m | forward=294.3 | right=-282.6 | roll=1484 pitch=1516 throttle=1488 | alt=299.91
2026-04-16 17:45:42,250 | Cruise | lat=50.440759 lon=30.452192 alt=299.98m yaw=358.69deg | dist=408.3m | forward=295.3 | right=-282.0 | roll=1484 pitch=1516 throttle=1488 | alt=299.98
2026-04-16 17:45:42,602 | Cruise | lat=50.440749 lon=30.452183 alt=300.02m yaw=358.69deg | dist=408.6m | forward=296.4 | right=-281.3 | roll=1484 pitch=1516 throttle=1488 | alt=300.02
2026-04-16 17:45:42,953 | Cruise | lat=50.440730 lon=30.452165 alt=300.13m yaw=358.69deg | dist=409.2m | forward=298.5 | right=-279.9 | roll=1484 pitch=1516 throttle=1488 | alt=300.13
2026-04-16 17:45:43,305 | Cruise | lat=50.440720 lon=30.452156 alt=300.15m yaw=358.70deg | dist=409.5m | forward=299.6 | right=-279.3 | roll=1484 pitch=1516 throttle=1488 | alt=300.15
2026-04-16 17:45:43,656 | Cruise | lat=50.440701 lon=30.452138 alt=300.13m yaw=358.70deg | dist=410.2m | forward=301.7 | right=-277.9 | roll=1484 pitch=1516 throttle=1488 | alt=300.13
2026-04-16 17:45:44,007 | Cruise | lat=50.440691 lon=30.452130 alt=300.12m yaw=358.70deg | dist=410.5m | forward=302.7 | right=-277.3 | roll=1484 pitch=1516 throttle=1488 | alt=300.12
2026-04-16 17:45:44,359 | Cruise | lat=50.440682 lon=30.452120 alt=300.13m yaw=358.70deg | dist=410.8m | forward=303.8 | right=-276.6 | roll=1484 pitch=1516 throttle=1488 | alt=300.13
2026-04-16 17:45:44,710 | Cruise | lat=50.440662 lon=30.452103 alt=300.17m yaw=358.70deg | dist=411.5m | forward=305.9 | right=-275.2 | roll=1484 pitch=1516 throttle=1488 | alt=300.17
2026-04-16 17:45:45,061 | Cruise | lat=50.440653 lon=30.452094 alt=300.18m yaw=358.70deg | dist=411.9m | forward=307.0 | right=-274.6 | roll=1484 pitch=1516 throttle=1488 | alt=300.18
2026-04-16 17:45:45,412 | Cruise | lat=50.440633 lon=30.452076 alt=300.18m yaw=358.70deg | dist=412.6m | forward=309.1 | right=-273.2 | roll=1484 pitch=1516 throttle=1488 | alt=300.18
2026-04-16 17:45:45,763 | Cruise | lat=50.440623 lon=30.452067 alt=300.16m yaw=358.70deg | dist=412.9m | forward=310.2 | right=-272.6 | roll=1484 pitch=1516 throttle=1488 | alt=300.16
2026-04-16 17:45:46,114 | Cruise | lat=50.440614 lon=30.452058 alt=300.12m yaw=358.70deg | dist=413.3m | forward=311.2 | right=-271.9 | roll=1484 pitch=1516 throttle=1488 | alt=300.12
2026-04-16 17:45:46,466 | Cruise | lat=50.440594 lon=30.452040 alt=300.07m yaw=358.69deg | dist=414.0m | forward=313.3 | right=-270.6 | roll=1484 pitch=1516 throttle=1488 | alt=300.07
2026-04-16 17:45:46,817 | Cruise | lat=50.440584 lon=30.452031 alt=300.08m yaw=358.69deg | dist=414.4m | forward=314.4 | right=-269.9 | roll=1484 pitch=1516 throttle=1488 | alt=300.08
2026-04-16 17:45:47,168 | Cruise | lat=50.440565 lon=30.452013 alt=300.11m yaw=358.69deg | dist=415.1m | forward=316.5 | right=-268.6 | roll=1484 pitch=1516 throttle=1488 | alt=300.11
2026-04-16 17:45:47,520 | Cruise | lat=50.440556 lon=30.452004 alt=300.12m yaw=358.69deg | dist=415.5m | forward=317.5 | right=-267.9 | roll=1484 pitch=1516 throttle=1488 | alt=300.12
2026-04-16 17:45:47,872 | Cruise | lat=50.440546 lon=30.451995 alt=300.14m yaw=358.69deg | dist=415.8m | forward=318.6 | right=-267.2 | roll=1484 pitch=1516 throttle=1488 | alt=300.14
2026-04-16 17:45:48,222 | Cruise | lat=50.440526 lon=30.451978 alt=300.19m yaw=358.69deg | dist=416.6m | forward=320.7 | right=-265.9 | roll=1484 pitch=1516 throttle=1488 | alt=300.19
2026-04-16 17:45:48,574 | Cruise | lat=50.440517 lon=30.451969 alt=300.20m yaw=358.69deg | dist=417.0m | forward=321.8 | right=-265.2 | roll=1484 pitch=1516 throttle=1488 | alt=300.20
2026-04-16 17:45:48,925 | Cruise | lat=50.440497 lon=30.451951 alt=300.23m yaw=358.68deg | dist=417.8m | forward=323.9 | right=-263.9 | roll=1484 pitch=1516 throttle=1488 | alt=300.23
2026-04-16 17:45:49,276 | Cruise | lat=50.440488 lon=30.451942 alt=300.26m yaw=358.68deg | dist=418.2m | forward=324.9 | right=-263.2 | roll=1484 pitch=1516 throttle=1488 | alt=300.26
2026-04-16 17:45:49,627 | Cruise | lat=50.440478 lon=30.451933 alt=300.31m yaw=358.68deg | dist=418.6m | forward=326.0 | right=-262.6 | roll=1484 pitch=1516 throttle=1488 | alt=300.31
2026-04-16 17:45:49,978 | Cruise | lat=50.440459 lon=30.451915 alt=300.43m yaw=358.67deg | dist=419.4m | forward=328.1 | right=-261.2 | roll=1484 pitch=1516 throttle=1488 | alt=300.43
2026-04-16 17:45:50,330 | Cruise | lat=50.440449 lon=30.451906 alt=300.50m yaw=358.67deg | dist=419.8m | forward=329.1 | right=-260.6 | roll=1484 pitch=1516 throttle=1488 | alt=300.50
2026-04-16 17:45:50,681 | Cruise | lat=50.440430 lon=30.451889 alt=300.62m yaw=358.67deg | dist=420.6m | forward=331.2 | right=-259.2 | roll=1484 pitch=1516 throttle=1488 | alt=300.62
2026-04-16 17:45:51,032 | Cruise | lat=50.440420 lon=30.451880 alt=300.68m yaw=358.67deg | dist=421.0m | forward=332.3 | right=-258.6 | roll=1484 pitch=1516 throttle=1488 | alt=300.68
2026-04-16 17:45:51,384 | Cruise | lat=50.440411 lon=30.451871 alt=300.73m yaw=358.66deg | dist=421.5m | forward=333.3 | right=-257.9 | roll=1484 pitch=1516 throttle=1488 | alt=300.73
2026-04-16 17:45:51,736 | Cruise | lat=50.440391 lon=30.451853 alt=300.86m yaw=358.66deg | dist=422.3m | forward=335.5 | right=-256.6 | roll=1484 pitch=1516 throttle=1488 | alt=300.86
2026-04-16 17:45:52,087 | Cruise | lat=50.440382 lon=30.451844 alt=300.91m yaw=358.66deg | dist=422.8m | forward=336.5 | right=-255.9 | roll=1484 pitch=1516 throttle=1488 | alt=300.91
2026-04-16 17:45:52,439 | Cruise | lat=50.440362 lon=30.451826 alt=300.88m yaw=358.66deg | dist=423.7m | forward=338.7 | right=-254.5 | roll=1484 pitch=1516 throttle=1488 | alt=300.88
2026-04-16 17:45:52,790 | Cruise | lat=50.440352 lon=30.451817 alt=300.85m yaw=358.66deg | dist=424.1m | forward=339.7 | right=-253.9 | roll=1484 pitch=1516 throttle=1488 | alt=300.85
2026-04-16 17:45:53,141 | Cruise | lat=50.440342 lon=30.451808 alt=300.80m yaw=358.66deg | dist=424.5m | forward=340.8 | right=-253.2 | roll=1484 pitch=1516 throttle=1488 | alt=300.80
2026-04-16 17:45:53,492 | Cruise | lat=50.440323 lon=30.451790 alt=300.77m yaw=358.67deg | dist=425.4m | forward=342.9 | right=-251.8 | roll=1484 pitch=1516 throttle=1488 | alt=300.77
2026-04-16 17:45:53,843 | Cruise | lat=50.440314 lon=30.451781 alt=300.76m yaw=358.67deg | dist=425.9m | forward=344.0 | right=-251.2 | roll=1484 pitch=1516 throttle=1488 | alt=300.76
2026-04-16 17:45:54,194 | Cruise | lat=50.440294 lon=30.451763 alt=300.65m yaw=358.67deg | dist=426.8m | forward=346.1 | right=-249.8 | roll=1484 pitch=1516 throttle=1488 | alt=300.65
2026-04-16 17:45:54,546 | Cruise | lat=50.440284 lon=30.451754 alt=300.57m yaw=358.67deg | dist=427.3m | forward=347.1 | right=-249.1 | roll=1484 pitch=1516 throttle=1488 | alt=300.57
2026-04-16 17:45:54,897 | Cruise | lat=50.440275 lon=30.451745 alt=300.52m yaw=358.67deg | dist=427.8m | forward=348.2 | right=-248.5 | roll=1484 pitch=1516 throttle=1488 | alt=300.52
2026-04-16 17:45:55,248 | Cruise | lat=50.440255 lon=30.451727 alt=300.52m yaw=358.66deg | dist=428.7m | forward=350.3 | right=-247.1 | roll=1484 pitch=1516 throttle=1488 | alt=300.52
2026-04-16 17:45:55,600 | Cruise | lat=50.440246 lon=30.451718 alt=300.52m yaw=358.66deg | dist=429.2m | forward=351.4 | right=-246.5 | roll=1484 pitch=1516 throttle=1488 | alt=300.52
2026-04-16 17:45:55,951 | Cruise | lat=50.440226 lon=30.451700 alt=300.58m yaw=358.68deg | dist=430.2m | forward=353.5 | right=-245.1 | roll=1484 pitch=1516 throttle=1488 | alt=300.58
2026-04-16 17:45:56,303 | Cruise | lat=50.440216 lon=30.451691 alt=300.61m yaw=358.69deg | dist=430.7m | forward=354.6 | right=-244.5 | roll=1484 pitch=1516 throttle=1488 | alt=300.61
2026-04-16 17:45:56,655 | Cruise | lat=50.440207 lon=30.451682 alt=300.64m yaw=358.69deg | dist=431.2m | forward=355.6 | right=-243.8 | roll=1484 pitch=1516 throttle=1488 | alt=300.64
2026-04-16 17:45:57,006 | Cruise | lat=50.440187 lon=30.451664 alt=300.66m yaw=358.69deg | dist=432.2m | forward=357.8 | right=-242.4 | roll=1484 pitch=1516 throttle=1488 | alt=300.66
2026-04-16 17:45:57,357 | Cruise | lat=50.440177 lon=30.451656 alt=300.69m yaw=358.69deg | dist=432.7m | forward=358.8 | right=-241.8 | roll=1484 pitch=1516 throttle=1488 | alt=300.69
2026-04-16 17:45:57,708 | Cruise | lat=50.440158 lon=30.451638 alt=300.80m yaw=358.69deg | dist=433.7m | forward=360.9 | right=-240.4 | roll=1484 pitch=1516 throttle=1488 | alt=300.80
2026-04-16 17:45:58,059 | Cruise | lat=50.440148 lon=30.451629 alt=300.85m yaw=358.69deg | dist=434.2m | forward=362.0 | right=-239.8 | roll=1484 pitch=1516 throttle=1488 | alt=300.85
2026-04-16 17:45:58,411 | Cruise | lat=50.440139 lon=30.451620 alt=300.88m yaw=358.69deg | dist=434.7m | forward=363.0 | right=-239.1 | roll=1484 pitch=1516 throttle=1488 | alt=300.88
2026-04-16 17:45:58,762 | Cruise | lat=50.440119 lon=30.451602 alt=300.93m yaw=358.69deg | dist=435.8m | forward=365.2 | right=-237.8 | roll=1484 pitch=1516 throttle=1488 | alt=300.93
2026-04-16 17:45:59,113 | Cruise | lat=50.440109 lon=30.451593 alt=300.94m yaw=358.69deg | dist=436.3m | forward=366.2 | right=-237.1 | roll=1484 pitch=1516 throttle=1488 | alt=300.94
2026-04-16 17:45:59,464 | Cruise | lat=50.440090 lon=30.451576 alt=300.87m yaw=358.69deg | dist=437.4m | forward=368.4 | right=-235.8 | roll=1484 pitch=1516 throttle=1488 | alt=300.87
2026-04-16 17:45:59,815 | Cruise | lat=50.440080 lon=30.451567 alt=300.85m yaw=358.69deg | dist=437.9m | forward=369.4 | right=-235.1 | roll=1484 pitch=1516 throttle=1488 | alt=300.85
2026-04-16 17:46:00,166 | Cruise | lat=50.440061 lon=30.451550 alt=300.79m yaw=358.69deg | dist=439.0m | forward=371.5 | right=-233.8 | roll=1484 pitch=1516 throttle=1488 | alt=300.79
2026-04-16 17:46:00,517 | Cruise | lat=50.440051 lon=30.451541 alt=300.77m yaw=358.69deg | dist=439.5m | forward=372.6 | right=-233.2 | roll=1484 pitch=1516 throttle=1488 | alt=300.77
2026-04-16 17:46:00,868 | Cruise | lat=50.440041 lon=30.451532 alt=300.75m yaw=358.69deg | dist=440.1m | forward=373.7 | right=-232.5 | roll=1484 pitch=1516 throttle=1488 | alt=300.75
2026-04-16 17:46:01,220 | Cruise | lat=50.440022 lon=30.451514 alt=300.73m yaw=358.69deg | dist=441.2m | forward=375.8 | right=-231.2 | roll=1484 pitch=1516 throttle=1488 | alt=300.73
2026-04-16 17:46:01,571 | Cruise | lat=50.440012 lon=30.451506 alt=300.70m yaw=358.69deg | dist=441.8m | forward=376.8 | right=-230.5 | roll=1484 pitch=1516 throttle=1488 | alt=300.70
2026-04-16 17:46:01,922 | Cruise | lat=50.439993 lon=30.451488 alt=300.69m yaw=358.70deg | dist=442.9m | forward=378.9 | right=-229.2 | roll=1484 pitch=1516 throttle=1488 | alt=300.69
2026-04-16 17:46:02,273 | Cruise | lat=50.439983 lon=30.451479 alt=300.70m yaw=358.71deg | dist=443.4m | forward=380.0 | right=-228.5 | roll=1484 pitch=1516 throttle=1488 | alt=300.70
2026-04-16 17:46:02,625 | Cruise | lat=50.439974 lon=30.451470 alt=300.69m yaw=358.72deg | dist=444.0m | forward=381.0 | right=-227.9 | roll=1484 pitch=1516 throttle=1488 | alt=300.69
2026-04-16 17:46:02,976 | Cruise | lat=50.439954 lon=30.451452 alt=300.59m yaw=358.73deg | dist=445.1m | forward=383.2 | right=-226.5 | roll=1484 pitch=1516 throttle=1488 | alt=300.59
2026-04-16 17:46:03,327 | Cruise | lat=50.439944 lon=30.451443 alt=300.60m yaw=358.72deg | dist=445.7m | forward=384.2 | right=-225.9 | roll=1484 pitch=1516 throttle=1488 | alt=300.60
2026-04-16 17:46:03,678 | Cruise | lat=50.439925 lon=30.451425 alt=300.70m yaw=358.71deg | dist=446.8m | forward=386.3 | right=-224.5 | roll=1484 pitch=1516 throttle=1488 | alt=300.70
2026-04-16 17:46:04,029 | Cruise | lat=50.439916 lon=30.451417 alt=300.73m yaw=358.71deg | dist=447.4m | forward=387.4 | right=-223.9 | roll=1484 pitch=1516 throttle=1488 | alt=300.73
2026-04-16 17:46:04,380 | Cruise | lat=50.439906 lon=30.451408 alt=300.78m yaw=358.71deg | dist=448.0m | forward=388.4 | right=-223.2 | roll=1484 pitch=1516 throttle=1488 | alt=300.78
2026-04-16 17:46:04,731 | Cruise | lat=50.439887 lon=30.451390 alt=300.86m yaw=358.71deg | dist=449.1m | forward=390.5 | right=-221.9 | roll=1484 pitch=1516 throttle=1488 | alt=300.86
2026-04-16 17:46:05,082 | Cruise | lat=50.439877 lon=30.451381 alt=300.90m yaw=358.72deg | dist=449.7m | forward=391.5 | right=-221.2 | roll=1484 pitch=1516 throttle=1488 | alt=300.90
2026-04-16 17:46:05,433 | Cruise | lat=50.439858 lon=30.451363 alt=301.06m yaw=358.72deg | dist=450.8m | forward=393.6 | right=-219.8 | roll=1484 pitch=1516 throttle=1478 | alt=301.06
2026-04-16 17:46:05,784 | Cruise | lat=50.439849 lon=30.451354 alt=301.17m yaw=358.71deg | dist=451.4m | forward=394.6 | right=-219.2 | roll=1484 pitch=1516 throttle=1478 | alt=301.17
2026-04-16 17:46:06,135 | Cruise | lat=50.439839 lon=30.451345 alt=301.24m yaw=358.68deg | dist=452.0m | forward=395.7 | right=-218.5 | roll=1484 pitch=1516 throttle=1478 | alt=301.24
2026-04-16 17:46:06,486 | Cruise | lat=50.439820 lon=30.451327 alt=301.39m yaw=358.69deg | dist=453.2m | forward=397.8 | right=-217.2 | roll=1484 pitch=1516 throttle=1478 | alt=301.39
2026-04-16 17:46:06,837 | Cruise | lat=50.439810 lon=30.451318 alt=301.46m yaw=358.68deg | dist=453.8m | forward=398.8 | right=-216.5 | roll=1484 pitch=1516 throttle=1478 | alt=301.46
2026-04-16 17:46:07,189 | Cruise | lat=50.439791 lon=30.451300 alt=301.58m yaw=358.69deg | dist=455.0m | forward=400.9 | right=-215.2 | roll=1484 pitch=1516 throttle=1478 | alt=301.58
2026-04-16 17:46:07,540 | Cruise | lat=50.439781 lon=30.451291 alt=301.61m yaw=358.68deg | dist=455.6m | forward=402.0 | right=-214.5 | roll=1484 pitch=1516 throttle=1478 | alt=301.61
2026-04-16 17:46:07,891 | Cruise | lat=50.439772 lon=30.451282 alt=301.63m yaw=358.68deg | dist=456.2m | forward=403.0 | right=-213.8 | roll=1484 pitch=1516 throttle=1478 | alt=301.63
2026-04-16 17:46:08,242 | Cruise | lat=50.439753 lon=30.451264 alt=301.68m yaw=358.68deg | dist=457.5m | forward=405.1 | right=-212.5 | roll=1484 pitch=1516 throttle=1478 | alt=301.68
2026-04-16 17:46:08,593 | Cruise | lat=50.439743 lon=30.451255 alt=301.70m yaw=358.67deg | dist=458.1m | forward=406.2 | right=-211.8 | roll=1484 pitch=1516 throttle=1478 | alt=301.70
2026-04-16 17:46:08,945 | Cruise | lat=50.439724 lon=30.451237 alt=301.68m yaw=358.68deg | dist=459.3m | forward=408.3 | right=-210.4 | roll=1484 pitch=1516 throttle=1478 | alt=301.68
2026-04-16 17:46:09,296 | Cruise | lat=50.439714 lon=30.451228 alt=301.61m yaw=358.68deg | dist=459.9m | forward=409.3 | right=-209.7 | roll=1484 pitch=1516 throttle=1478 | alt=301.61
2026-04-16 17:46:09,647 | Cruise | lat=50.439704 lon=30.451219 alt=301.53m yaw=358.69deg | dist=460.6m | forward=410.4 | right=-209.1 | roll=1484 pitch=1516 throttle=1478 | alt=301.53
2026-04-16 17:46:09,998 | Cruise | lat=50.439685 lon=30.451201 alt=301.42m yaw=358.67deg | dist=461.8m | forward=412.5 | right=-207.7 | roll=1484 pitch=1516 throttle=1478 | alt=301.42
2026-04-16 17:46:10,349 | Cruise | lat=50.439676 lon=30.451192 alt=301.36m yaw=358.68deg | dist=462.4m | forward=413.5 | right=-207.0 | roll=1484 pitch=1516 throttle=1478 | alt=301.36
2026-04-16 17:46:10,700 | Cruise | lat=50.439656 lon=30.451174 alt=301.21m yaw=358.67deg | dist=463.7m | forward=415.6 | right=-205.7 | roll=1484 pitch=1516 throttle=1478 | alt=301.21
2026-04-16 17:46:11,052 | Cruise | lat=50.439647 lon=30.451165 alt=301.13m yaw=358.68deg | dist=464.4m | forward=416.7 | right=-205.0 | roll=1484 pitch=1516 throttle=1478 | alt=301.13
2026-04-16 17:46:11,403 | Cruise | lat=50.439637 lon=30.451156 alt=301.05m yaw=358.68deg | dist=465.0m | forward=417.7 | right=-204.3 | roll=1484 pitch=1516 throttle=1478 | alt=301.05
2026-04-16 17:46:11,754 | Cruise | lat=50.439618 lon=30.451138 alt=300.87m yaw=358.69deg | dist=466.3m | forward=419.8 | right=-203.0 | roll=1484 pitch=1516 throttle=1488 | alt=300.87
2026-04-16 17:46:12,106 | Cruise | lat=50.439608 lon=30.451129 alt=300.78m yaw=358.68deg | dist=467.0m | forward=420.9 | right=-202.3 | roll=1484 pitch=1516 throttle=1488 | alt=300.78
2026-04-16 17:46:12,457 | Cruise | lat=50.439589 lon=30.451111 alt=300.63m yaw=358.67deg | dist=468.3m | forward=423.0 | right=-201.0 | roll=1484 pitch=1516 throttle=1488 | alt=300.63
2026-04-16 17:46:12,809 | Cruise | lat=50.439579 lon=30.451102 alt=300.59m yaw=358.66deg | dist=469.0m | forward=424.0 | right=-200.3 | roll=1484 pitch=1516 throttle=1488 | alt=300.59
2026-04-16 17:46:13,160 | Cruise | lat=50.439570 lon=30.451093 alt=300.56m yaw=358.66deg | dist=469.6m | forward=425.1 | right=-199.7 | roll=1485 pitch=1516 throttle=1488 | alt=300.56
2026-04-16 17:46:13,512 | Cruise | lat=50.439550 lon=30.451076 alt=300.49m yaw=358.66deg | dist=471.0m | forward=427.2 | right=-198.3 | roll=1485 pitch=1516 throttle=1488 | alt=300.49
2026-04-16 17:46:13,863 | Cruise | lat=50.439540 lon=30.451067 alt=300.50m yaw=358.66deg | dist=471.7m | forward=428.3 | right=-197.7 | roll=1485 pitch=1516 throttle=1488 | alt=300.50
2026-04-16 17:46:14,215 | Cruise | lat=50.439521 lon=30.451049 alt=300.47m yaw=358.68deg | dist=473.1m | forward=430.4 | right=-196.4 | roll=1485 pitch=1516 throttle=1488 | alt=300.47
2026-04-16 17:46:14,566 | Cruise | lat=50.439511 lon=30.451041 alt=300.44m yaw=358.68deg | dist=473.8m | forward=431.4 | right=-195.7 | roll=1485 pitch=1516 throttle=1488 | alt=300.44
2026-04-16 17:46:14,919 | Cruise | lat=50.439492 lon=30.451023 alt=300.36m yaw=358.69deg | dist=475.1m | forward=433.6 | right=-194.4 | roll=1485 pitch=1516 throttle=1488 | alt=300.36
2026-04-16 17:46:15,270 | Cruise | lat=50.439482 lon=30.451014 alt=300.27m yaw=358.69deg | dist=475.8m | forward=434.6 | right=-193.7 | roll=1485 pitch=1516 throttle=1488 | alt=300.27
2026-04-16 17:46:15,622 | Cruise | lat=50.439472 lon=30.451005 alt=300.14m yaw=358.69deg | dist=476.5m | forward=435.7 | right=-193.0 | roll=1485 pitch=1516 throttle=1488 | alt=300.14
2026-04-16 17:46:15,973 | Cruise | lat=50.439453 lon=30.450987 alt=299.90m yaw=358.70deg | dist=477.9m | forward=437.8 | right=-191.7 | roll=1485 pitch=1516 throttle=1488 | alt=299.90
2026-04-16 17:46:16,323 | Cruise | lat=50.439444 lon=30.450978 alt=299.81m yaw=358.70deg | dist=478.6m | forward=438.8 | right=-191.0 | roll=1485 pitch=1516 throttle=1488 | alt=299.81
2026-04-16 17:46:16,675 | Cruise | lat=50.439424 lon=30.450960 alt=299.78m yaw=358.71deg | dist=480.0m | forward=441.0 | right=-189.7 | roll=1485 pitch=1516 throttle=1488 | alt=299.78
2026-04-16 17:46:17,026 | Cruise | lat=50.439414 lon=30.450951 alt=299.78m yaw=358.71deg | dist=480.7m | forward=442.0 | right=-189.0 | roll=1485 pitch=1516 throttle=1488 | alt=299.78
2026-04-16 17:46:17,378 | Cruise | lat=50.439405 lon=30.450942 alt=299.79m yaw=358.71deg | dist=481.4m | forward=443.1 | right=-188.4 | roll=1485 pitch=1516 throttle=1488 | alt=299.79
2026-04-16 17:46:17,731 | Cruise | lat=50.439385 lon=30.450924 alt=299.82m yaw=358.72deg | dist=482.9m | forward=445.2 | right=-187.0 | roll=1486 pitch=1516 throttle=1488 | alt=299.82
2026-04-16 17:46:18,085 | Cruise | lat=50.439376 lon=30.450916 alt=299.84m yaw=358.72deg | dist=483.6m | forward=446.2 | right=-186.4 | roll=1486 pitch=1516 throttle=1488 | alt=299.84
2026-04-16 17:46:18,437 | Cruise | lat=50.439356 lon=30.450898 alt=299.86m yaw=358.69deg | dist=485.0m | forward=448.3 | right=-185.0 | roll=1486 pitch=1516 throttle=1488 | alt=299.86
2026-04-16 17:46:18,788 | Cruise | lat=50.439347 lon=30.450889 alt=299.86m yaw=358.68deg | dist=485.7m | forward=449.4 | right=-184.4 | roll=1486 pitch=1516 throttle=1488 | alt=299.86
2026-04-16 17:46:19,140 | Cruise | lat=50.439337 lon=30.450880 alt=299.87m yaw=358.68deg | dist=486.5m | forward=450.4 | right=-183.7 | roll=1486 pitch=1516 throttle=1488 | alt=299.87
2026-04-16 17:46:19,492 | Cruise | lat=50.439318 lon=30.450863 alt=299.95m yaw=358.67deg | dist=487.9m | forward=452.5 | right=-182.4 | roll=1486 pitch=1516 throttle=1488 | alt=299.95
2026-04-16 17:46:19,844 | Cruise | lat=50.439308 lon=30.450854 alt=300.04m yaw=358.67deg | dist=488.6m | forward=453.6 | right=-181.7 | roll=1486 pitch=1516 throttle=1488 | alt=300.04
2026-04-16 17:46:20,195 | Cruise | lat=50.439289 lon=30.450836 alt=300.29m yaw=358.67deg | dist=490.1m | forward=455.7 | right=-180.4 | roll=1486 pitch=1516 throttle=1488 | alt=300.29
2026-04-16 17:46:20,547 | Cruise | lat=50.439279 lon=30.450827 alt=300.42m yaw=358.67deg | dist=490.8m | forward=456.7 | right=-179.7 | roll=1486 pitch=1516 throttle=1488 | alt=300.42
2026-04-16 17:46:20,898 | Cruise | lat=50.439270 lon=30.450818 alt=300.53m yaw=358.67deg | dist=491.6m | forward=457.8 | right=-179.1 | roll=1486 pitch=1516 throttle=1488 | alt=300.53
2026-04-16 17:46:21,249 | Cruise | lat=50.439250 lon=30.450800 alt=300.72m yaw=358.67deg | dist=493.0m | forward=459.9 | right=-177.7 | roll=1486 pitch=1516 throttle=1488 | alt=300.72
2026-04-16 17:46:21,602 | Cruise | lat=50.439241 lon=30.450792 alt=300.80m yaw=358.68deg | dist=493.8m | forward=461.0 | right=-177.1 | roll=1486 pitch=1516 throttle=1488 | alt=300.80
2026-04-16 17:46:21,953 | Cruise | lat=50.439221 lon=30.450774 alt=300.94m yaw=358.68deg | dist=495.3m | forward=463.1 | right=-175.7 | roll=1486 pitch=1516 throttle=1488 | alt=300.94
2026-04-16 17:46:22,305 | Cruise | lat=50.439211 lon=30.450765 alt=300.99m yaw=358.68deg | dist=496.1m | forward=464.2 | right=-175.1 | roll=1486 pitch=1516 throttle=1488 | alt=300.99
2026-04-16 17:46:22,658 | Cruise | lat=50.439202 lon=30.450756 alt=301.02m yaw=358.69deg | dist=496.8m | forward=465.2 | right=-174.4 | roll=1487 pitch=1516 throttle=1478 | alt=301.02
2026-04-16 17:46:23,010 | Cruise | lat=50.439182 lon=30.450738 alt=301.08m yaw=358.68deg | dist=498.3m | forward=467.3 | right=-173.1 | roll=1487 pitch=1516 throttle=1478 | alt=301.08
2026-04-16 17:46:23,361 | Cruise | lat=50.439173 lon=30.450729 alt=301.07m yaw=358.69deg | dist=499.1m | forward=468.4 | right=-172.4 | roll=1487 pitch=1516 throttle=1478 | alt=301.07
2026-04-16 17:46:23,713 | Cruise | lat=50.439153 lon=30.450712 alt=301.02m yaw=358.68deg | dist=500.6m | forward=470.5 | right=-171.1 | roll=1483 pitch=1520 throttle=1478 | alt=301.02
2026-04-16 17:46:24,064 | Cruise | lat=50.439143 lon=30.450703 alt=300.97m yaw=358.69deg | dist=501.4m | forward=471.6 | right=-170.4 | roll=1483 pitch=1520 throttle=1488 | alt=300.97
2026-04-16 17:46:24,416 | Cruise | lat=50.439134 lon=30.450694 alt=300.93m yaw=358.69deg | dist=502.2m | forward=472.6 | right=-169.7 | roll=1484 pitch=1520 throttle=1488 | alt=300.93
2026-04-16 17:46:24,768 | Cruise | lat=50.439114 lon=30.450676 alt=300.90m yaw=358.68deg | dist=503.7m | forward=474.7 | right=-168.4 | roll=1484 pitch=1520 throttle=1488 | alt=300.90
2026-04-16 17:46:25,120 | Cruise | lat=50.439105 lon=30.450667 alt=300.91m yaw=358.67deg | dist=504.5m | forward=475.8 | right=-167.7 | roll=1484 pitch=1520 throttle=1488 | alt=300.91
2026-04-16 17:46:25,471 | Cruise | lat=50.439085 lon=30.450649 alt=300.99m yaw=358.67deg | dist=506.1m | forward=477.9 | right=-166.4 | roll=1484 pitch=1520 throttle=1488 | alt=300.99
2026-04-16 17:46:25,823 | Cruise | lat=50.439076 lon=30.450640 alt=301.03m yaw=358.66deg | dist=506.8m | forward=479.0 | right=-165.7 | roll=1484 pitch=1520 throttle=1478 | alt=301.03
2026-04-16 17:46:26,174 | Cruise | lat=50.439066 lon=30.450631 alt=301.06m yaw=358.67deg | dist=507.6m | forward=480.0 | right=-165.1 | roll=1484 pitch=1520 throttle=1478 | alt=301.06
2026-04-16 17:46:26,525 | Cruise | lat=50.439047 lon=30.450613 alt=301.07m yaw=358.69deg | dist=509.2m | forward=482.1 | right=-163.7 | roll=1484 pitch=1520 throttle=1478 | alt=301.07
2026-04-16 17:46:26,876 | Cruise | lat=50.439037 lon=30.450604 alt=301.05m yaw=358.68deg | dist=510.0m | forward=483.2 | right=-163.0 | roll=1484 pitch=1520 throttle=1478 | alt=301.05
2026-04-16 17:46:27,227 | Cruise | lat=50.439017 lon=30.450586 alt=300.95m yaw=358.69deg | dist=511.5m | forward=485.3 | right=-161.7 | roll=1484 pitch=1520 throttle=1488 | alt=300.95
2026-04-16 17:46:27,579 | Cruise | lat=50.439008 lon=30.450578 alt=300.86m yaw=358.68deg | dist=512.3m | forward=486.4 | right=-161.0 | roll=1484 pitch=1520 throttle=1488 | alt=300.86
2026-04-16 17:46:27,931 | Cruise | lat=50.438988 lon=30.450559 alt=300.78m yaw=358.67deg | dist=513.9m | forward=488.5 | right=-159.7 | roll=1485 pitch=1520 throttle=1488 | alt=300.78
2026-04-16 17:46:28,283 | Cruise | lat=50.438979 lon=30.450550 alt=300.78m yaw=358.67deg | dist=514.7m | forward=489.5 | right=-159.0 | roll=1485 pitch=1520 throttle=1488 | alt=300.78
2026-04-16 17:46:28,635 | Cruise | lat=50.438969 lon=30.450541 alt=300.79m yaw=358.67deg | dist=515.5m | forward=490.6 | right=-158.3 | roll=1485 pitch=1520 throttle=1488 | alt=300.79
2026-04-16 17:46:28,986 | Cruise | lat=50.438950 lon=30.450523 alt=300.91m yaw=358.66deg | dist=517.1m | forward=492.7 | right=-157.0 | roll=1485 pitch=1520 throttle=1488 | alt=300.91
2026-04-16 17:46:29,337 | Cruise | lat=50.438940 lon=30.450515 alt=300.95m yaw=358.66deg | dist=517.9m | forward=493.7 | right=-156.3 | roll=1485 pitch=1520 throttle=1488 | alt=300.95
2026-04-16 17:46:29,689 | Cruise | lat=50.438921 lon=30.450497 alt=301.02m yaw=358.66deg | dist=519.5m | forward=495.9 | right=-155.0 | roll=1485 pitch=1520 throttle=1478 | alt=301.02
2026-04-16 17:46:30,040 | Cruise | lat=50.438911 lon=30.450488 alt=301.06m yaw=358.68deg | dist=520.3m | forward=496.9 | right=-154.3 | roll=1485 pitch=1520 throttle=1478 | alt=301.06
2026-04-16 17:46:30,391 | Cruise | lat=50.438901 lon=30.450478 alt=301.09m yaw=358.70deg | dist=521.1m | forward=498.0 | right=-153.6 | roll=1485 pitch=1520 throttle=1478 | alt=301.09
2026-04-16 17:46:30,742 | Cruise | lat=50.438882 lon=30.450461 alt=301.09m yaw=358.69deg | dist=522.7m | forward=500.1 | right=-152.3 | roll=1485 pitch=1520 throttle=1478 | alt=301.09
2026-04-16 17:46:31,093 | Cruise | lat=50.438873 lon=30.450452 alt=301.07m yaw=358.70deg | dist=523.5m | forward=501.1 | right=-151.6 | roll=1485 pitch=1520 throttle=1478 | alt=301.07
2026-04-16 17:46:31,445 | Cruise | lat=50.438853 lon=30.450434 alt=301.02m yaw=358.70deg | dist=525.2m | forward=503.2 | right=-150.3 | roll=1485 pitch=1520 throttle=1478 | alt=301.02
2026-04-16 17:46:31,797 | Cruise | lat=50.438844 lon=30.450425 alt=300.96m yaw=358.70deg | dist=526.0m | forward=504.2 | right=-149.6 | roll=1486 pitch=1520 throttle=1488 | alt=300.96
2026-04-16 17:46:32,148 | Cruise | lat=50.438834 lon=30.450416 alt=300.92m yaw=358.68deg | dist=526.8m | forward=505.3 | right=-148.9 | roll=1486 pitch=1520 throttle=1488 | alt=300.92
2026-04-16 17:46:32,500 | Cruise | lat=50.438815 lon=30.450398 alt=300.86m yaw=358.68deg | dist=528.4m | forward=507.4 | right=-147.6 | roll=1486 pitch=1520 throttle=1488 | alt=300.86
2026-04-16 17:46:32,851 | Cruise | lat=50.438806 lon=30.450389 alt=300.79m yaw=358.68deg | dist=529.2m | forward=508.4 | right=-146.9 | roll=1486 pitch=1520 throttle=1488 | alt=300.79
2026-04-16 17:46:33,202 | Cruise | lat=50.438786 lon=30.450371 alt=300.69m yaw=358.68deg | dist=530.9m | forward=510.5 | right=-145.6 | roll=1486 pitch=1520 throttle=1488 | alt=300.69
2026-04-16 17:46:33,554 | Cruise | lat=50.438777 lon=30.450362 alt=300.68m yaw=358.68deg | dist=531.7m | forward=511.6 | right=-144.9 | roll=1486 pitch=1520 throttle=1488 | alt=300.68
2026-04-16 17:46:33,907 | Cruise | lat=50.438767 lon=30.450353 alt=300.67m yaw=358.68deg | dist=532.5m | forward=512.6 | right=-144.3 | roll=1486 pitch=1520 throttle=1488 | alt=300.67
2026-04-16 17:46:34,258 | Cruise | lat=50.438748 lon=30.450335 alt=300.69m yaw=358.69deg | dist=534.2m | forward=514.7 | right=-142.9 | roll=1486 pitch=1520 throttle=1488 | alt=300.69
2026-04-16 17:46:34,609 | Cruise | lat=50.438738 lon=30.450326 alt=300.67m yaw=358.69deg | dist=535.0m | forward=515.8 | right=-142.2 | roll=1486 pitch=1520 throttle=1488 | alt=300.67
2026-04-16 17:46:34,960 | Cruise | lat=50.438719 lon=30.450308 alt=300.64m yaw=358.69deg | dist=536.7m | forward=517.9 | right=-140.9 | roll=1486 pitch=1520 throttle=1488 | alt=300.64
2026-04-16 17:46:35,313 | Cruise | lat=50.438709 lon=30.450299 alt=300.64m yaw=358.69deg | dist=537.5m | forward=518.9 | right=-140.2 | roll=1486 pitch=1520 throttle=1488 | alt=300.64
2026-04-16 17:46:35,665 | Cruise | lat=50.438700 lon=30.450290 alt=300.64m yaw=358.70deg | dist=538.4m | forward=520.0 | right=-139.5 | roll=1487 pitch=1520 throttle=1488 | alt=300.64
2026-04-16 17:46:36,016 | Cruise | lat=50.438680 lon=30.450272 alt=300.62m yaw=358.70deg | dist=540.0m | forward=522.1 | right=-138.2 | roll=1487 pitch=1520 throttle=1488 | alt=300.62
2026-04-16 17:46:36,367 | Cruise | lat=50.438671 lon=30.450263 alt=300.62m yaw=358.70deg | dist=540.9m | forward=523.1 | right=-137.5 | roll=1487 pitch=1520 throttle=1488 | alt=300.62
2026-04-16 17:46:36,719 | Cruise | lat=50.438651 lon=30.450245 alt=300.58m yaw=358.70deg | dist=542.6m | forward=525.2 | right=-136.1 | roll=1487 pitch=1520 throttle=1488 | alt=300.58
2026-04-16 17:46:37,070 | Cruise | lat=50.438642 lon=30.450236 alt=300.52m yaw=358.70deg | dist=543.4m | forward=526.3 | right=-135.5 | roll=1487 pitch=1520 throttle=1488 | alt=300.52
2026-04-16 17:46:37,421 | Cruise | lat=50.438622 lon=30.450218 alt=300.40m yaw=358.70deg | dist=545.1m | forward=528.4 | right=-134.1 | roll=1487 pitch=1520 throttle=1488 | alt=300.40
2026-04-16 17:46:37,774 | Cruise | lat=50.438613 lon=30.450209 alt=300.32m yaw=358.70deg | dist=546.0m | forward=529.4 | right=-133.5 | roll=1487 pitch=1520 throttle=1488 | alt=300.32
2026-04-16 17:46:38,126 | Cruise | lat=50.438603 lon=30.450200 alt=300.22m yaw=358.70deg | dist=546.9m | forward=530.5 | right=-132.8 | roll=1487 pitch=1520 throttle=1488 | alt=300.22
2026-04-16 17:46:38,477 | Cruise | lat=50.438584 lon=30.450182 alt=299.93m yaw=358.70deg | dist=548.6m | forward=532.6 | right=-131.4 | roll=1487 pitch=1520 throttle=1488 | alt=299.93
2026-04-16 17:46:38,828 | Cruise | lat=50.438574 lon=30.450173 alt=299.79m yaw=358.70deg | dist=549.5m | forward=533.7 | right=-130.8 | roll=1487 pitch=1520 throttle=1488 | alt=299.79
2026-04-16 17:46:39,182 | Cruise | lat=50.438564 lon=30.450164 alt=299.66m yaw=358.70deg | dist=550.3m | forward=534.7 | right=-130.1 | roll=1487 pitch=1520 throttle=1488 | alt=299.66
2026-04-16 17:46:39,534 | Cruise | lat=50.438545 lon=30.450146 alt=299.49m yaw=358.70deg | dist=552.1m | forward=536.8 | right=-128.7 | roll=1488 pitch=1520 throttle=1488 | alt=299.49
2026-04-16 17:46:39,885 | Cruise | lat=50.438535 lon=30.450137 alt=299.45m yaw=358.70deg | dist=552.9m | forward=537.9 | right=-128.1 | roll=1488 pitch=1520 throttle=1488 | alt=299.45
2026-04-16 17:46:40,236 | Cruise | lat=50.438516 lon=30.450119 alt=299.47m yaw=358.70deg | dist=554.7m | forward=540.0 | right=-126.7 | roll=1488 pitch=1520 throttle=1488 | alt=299.47
2026-04-16 17:46:40,588 | Cruise | lat=50.438506 lon=30.450110 alt=299.50m yaw=358.70deg | dist=555.6m | forward=541.1 | right=-126.0 | roll=1488 pitch=1520 throttle=1488 | alt=299.50
2026-04-16 17:46:40,941 | Cruise | lat=50.438487 lon=30.450092 alt=299.56m yaw=358.70deg | dist=557.3m | forward=543.2 | right=-124.7 | roll=1488 pitch=1520 throttle=1488 | alt=299.56
2026-04-16 17:46:41,294 | Cruise | lat=50.438477 lon=30.450083 alt=299.59m yaw=358.70deg | dist=558.2m | forward=544.2 | right=-124.0 | roll=1488 pitch=1520 throttle=1488 | alt=299.59
2026-04-16 17:46:41,645 | Cruise | lat=50.438468 lon=30.450074 alt=299.61m yaw=358.70deg | dist=559.1m | forward=545.3 | right=-123.4 | roll=1488 pitch=1520 throttle=1488 | alt=299.61
2026-04-16 17:46:41,998 | Cruise | lat=50.438448 lon=30.450056 alt=299.70m yaw=358.70deg | dist=560.8m | forward=547.4 | right=-122.0 | roll=1488 pitch=1520 throttle=1488 | alt=299.70
2026-04-16 17:46:42,350 | Cruise | lat=50.438438 lon=30.450047 alt=299.76m yaw=358.70deg | dist=561.7m | forward=548.5 | right=-121.3 | roll=1488 pitch=1520 throttle=1488 | alt=299.76
2026-04-16 17:46:42,702 | Cruise | lat=50.438419 lon=30.450029 alt=299.86m yaw=358.70deg | dist=563.5m | forward=550.6 | right=-120.0 | roll=1489 pitch=1520 throttle=1488 | alt=299.86
2026-04-16 17:46:43,053 | Cruise | lat=50.438409 lon=30.450020 alt=299.89m yaw=358.70deg | dist=564.4m | forward=551.6 | right=-119.3 | roll=1489 pitch=1520 throttle=1488 | alt=299.89
2026-04-16 17:46:43,405 | Cruise | lat=50.438400 lon=30.450011 alt=299.90m yaw=358.70deg | dist=565.3m | forward=552.7 | right=-118.6 | roll=1489 pitch=1520 throttle=1488 | alt=299.90
2026-04-16 17:46:43,756 | Cruise | lat=50.438380 lon=30.449993 alt=299.93m yaw=358.70deg | dist=567.1m | forward=554.8 | right=-117.3 | roll=1489 pitch=1520 throttle=1488 | alt=299.93
2026-04-16 17:46:44,108 | Cruise | lat=50.438371 lon=30.449984 alt=299.96m yaw=358.70deg | dist=568.0m | forward=555.8 | right=-116.6 | roll=1489 pitch=1520 throttle=1488 | alt=299.96
2026-04-16 17:46:44,459 | Cruise | lat=50.438351 lon=30.449966 alt=300.02m yaw=358.70deg | dist=569.7m | forward=558.0 | right=-115.3 | roll=1489 pitch=1520 throttle=1488 | alt=300.02
2026-04-16 17:46:44,810 | Cruise | lat=50.438341 lon=30.449957 alt=300.04m yaw=358.70deg | dist=570.7m | forward=559.0 | right=-114.6 | roll=1489 pitch=1520 throttle=1488 | alt=300.04
2026-04-16 17:46:45,161 | Cruise | lat=50.438332 lon=30.449948 alt=300.08m yaw=358.70deg | dist=571.5m | forward=560.1 | right=-113.9 | roll=1489 pitch=1520 throttle=1488 | alt=300.08
2026-04-16 17:46:45,513 | Cruise | lat=50.438313 lon=30.449930 alt=300.19m yaw=358.70deg | dist=573.3m | forward=562.2 | right=-112.6 | roll=1489 pitch=1520 throttle=1488 | alt=300.19
2026-04-16 17:46:45,864 | Cruise | lat=50.438303 lon=30.449921 alt=300.25m yaw=358.70deg | dist=574.2m | forward=563.2 | right=-111.9 | roll=1489 pitch=1520 throttle=1488 | alt=300.25
2026-04-16 17:46:46,216 | Cruise | lat=50.438284 lon=30.449904 alt=300.26m yaw=358.70deg | dist=576.0m | forward=565.3 | right=-110.6 | roll=1489 pitch=1520 throttle=1488 | alt=300.26
2026-04-16 17:46:46,568 | Cruise | lat=50.438274 lon=30.449894 alt=300.23m yaw=358.70deg | dist=576.9m | forward=566.4 | right=-109.9 | roll=1490 pitch=1520 throttle=1488 | alt=300.23
2026-04-16 17:46:46,919 | Cruise | lat=50.438265 lon=30.449886 alt=300.19m yaw=358.69deg | dist=577.8m | forward=567.4 | right=-109.2 | roll=1490 pitch=1520 throttle=1488 | alt=300.19
2026-04-16 17:46:47,271 | Cruise | lat=50.438245 lon=30.449867 alt=300.11m yaw=358.69deg | dist=579.6m | forward=569.5 | right=-107.9 | roll=1490 pitch=1520 throttle=1488 | alt=300.11
2026-04-16 17:46:47,624 | Cruise | lat=50.438236 lon=30.449859 alt=300.09m yaw=358.69deg | dist=580.5m | forward=570.5 | right=-107.2 | roll=1490 pitch=1520 throttle=1488 | alt=300.09
2026-04-16 17:46:47,976 | Cruise | lat=50.438217 lon=30.449841 alt=300.09m yaw=358.69deg | dist=582.3m | forward=572.6 | right=-105.9 | roll=1490 pitch=1520 throttle=1488 | alt=300.09
2026-04-16 17:46:48,327 | Cruise | lat=50.438207 lon=30.449832 alt=300.11m yaw=358.69deg | dist=583.3m | forward=573.7 | right=-105.2 | roll=1490 pitch=1520 throttle=1488 | alt=300.11
2026-04-16 17:46:48,679 | Cruise | lat=50.438197 lon=30.449823 alt=300.13m yaw=358.69deg | dist=584.2m | forward=574.7 | right=-104.5 | roll=1490 pitch=1520 throttle=1488 | alt=300.13
2026-04-16 17:46:49,031 | Cruise | lat=50.438178 lon=30.449805 alt=300.17m yaw=358.69deg | dist=586.0m | forward=576.9 | right=-103.2 | roll=1490 pitch=1520 throttle=1488 | alt=300.17
2026-04-16 17:46:49,386 | Cruise | lat=50.438168 lon=30.449796 alt=300.14m yaw=358.69deg | dist=586.9m | forward=577.9 | right=-102.5 | roll=1490 pitch=1520 throttle=1488 | alt=300.14
2026-04-16 17:46:49,737 | Cruise | lat=50.438149 lon=30.449778 alt=300.20m yaw=358.68deg | dist=588.8m | forward=580.0 | right=-101.2 | roll=1490 pitch=1520 throttle=1488 | alt=300.20
2026-04-16 17:46:50,089 | Cruise | lat=50.438139 lon=30.449769 alt=300.25m yaw=358.68deg | dist=589.7m | forward=581.1 | right=-100.5 | roll=1490 pitch=1520 throttle=1488 | alt=300.25
2026-04-16 17:46:50,440 | Cruise | lat=50.438120 lon=30.449752 alt=300.31m yaw=358.68deg | dist=591.6m | forward=583.2 | right=-99.2 | roll=1491 pitch=1520 throttle=1488 | alt=300.31
2026-04-16 17:46:50,791 | Cruise | lat=50.438110 lon=30.449743 alt=300.30m yaw=358.68deg | dist=592.5m | forward=584.3 | right=-98.5 | roll=1491 pitch=1520 throttle=1488 | alt=300.30
2026-04-16 17:46:51,143 | Cruise | lat=50.438100 lon=30.449734 alt=300.22m yaw=358.68deg | dist=593.5m | forward=585.3 | right=-97.9 | roll=1491 pitch=1520 throttle=1488 | alt=300.22
2026-04-16 17:46:51,494 | Cruise | lat=50.438081 lon=30.449716 alt=300.11m yaw=358.68deg | dist=595.3m | forward=587.4 | right=-96.5 | roll=1491 pitch=1520 throttle=1488 | alt=300.11
2026-04-16 17:46:51,846 | Cruise | lat=50.438071 lon=30.449707 alt=300.08m yaw=358.68deg | dist=596.2m | forward=588.5 | right=-95.9 | roll=1491 pitch=1520 throttle=1488 | alt=300.08
2026-04-16 17:46:52,197 | Cruise | lat=50.438052 lon=30.449689 alt=300.05m yaw=358.68deg | dist=598.1m | forward=590.6 | right=-94.5 | roll=1491 pitch=1520 throttle=1488 | alt=300.05
2026-04-16 17:46:52,548 | Cruise | lat=50.438042 lon=30.449680 alt=300.02m yaw=358.68deg | dist=599.1m | forward=591.7 | right=-93.8 | roll=1491 pitch=1520 throttle=1488 | alt=300.02
2026-04-16 17:46:52,901 | Cruise | lat=50.438032 lon=30.449671 alt=300.00m yaw=358.68deg | dist=600.0m | forward=592.7 | right=-93.2 | roll=1491 pitch=1520 throttle=1488 | alt=300.00
2026-04-16 17:46:53,252 | Cruise | lat=50.438013 lon=30.449653 alt=299.92m yaw=358.68deg | dist=601.9m | forward=594.9 | right=-91.8 | roll=1491 pitch=1520 throttle=1488 | alt=299.92
2026-04-16 17:46:53,603 | Cruise | lat=50.438003 lon=30.449644 alt=299.84m yaw=358.68deg | dist=602.8m | forward=595.9 | right=-91.1 | roll=1491 pitch=1520 throttle=1488 | alt=299.84
2026-04-16 17:46:53,954 | Cruise | lat=50.437984 lon=30.449626 alt=299.72m yaw=358.68deg | dist=604.7m | forward=598.0 | right=-89.8 | roll=1492 pitch=1520 throttle=1488 | alt=299.72
2026-04-16 17:46:54,305 | Cruise | lat=50.437974 lon=30.449617 alt=299.65m yaw=358.68deg | dist=605.7m | forward=599.1 | right=-89.1 | roll=1492 pitch=1520 throttle=1488 | alt=299.65
2026-04-16 17:46:54,656 | Cruise | lat=50.437964 lon=30.449608 alt=299.63m yaw=358.68deg | dist=606.6m | forward=600.2 | right=-88.5 | roll=1492 pitch=1520 throttle=1488 | alt=299.63
2026-04-16 17:46:55,008 | Cruise | lat=50.437945 lon=30.449590 alt=299.65m yaw=358.68deg | dist=608.6m | forward=602.3 | right=-87.1 | roll=1492 pitch=1520 throttle=1488 | alt=299.65
2026-04-16 17:46:55,361 | Cruise | lat=50.437935 lon=30.449581 alt=299.68m yaw=358.68deg | dist=609.5m | forward=603.3 | right=-86.4 | roll=1492 pitch=1520 throttle=1488 | alt=299.68
2026-04-16 17:46:55,712 | Cruise | lat=50.437916 lon=30.449564 alt=299.81m yaw=358.67deg | dist=611.4m | forward=605.5 | right=-85.1 | roll=1492 pitch=1520 throttle=1488 | alt=299.81
2026-04-16 17:46:56,064 | Cruise | lat=50.437906 lon=30.449555 alt=299.87m yaw=358.67deg | dist=612.4m | forward=606.5 | right=-84.5 | roll=1492 pitch=1520 throttle=1488 | alt=299.87
2026-04-16 17:46:56,416 | Cruise | lat=50.437896 lon=30.449546 alt=299.93m yaw=358.67deg | dist=613.3m | forward=607.6 | right=-83.8 | roll=1492 pitch=1520 throttle=1488 | alt=299.93
2026-04-16 17:46:56,767 | Cruise | lat=50.437877 lon=30.449528 alt=300.07m yaw=358.66deg | dist=615.2m | forward=609.7 | right=-82.5 | roll=1492 pitch=1520 throttle=1488 | alt=300.07
2026-04-16 17:46:57,118 | Cruise | lat=50.437867 lon=30.449519 alt=300.12m yaw=358.66deg | dist=616.2m | forward=610.7 | right=-81.8 | roll=1492 pitch=1520 throttle=1488 | alt=300.12
2026-04-16 17:46:57,468 | Cruise | lat=50.437848 lon=30.449502 alt=300.14m yaw=358.65deg | dist=618.1m | forward=612.9 | right=-80.5 | roll=1492 pitch=1520 throttle=1488 | alt=300.14
2026-04-16 17:46:57,819 | Cruise | lat=50.437838 lon=30.449493 alt=300.12m yaw=358.66deg | dist=619.1m | forward=613.9 | right=-79.8 | roll=1493 pitch=1520 throttle=1488 | alt=300.12
2026-04-16 17:46:58,171 | Cruise | lat=50.437829 lon=30.449484 alt=300.11m yaw=358.68deg | dist=620.0m | forward=615.0 | right=-79.1 | roll=1493 pitch=1520 throttle=1488 | alt=300.11
2026-04-16 17:46:58,521 | Cruise | lat=50.437809 lon=30.449466 alt=300.10m yaw=358.69deg | dist=622.0m | forward=617.1 | right=-77.8 | roll=1493 pitch=1520 throttle=1488 | alt=300.10
2026-04-16 17:46:58,872 | Cruise | lat=50.437800 lon=30.449457 alt=300.10m yaw=358.69deg | dist=622.9m | forward=618.1 | right=-77.1 | roll=1493 pitch=1520 throttle=1488 | alt=300.10
2026-04-16 17:46:59,223 | Cruise | lat=50.437780 lon=30.449439 alt=300.08m yaw=358.69deg | dist=624.9m | forward=620.2 | right=-75.8 | roll=1493 pitch=1520 throttle=1488 | alt=300.08
2026-04-16 17:46:59,575 | Cruise | lat=50.437770 lon=30.449430 alt=300.11m yaw=358.69deg | dist=625.8m | forward=621.3 | right=-75.1 | roll=1493 pitch=1520 throttle=1488 | alt=300.11
2026-04-16 17:46:59,927 | Cruise | lat=50.437761 lon=30.449422 alt=300.16m yaw=358.69deg | dist=626.8m | forward=622.3 | right=-74.5 | roll=1493 pitch=1520 throttle=1488 | alt=300.16
2026-04-16 17:47:00,279 | Cruise | lat=50.437742 lon=30.449404 alt=300.25m yaw=358.68deg | dist=628.7m | forward=624.4 | right=-73.2 | roll=1493 pitch=1520 throttle=1488 | alt=300.25
2026-04-16 17:47:00,630 | Cruise | lat=50.437732 lon=30.449395 alt=300.32m yaw=358.68deg | dist=629.7m | forward=625.5 | right=-72.5 | roll=1493 pitch=1520 throttle=1488 | alt=300.32
2026-04-16 17:47:00,982 | Cruise | lat=50.437713 lon=30.449378 alt=300.48m yaw=358.68deg | dist=631.6m | forward=627.6 | right=-71.2 | roll=1493 pitch=1520 throttle=1488 | alt=300.48
2026-04-16 17:47:01,334 | Cruise | lat=50.437703 lon=30.449369 alt=300.59m yaw=358.67deg | dist=632.6m | forward=628.6 | right=-70.5 | roll=1493 pitch=1520 throttle=1488 | alt=300.59
2026-04-16 17:47:01,685 | Cruise | lat=50.437684 lon=30.449351 alt=300.82m yaw=358.67deg | dist=634.5m | forward=630.7 | right=-69.2 | roll=1494 pitch=1520 throttle=1488 | alt=300.82
2026-04-16 17:47:02,036 | Cruise | lat=50.437674 lon=30.449342 alt=300.97m yaw=358.66deg | dist=635.5m | forward=631.8 | right=-68.5 | roll=1494 pitch=1520 throttle=1488 | alt=300.97
2026-04-16 17:47:02,387 | Cruise | lat=50.437665 lon=30.449333 alt=301.12m yaw=358.67deg | dist=636.5m | forward=632.8 | right=-67.9 | roll=1494 pitch=1520 throttle=1478 | alt=301.12
2026-04-16 17:47:02,740 | Cruise | lat=50.437646 lon=30.449316 alt=301.32m yaw=358.69deg | dist=638.4m | forward=634.9 | right=-66.5 | roll=1494 pitch=1520 throttle=1478 | alt=301.32
2026-04-16 17:47:03,091 | Cruise | lat=50.437636 lon=30.449307 alt=301.40m yaw=358.70deg | dist=639.4m | forward=636.0 | right=-65.9 | roll=1494 pitch=1520 throttle=1478 | alt=301.40
2026-04-16 17:47:03,443 | Cruise | lat=50.437616 lon=30.449289 alt=301.61m yaw=358.69deg | dist=641.4m | forward=638.1 | right=-64.5 | roll=1494 pitch=1520 throttle=1478 | alt=301.61
2026-04-16 17:47:03,794 | Cruise | lat=50.437607 lon=30.449280 alt=301.72m yaw=358.69deg | dist=642.4m | forward=639.2 | right=-63.9 | roll=1494 pitch=1520 throttle=1478 | alt=301.72
2026-04-16 17:47:04,146 | Cruise | lat=50.437597 lon=30.449271 alt=301.80m yaw=358.69deg | dist=643.4m | forward=640.2 | right=-63.2 | roll=1494 pitch=1520 throttle=1478 | alt=301.80
2026-04-16 17:47:04,498 | Cruise | lat=50.437577 lon=30.449254 alt=301.94m yaw=358.69deg | dist=645.3m | forward=642.4 | right=-61.9 | roll=1494 pitch=1520 throttle=1478 | alt=301.94
2026-04-16 17:47:04,850 | Cruise | lat=50.437568 lon=30.449245 alt=302.00m yaw=358.69deg | dist=646.3m | forward=643.4 | right=-61.2 | roll=1494 pitch=1520 throttle=1478 | alt=302.00
2026-04-16 17:47:05,201 | Cruise | lat=50.437548 lon=30.449227 alt=302.05m yaw=358.69deg | dist=648.3m | forward=645.6 | right=-59.9 | roll=1495 pitch=1520 throttle=1478 | alt=302.05
2026-04-16 17:47:05,555 | Cruise | lat=50.437538 lon=30.449218 alt=302.08m yaw=358.69deg | dist=649.3m | forward=646.6 | right=-59.2 | roll=1495 pitch=1520 throttle=1478 | alt=302.08
2026-04-16 17:47:05,907 | Cruise | lat=50.437529 lon=30.449209 alt=302.11m yaw=358.69deg | dist=650.3m | forward=647.7 | right=-58.6 | roll=1495 pitch=1520 throttle=1478 | alt=302.11
2026-04-16 17:47:06,258 | Cruise | lat=50.437509 lon=30.449192 alt=302.18m yaw=358.70deg | dist=652.3m | forward=649.8 | right=-57.3 | roll=1495 pitch=1520 throttle=1478 | alt=302.18
2026-04-16 17:47:06,609 | Cruise | lat=50.437500 lon=30.449183 alt=302.24m yaw=358.69deg | dist=653.3m | forward=650.9 | right=-56.6 | roll=1495 pitch=1520 throttle=1478 | alt=302.24
2026-04-16 17:47:06,960 | Cruise | lat=50.437480 lon=30.449165 alt=302.37m yaw=358.69deg | dist=655.3m | forward=653.0 | right=-55.3 | roll=1495 pitch=1520 throttle=1478 | alt=302.37
2026-04-16 17:47:07,311 | Cruise | lat=50.437470 lon=30.449157 alt=302.38m yaw=358.70deg | dist=656.3m | forward=654.1 | right=-54.6 | roll=1495 pitch=1520 throttle=1478 | alt=302.38
2026-04-16 17:47:07,662 | Cruise | lat=50.437461 lon=30.449147 alt=302.36m yaw=358.69deg | dist=657.3m | forward=655.1 | right=-53.9 | roll=1495 pitch=1520 throttle=1478 | alt=302.36
2026-04-16 17:47:08,013 | Cruise | lat=50.437441 lon=30.449130 alt=302.29m yaw=358.70deg | dist=659.3m | forward=657.2 | right=-52.6 | roll=1495 pitch=1520 throttle=1478 | alt=302.29
2026-04-16 17:47:08,364 | Cruise | lat=50.437431 lon=30.449121 alt=302.23m yaw=358.69deg | dist=660.4m | forward=658.3 | right=-52.0 | roll=1495 pitch=1520 throttle=1478 | alt=302.23
2026-04-16 17:47:08,716 | Cruise | lat=50.437412 lon=30.449104 alt=302.13m yaw=358.69deg | dist=662.4m | forward=660.4 | right=-50.6 | roll=1495 pitch=1520 throttle=1478 | alt=302.13
2026-04-16 17:47:09,068 | Cruise | lat=50.437402 lon=30.449095 alt=302.06m yaw=358.69deg | dist=663.4m | forward=661.5 | right=-50.0 | roll=1496 pitch=1520 throttle=1478 | alt=302.06
2026-04-16 17:47:09,419 | Cruise | lat=50.437392 lon=30.449086 alt=302.01m yaw=358.68deg | dist=664.4m | forward=662.6 | right=-49.3 | roll=1496 pitch=1520 throttle=1478 | alt=302.01
2026-04-16 17:47:09,771 | Cruise | lat=50.437373 lon=30.449068 alt=301.86m yaw=358.69deg | dist=666.4m | forward=664.7 | right=-48.0 | roll=1496 pitch=1520 throttle=1478 | alt=301.86
2026-04-16 17:47:10,123 | Cruise | lat=50.437363 lon=30.449060 alt=301.76m yaw=358.68deg | dist=667.4m | forward=665.8 | right=-47.3 | roll=1496 pitch=1520 throttle=1478 | alt=301.76
2026-04-16 17:47:10,474 | Cruise | lat=50.437343 lon=30.449042 alt=301.54m yaw=358.69deg | dist=669.5m | forward=667.9 | right=-46.0 | roll=1496 pitch=1520 throttle=1478 | alt=301.54
2026-04-16 17:47:10,826 | Cruise | lat=50.437334 lon=30.449034 alt=301.44m yaw=358.69deg | dist=670.5m | forward=669.0 | right=-45.4 | roll=1496 pitch=1520 throttle=1478 | alt=301.44
2026-04-16 17:47:11,178 | Cruise | lat=50.437324 lon=30.449025 alt=301.34m yaw=358.70deg | dist=671.5m | forward=670.0 | right=-44.7 | roll=1496 pitch=1520 throttle=1478 | alt=301.34
2026-04-16 17:47:11,529 | Cruise | lat=50.437304 lon=30.449007 alt=301.14m yaw=358.69deg | dist=673.6m | forward=672.2 | right=-43.4 | roll=1496 pitch=1520 throttle=1478 | alt=301.14
2026-04-16 17:47:11,881 | Cruise | lat=50.437294 lon=30.448998 alt=300.99m yaw=358.69deg | dist=674.6m | forward=673.3 | right=-42.8 | roll=1496 pitch=1520 throttle=1488 | alt=300.99
2026-04-16 17:47:12,232 | Cruise | lat=50.437275 lon=30.448981 alt=300.71m yaw=358.69deg | dist=676.7m | forward=675.4 | right=-41.4 | roll=1496 pitch=1520 throttle=1488 | alt=300.71
2026-04-16 17:47:12,584 | Cruise | lat=50.437265 lon=30.448972 alt=300.61m yaw=358.69deg | dist=677.7m | forward=676.5 | right=-40.8 | roll=1496 pitch=1520 throttle=1488 | alt=300.61
2026-04-16 17:47:12,935 | Cruise | lat=50.437246 lon=30.448955 alt=300.53m yaw=358.68deg | dist=679.7m | forward=678.6 | right=-39.5 | roll=1497 pitch=1520 throttle=1488 | alt=300.53
2026-04-16 17:47:13,287 | Cruise | lat=50.437236 lon=30.448947 alt=300.49m yaw=358.68deg | dist=680.8m | forward=679.6 | right=-38.9 | roll=1497 pitch=1520 throttle=1488 | alt=300.49
2026-04-16 17:47:13,638 | Cruise | lat=50.437226 lon=30.448938 alt=300.45m yaw=358.68deg | dist=681.8m | forward=680.7 | right=-38.2 | roll=1497 pitch=1520 throttle=1488 | alt=300.45
2026-04-16 17:47:13,990 | Cruise | lat=50.437206 lon=30.448920 alt=300.39m yaw=358.67deg | dist=683.9m | forward=682.9 | right=-36.9 | roll=1497 pitch=1520 throttle=1488 | alt=300.39
2026-04-16 17:47:14,342 | Cruise | lat=50.437196 lon=30.448912 alt=300.33m yaw=358.66deg | dist=684.9m | forward=683.9 | right=-36.2 | roll=1497 pitch=1520 throttle=1488 | alt=300.33
2026-04-16 17:47:14,693 | Cruise | lat=50.437177 lon=30.448894 alt=300.11m yaw=358.68deg | dist=686.9m | forward=686.1 | right=-34.9 | roll=1497 pitch=1520 throttle=1488 | alt=300.11
2026-04-16 17:47:15,044 | Cruise | lat=50.437167 lon=30.448885 alt=300.01m yaw=358.69deg | dist=688.0m | forward=687.1 | right=-34.3 | roll=1497 pitch=1520 throttle=1488 | alt=300.01
2026-04-16 17:47:15,395 | Cruise | lat=50.437157 lon=30.448877 alt=299.93m yaw=358.69deg | dist=689.0m | forward=688.2 | right=-33.6 | roll=1497 pitch=1520 throttle=1488 | alt=299.93
2026-04-16 17:47:15,746 | Cruise | lat=50.437138 lon=30.448859 alt=299.72m yaw=358.68deg | dist=691.1m | forward=690.3 | right=-32.3 | roll=1497 pitch=1520 throttle=1488 | alt=299.72
2026-04-16 17:47:16,099 | Cruise | lat=50.437128 lon=30.448850 alt=299.62m yaw=358.68deg | dist=692.1m | forward=691.4 | right=-31.6 | roll=1497 pitch=1520 throttle=1488 | alt=299.62
2026-04-16 17:47:16,461 | Cruise | lat=50.437108 lon=30.448832 alt=299.38m yaw=358.67deg | dist=694.2m | forward=693.6 | right=-30.3 | roll=1497 pitch=1520 throttle=1488 | alt=299.38
2026-04-16 17:47:16,812 | Cruise | lat=50.437098 lon=30.448823 alt=299.26m yaw=358.66deg | dist=695.3m | forward=694.6 | right=-29.6 | roll=1498 pitch=1520 throttle=1488 | alt=299.26
2026-04-16 17:47:17,163 | Cruise | lat=50.437089 lon=30.448814 alt=299.13m yaw=358.68deg | dist=696.3m | forward=695.7 | right=-28.9 | roll=1498 pitch=1520 throttle=1488 | alt=299.13
2026-04-16 17:47:17,515 | Cruise | lat=50.437069 lon=30.448797 alt=298.87m yaw=358.70deg | dist=698.4m | forward=697.8 | right=-27.6 | roll=1498 pitch=1520 throttle=1492 | alt=298.87
2026-04-16 17:47:17,866 | Cruise | lat=50.437059 lon=30.448788 alt=298.77m yaw=358.71deg | dist=699.4m | forward=698.9 | right=-27.0 | roll=1498 pitch=1520 throttle=1492 | alt=298.77
2026-04-16 17:47:18,217 | Cruise | lat=50.437039 lon=30.448770 alt=298.64m yaw=358.71deg | dist=701.6m | forward=701.1 | right=-25.6 | roll=1498 pitch=1520 throttle=1492 | alt=298.64
2026-04-16 17:47:18,568 | Cruise | lat=50.437030 lon=30.448761 alt=298.60m yaw=358.71deg | dist=702.6m | forward=702.2 | right=-25.0 | roll=1498 pitch=1520 throttle=1492 | alt=298.60
2026-04-16 17:47:18,920 | Cruise | lat=50.437020 lon=30.448753 alt=298.57m yaw=358.70deg | dist=703.6m | forward=703.2 | right=-24.3 | roll=1498 pitch=1520 throttle=1492 | alt=298.57
2026-04-16 17:47:19,271 | Cruise | lat=50.437000 lon=30.448735 alt=298.49m yaw=358.69deg | dist=705.7m | forward=705.4 | right=-23.0 | roll=1498 pitch=1520 throttle=1492 | alt=298.49
2026-04-16 17:47:19,622 | Cruise | lat=50.436990 lon=30.448726 alt=298.54m yaw=358.69deg | dist=706.8m | forward=706.4 | right=-22.3 | roll=1498 pitch=1520 throttle=1492 | alt=298.54
2026-04-16 17:47:19,975 | Cruise | lat=50.436970 lon=30.448708 alt=298.65m yaw=358.68deg | dist=708.9m | forward=708.6 | right=-21.0 | roll=1498 pitch=1520 throttle=1492 | alt=298.65
2026-04-16 17:47:20,326 | Cruise | lat=50.436961 lon=30.448700 alt=298.67m yaw=358.68deg | dist=710.0m | forward=709.7 | right=-20.3 | roll=1498 pitch=1520 throttle=1492 | alt=298.67
2026-04-16 17:47:20,677 | Cruise | lat=50.436951 lon=30.448691 alt=298.68m yaw=358.68deg | dist=711.0m | forward=710.7 | right=-19.7 | roll=1499 pitch=1520 throttle=1492 | alt=298.68
2026-04-16 17:47:21,028 | Cruise | lat=50.436931 lon=30.448674 alt=298.64m yaw=358.67deg | dist=713.1m | forward=712.9 | right=-18.4 | roll=1499 pitch=1520 throttle=1492 | alt=298.64
2026-04-16 17:47:21,380 | Cruise | lat=50.436921 lon=30.448665 alt=298.60m yaw=358.69deg | dist=714.2m | forward=713.9 | right=-17.7 | roll=1499 pitch=1520 throttle=1492 | alt=298.60
2026-04-16 17:47:21,730 | Cruise | lat=50.436902 lon=30.448648 alt=298.58m yaw=358.70deg | dist=716.3m | forward=716.1 | right=-16.4 | roll=1499 pitch=1520 throttle=1492 | alt=298.58
2026-04-16 17:47:22,082 | Cruise | lat=50.436892 lon=30.448639 alt=298.57m yaw=358.70deg | dist=717.3m | forward=717.2 | right=-15.8 | roll=1499 pitch=1520 throttle=1492 | alt=298.57
2026-04-16 17:47:22,433 | Cruise | lat=50.436882 lon=30.448630 alt=298.59m yaw=358.70deg | dist=718.4m | forward=718.2 | right=-15.1 | roll=1499 pitch=1520 throttle=1492 | alt=298.59
2026-04-16 17:47:22,785 | Cruise | lat=50.436863 lon=30.448613 alt=298.69m yaw=358.69deg | dist=720.5m | forward=720.3 | right=-13.8 | roll=1499 pitch=1520 throttle=1492 | alt=298.69
2026-04-16 17:47:23,136 | Cruise | lat=50.436853 lon=30.448604 alt=298.72m yaw=358.69deg | dist=721.5m | forward=721.4 | right=-13.2 | roll=1499 pitch=1520 throttle=1492 | alt=298.72
2026-04-16 17:47:23,487 | Cruise | lat=50.436834 lon=30.448587 alt=298.78m yaw=358.69deg | dist=723.6m | forward=723.5 | right=-11.9 | roll=1499 pitch=1520 throttle=1492 | alt=298.78
2026-04-16 17:47:23,839 | Cruise | lat=50.436824 lon=30.448578 alt=298.83m yaw=358.69deg | dist=724.6m | forward=724.6 | right=-11.2 | roll=1499 pitch=1520 throttle=1492 | alt=298.83
2026-04-16 17:47:24,190 | Cruise | lat=50.436814 lon=30.448570 alt=298.88m yaw=358.69deg | dist=725.7m | forward=725.6 | right=-10.6 | roll=1499 pitch=1520 throttle=1492 | alt=298.88
2026-04-16 17:47:24,541 | Cruise | lat=50.436795 lon=30.448553 alt=299.05m yaw=358.68deg | dist=727.8m | forward=727.7 | right=-9.3 | roll=1500 pitch=1520 throttle=1488 | alt=299.05
2026-04-16 17:47:24,892 | Cruise | lat=50.436785 lon=30.448544 alt=299.15m yaw=358.67deg | dist=728.9m | forward=728.8 | right=-8.7 | roll=1500 pitch=1520 throttle=1488 | alt=299.15
2026-04-16 17:47:25,243 | Cruise | lat=50.436766 lon=30.448527 alt=299.29m yaw=358.67deg | dist=731.0m | forward=730.9 | right=-7.4 | roll=1500 pitch=1520 throttle=1488 | alt=299.29
2026-04-16 17:47:25,595 | Cruise | lat=50.436756 lon=30.448518 alt=299.32m yaw=358.69deg | dist=732.0m | forward=732.0 | right=-6.7 | roll=1500 pitch=1520 throttle=1488 | alt=299.32
2026-04-16 17:47:25,947 | Cruise | lat=50.436737 lon=30.448501 alt=299.44m yaw=358.71deg | dist=734.1m | forward=734.1 | right=-5.4 | roll=1500 pitch=1520 throttle=1488 | alt=299.44
2026-04-16 17:47:26,298 | Cruise | lat=50.436727 lon=30.448493 alt=299.52m yaw=358.71deg | dist=735.2m | forward=735.2 | right=-4.8 | roll=1500 pitch=1520 throttle=1488 | alt=299.52
2026-04-16 17:47:26,649 | Cruise | lat=50.436717 lon=30.448484 alt=299.60m yaw=358.70deg | dist=736.2m | forward=736.2 | right=-4.1 | roll=1500 pitch=1520 throttle=1488 | alt=299.60
2026-04-16 17:47:27,001 | Cruise | lat=50.436698 lon=30.448467 alt=299.82m yaw=358.70deg | dist=738.3m | forward=738.3 | right=-2.8 | roll=1500 pitch=1520 throttle=1488 | alt=299.82
2026-04-16 17:47:27,352 | Cruise | lat=50.436689 lon=30.448458 alt=299.95m yaw=358.69deg | dist=739.4m | forward=739.4 | right=-2.2 | roll=1500 pitch=1520 throttle=1488 | alt=299.95
2026-04-16 17:47:27,703 | Cruise | lat=50.436669 lon=30.448441 alt=300.13m yaw=358.68deg | dist=741.5m | forward=741.5 | right=-0.9 | roll=1500 pitch=1520 throttle=1488 | alt=300.13
2026-04-16 17:47:28,055 | Cruise | lat=50.436659 lon=30.448432 alt=300.20m yaw=358.68deg | dist=742.5m | forward=742.5 | right=-0.3 | roll=1500 pitch=1520 throttle=1488 | alt=300.20
2026-04-16 17:47:28,406 | Cruise | lat=50.436650 lon=30.448424 alt=300.29m yaw=358.67deg | dist=743.6m | forward=743.6 | right=0.4 | roll=1500 pitch=1520 throttle=1488 | alt=300.29
2026-04-16 17:47:28,757 | Cruise | lat=50.436630 lon=30.448406 alt=300.44m yaw=358.68deg | dist=745.7m | forward=745.7 | right=1.7 | roll=1500 pitch=1520 throttle=1488 | alt=300.44
2026-04-16 17:47:29,109 | Cruise | lat=50.436621 lon=30.448397 alt=300.49m yaw=358.69deg | dist=746.8m | forward=746.8 | right=2.3 | roll=1500 pitch=1520 throttle=1488 | alt=300.49
2026-04-16 17:47:29,460 | Cruise | lat=50.436601 lon=30.448380 alt=300.53m yaw=358.69deg | dist=748.9m | forward=748.9 | right=3.6 | roll=1500 pitch=1520 throttle=1488 | alt=300.53
2026-04-16 17:47:29,812 | Cruise | lat=50.436592 lon=30.448371 alt=300.51m yaw=358.68deg | dist=749.9m | forward=749.9 | right=4.3 | roll=1500 pitch=1520 throttle=1488 | alt=300.51
2026-04-16 17:47:30,163 | Cruise | lat=50.436582 lon=30.448363 alt=300.51m yaw=358.68deg | dist=751.0m | forward=751.0 | right=5.0 | roll=1500 pitch=1520 throttle=1488 | alt=300.51
2026-04-16 17:47:30,514 | Cruise | lat=50.436563 lon=30.448345 alt=300.57m yaw=358.67deg | dist=753.1m | forward=753.1 | right=6.3 | roll=1500 pitch=1520 throttle=1488 | alt=300.57
2026-04-16 17:47:30,866 | Cruise | lat=50.436553 lon=30.448336 alt=300.64m yaw=358.67deg | dist=754.2m | forward=754.2 | right=6.9 | roll=1500 pitch=1520 throttle=1488 | alt=300.64
2026-04-16 17:47:31,217 | Cruise | lat=50.436534 lon=30.448319 alt=300.72m yaw=358.69deg | dist=756.3m | forward=756.3 | right=8.2 | roll=1500 pitch=1520 throttle=1488 | alt=300.72
2026-04-16 17:47:31,568 | Cruise | lat=50.436524 lon=30.448310 alt=300.66m yaw=358.70deg | dist=757.4m | forward=757.3 | right=8.9 | roll=1500 pitch=1520 throttle=1488 | alt=300.66
2026-04-16 17:47:31,919 | Cruise | lat=50.436514 lon=30.448301 alt=300.55m yaw=358.70deg | dist=758.4m | forward=758.4 | right=9.5 | roll=1500 pitch=1520 throttle=1488 | alt=300.55
2026-04-16 17:47:32,270 | Cruise | lat=50.436495 lon=30.448284 alt=300.31m yaw=358.69deg | dist=760.6m | forward=760.5 | right=10.9 | roll=1501 pitch=1520 throttle=1488 | alt=300.31
2026-04-16 17:47:32,622 | Cruise | lat=50.436485 lon=30.448275 alt=300.19m yaw=358.69deg | dist=761.7m | forward=761.6 | right=11.5 | roll=1501 pitch=1520 throttle=1488 | alt=300.19
2026-04-16 17:47:32,973 | Cruise | lat=50.436465 lon=30.448258 alt=299.99m yaw=358.68deg | dist=763.8m | forward=763.7 | right=12.8 | roll=1501 pitch=1520 throttle=1488 | alt=299.99
2026-04-16 17:47:33,325 | Cruise | lat=50.436456 lon=30.448249 alt=299.88m yaw=358.69deg | dist=764.9m | forward=764.8 | right=13.5 | roll=1501 pitch=1520 throttle=1488 | alt=299.88
2026-04-16 17:47:33,676 | Cruise | lat=50.436446 lon=30.448240 alt=299.78m yaw=358.70deg | dist=766.0m | forward=765.8 | right=14.1 | roll=1501 pitch=1520 throttle=1488 | alt=299.78
2026-04-16 17:47:34,027 | Cruise | lat=50.436427 lon=30.448223 alt=299.64m yaw=358.70deg | dist=768.1m | forward=768.0 | right=15.4 | roll=1501 pitch=1520 throttle=1488 | alt=299.64
2026-04-16 17:47:34,378 | Cruise | lat=50.436417 lon=30.448214 alt=299.56m yaw=358.70deg | dist=769.2m | forward=769.0 | right=16.1 | roll=1501 pitch=1520 throttle=1488 | alt=299.56
2026-04-16 17:47:34,729 | Cruise | lat=50.436397 lon=30.448197 alt=299.44m yaw=358.69deg | dist=771.4m | forward=771.2 | right=17.4 | roll=1501 pitch=1520 throttle=1488 | alt=299.44
2026-04-16 17:47:35,081 | Cruise | lat=50.436387 lon=30.448188 alt=299.40m yaw=358.69deg | dist=772.5m | forward=772.3 | right=18.1 | roll=1501 pitch=1520 throttle=1488 | alt=299.40
2026-04-16 17:47:35,432 | Cruise | lat=50.436377 lon=30.448179 alt=299.37m yaw=358.69deg | dist=773.6m | forward=773.3 | right=18.7 | roll=1501 pitch=1520 throttle=1488 | alt=299.37
2026-04-16 17:47:35,783 | Cruise | lat=50.436358 lon=30.448161 alt=299.30m yaw=358.69deg | dist=775.7m | forward=775.5 | right=20.1 | roll=1502 pitch=1520 throttle=1488 | alt=299.30
2026-04-16 17:47:36,135 | Cruise | lat=50.436348 lon=30.448153 alt=299.25m yaw=358.70deg | dist=776.8m | forward=776.5 | right=20.7 | roll=1502 pitch=1520 throttle=1488 | alt=299.25
2026-04-16 17:47:36,486 | Cruise | lat=50.436328 lon=30.448135 alt=299.18m yaw=358.70deg | dist=779.0m | forward=778.7 | right=22.0 | roll=1502 pitch=1520 throttle=1488 | alt=299.18
2026-04-16 17:47:36,838 | Cruise | lat=50.436318 lon=30.448126 alt=299.15m yaw=358.70deg | dist=780.1m | forward=779.8 | right=22.7 | roll=1502 pitch=1520 throttle=1488 | alt=299.15
2026-04-16 17:47:37,189 | Cruise | lat=50.436308 lon=30.448117 alt=299.14m yaw=358.70deg | dist=781.2m | forward=780.9 | right=23.4 | roll=1502 pitch=1520 throttle=1488 | alt=299.14
2026-04-16 17:47:37,541 | Cruise | lat=50.436289 lon=30.448100 alt=299.12m yaw=358.69deg | dist=783.4m | forward=783.0 | right=24.7 | roll=1502 pitch=1520 throttle=1488 | alt=299.12
2026-04-16 17:47:37,892 | Cruise | lat=50.436279 lon=30.448091 alt=299.10m yaw=358.69deg | dist=784.5m | forward=784.1 | right=25.3 | roll=1502 pitch=1520 throttle=1488 | alt=299.10
2026-04-16 17:47:38,243 | Cruise | lat=50.436259 lon=30.448073 alt=298.97m yaw=358.69deg | dist=786.7m | forward=786.2 | right=26.7 | roll=1502 pitch=1520 throttle=1492 | alt=298.97
2026-04-16 17:47:38,595 | Cruise | lat=50.436249 lon=30.448065 alt=298.86m yaw=358.68deg | dist=787.8m | forward=787.3 | right=27.3 | roll=1502 pitch=1520 throttle=1492 | alt=298.86
2026-04-16 17:47:38,946 | Cruise | lat=50.436239 lon=30.448056 alt=298.70m yaw=358.68deg | dist=788.9m | forward=788.4 | right=28.0 | roll=1502 pitch=1520 throttle=1492 | alt=298.70
2026-04-16 17:47:39,297 | Cruise | lat=50.436220 lon=30.448038 alt=298.45m yaw=358.71deg | dist=791.1m | forward=790.5 | right=29.3 | roll=1502 pitch=1520 throttle=1492 | alt=298.45
2026-04-16 17:47:39,649 | Cruise | lat=50.436210 lon=30.448029 alt=298.33m yaw=358.72deg | dist=792.2m | forward=791.6 | right=30.0 | roll=1502 pitch=1520 throttle=1492 | alt=298.33
2026-04-16 17:47:40,000 | Cruise | lat=50.436190 lon=30.448012 alt=298.16m yaw=358.72deg | dist=794.4m | forward=793.8 | right=31.3 | roll=1503 pitch=1520 throttle=1492 | alt=298.16
2026-04-16 17:47:40,351 | Cruise | lat=50.436180 lon=30.448003 alt=298.13m yaw=358.72deg | dist=795.5m | forward=794.8 | right=31.9 | roll=1503 pitch=1520 throttle=1492 | alt=298.13
2026-04-16 17:47:40,702 | Cruise | lat=50.436160 lon=30.447986 alt=298.12m yaw=358.72deg | dist=797.7m | forward=797.0 | right=33.3 | roll=1503 pitch=1520 throttle=1492 | alt=298.12
2026-04-16 17:47:41,054 | Cruise | lat=50.436151 lon=30.447977 alt=298.12m yaw=358.71deg | dist=798.8m | forward=798.1 | right=33.9 | roll=1503 pitch=1520 throttle=1492 | alt=298.12
2026-04-16 17:47:41,406 | Cruise | lat=50.436141 lon=30.447968 alt=298.14m yaw=358.71deg | dist=799.9m | forward=799.1 | right=34.6 | roll=1503 pitch=1520 throttle=1492 | alt=298.14
2026-04-16 17:47:41,757 | Cruise | lat=50.436121 lon=30.447951 alt=298.13m yaw=358.71deg | dist=802.1m | forward=801.3 | right=35.9 | roll=1503 pitch=1520 throttle=1492 | alt=298.13
2026-04-16 17:47:42,109 | Cruise | lat=50.436111 lon=30.447942 alt=298.06m yaw=358.70deg | dist=803.2m | forward=802.4 | right=36.5 | roll=1503 pitch=1520 throttle=1492 | alt=298.06
2026-04-16 17:47:42,460 | Cruise | lat=50.436092 lon=30.447924 alt=298.00m yaw=358.70deg | dist=805.4m | forward=804.5 | right=37.8 | roll=1503 pitch=1520 throttle=1492 | alt=298.00
2026-04-16 17:47:42,811 | Cruise | lat=50.436082 lon=30.447916 alt=297.99m yaw=358.69deg | dist=806.5m | forward=805.6 | right=38.5 | roll=1503 pitch=1520 throttle=1492 | alt=297.99
2026-04-16 17:47:43,163 | Cruise | lat=50.436072 lon=30.447907 alt=297.98m yaw=358.69deg | dist=807.6m | forward=806.7 | right=39.2 | roll=1503 pitch=1520 throttle=1492 | alt=297.98
2026-04-16 17:47:43,514 | Cruise | lat=50.436053 lon=30.447889 alt=298.01m yaw=358.68deg | dist=809.8m | forward=808.8 | right=40.5 | roll=1504 pitch=1520 throttle=1492 | alt=298.01
2026-04-16 17:47:43,866 | Cruise | lat=50.436043 lon=30.447881 alt=298.04m yaw=358.68deg | dist=810.9m | forward=809.9 | right=41.1 | roll=1504 pitch=1520 throttle=1492 | alt=298.04
2026-04-16 17:47:44,218 | Cruise | lat=50.436023 lon=30.447863 alt=298.14m yaw=358.70deg | dist=813.1m | forward=812.0 | right=42.4 | roll=1504 pitch=1520 throttle=1492 | alt=298.14
2026-04-16 17:47:44,569 | Cruise | lat=50.436013 lon=30.447854 alt=298.20m yaw=358.71deg | dist=814.2m | forward=813.1 | right=43.1 | roll=1504 pitch=1520 throttle=1492 | alt=298.20
2026-04-16 17:47:44,920 | Cruise | lat=50.436003 lon=30.447846 alt=298.25m yaw=358.71deg | dist=815.3m | forward=814.1 | right=43.7 | roll=1504 pitch=1520 throttle=1492 | alt=298.25
2026-04-16 17:47:45,272 | Cruise | lat=50.435984 lon=30.447828 alt=298.39m yaw=358.71deg | dist=817.5m | forward=816.3 | right=45.1 | roll=1504 pitch=1520 throttle=1492 | alt=298.39
2026-04-16 17:47:45,625 | Cruise | lat=50.435974 lon=30.447819 alt=298.49m yaw=358.70deg | dist=818.6m | forward=817.4 | right=45.7 | roll=1504 pitch=1520 throttle=1492 | alt=298.49
2026-04-16 17:47:45,977 | Cruise | lat=50.435954 lon=30.447802 alt=298.63m yaw=358.70deg | dist=820.9m | forward=819.5 | right=47.0 | roll=1504 pitch=1520 throttle=1492 | alt=298.63
2026-04-16 17:47:46,328 | Cruise | lat=50.435944 lon=30.447793 alt=298.72m yaw=358.69deg | dist=822.0m | forward=820.6 | right=47.7 | roll=1504 pitch=1520 throttle=1492 | alt=298.72
2026-04-16 17:47:46,679 | Cruise | lat=50.435935 lon=30.447785 alt=298.85m yaw=358.69deg | dist=823.1m | forward=821.6 | right=48.3 | roll=1504 pitch=1520 throttle=1492 | alt=298.85
2026-04-16 17:47:47,030 | Cruise | lat=50.435915 lon=30.447767 alt=299.12m yaw=358.69deg | dist=825.3m | forward=823.8 | right=49.6 | roll=1504 pitch=1520 throttle=1488 | alt=299.12
2026-04-16 17:47:47,382 | Cruise | lat=50.435905 lon=30.447759 alt=299.25m yaw=358.68deg | dist=826.4m | forward=824.9 | right=50.3 | roll=1505 pitch=1520 throttle=1488 | alt=299.25
2026-04-16 17:47:47,733 | Cruise | lat=50.435885 lon=30.447742 alt=299.54m yaw=358.68deg | dist=828.6m | forward=827.0 | right=51.5 | roll=1505 pitch=1520 throttle=1488 | alt=299.54
2026-04-16 17:47:48,084 | Cruise | lat=50.435876 lon=30.447733 alt=299.64m yaw=358.69deg | dist=829.7m | forward=828.1 | right=52.2 | roll=1505 pitch=1520 throttle=1488 | alt=299.64
2026-04-16 17:47:48,436 | Cruise | lat=50.435866 lon=30.447725 alt=299.72m yaw=358.71deg | dist=830.9m | forward=829.2 | right=52.8 | roll=1505 pitch=1520 throttle=1488 | alt=299.72
2026-04-16 17:47:48,787 | Cruise | lat=50.435846 lon=30.447707 alt=299.91m yaw=358.71deg | dist=833.1m | forward=831.3 | right=54.1 | roll=1505 pitch=1520 throttle=1488 | alt=299.91
2026-04-16 17:47:49,139 | Cruise | lat=50.435836 lon=30.447699 alt=299.98m yaw=358.71deg | dist=834.2m | forward=832.4 | right=54.8 | roll=1505 pitch=1520 throttle=1488 | alt=299.98
2026-04-16 17:47:49,490 | Cruise | lat=50.435816 lon=30.447682 alt=300.17m yaw=358.70deg | dist=836.5m | forward=834.6 | right=56.1 | roll=1505 pitch=1520 throttle=1488 | alt=300.17
2026-04-16 17:47:49,841 | Cruise | lat=50.435806 lon=30.447673 alt=300.27m yaw=358.70deg | dist=837.6m | forward=835.7 | right=56.7 | roll=1505 pitch=1520 throttle=1488 | alt=300.27
2026-04-16 17:47:50,192 | Cruise | lat=50.435797 lon=30.447665 alt=300.37m yaw=358.69deg | dist=838.7m | forward=836.7 | right=57.3 | roll=1505 pitch=1520 throttle=1488 | alt=300.37
2026-04-16 17:47:50,544 | Cruise | lat=50.435777 lon=30.447648 alt=300.50m yaw=358.68deg | dist=840.9m | forward=838.9 | right=58.6 | roll=1505 pitch=1520 throttle=1488 | alt=300.50
2026-04-16 17:47:50,896 | Cruise | lat=50.435767 lon=30.447639 alt=300.53m yaw=358.68deg | dist=842.1m | forward=840.0 | right=59.2 | roll=1505 pitch=1520 throttle=1488 | alt=300.53
2026-04-16 17:47:51,247 | Cruise | lat=50.435747 lon=30.447622 alt=300.59m yaw=358.68deg | dist=844.3m | forward=842.2 | right=60.5 | roll=1506 pitch=1520 throttle=1488 | alt=300.59
2026-04-16 17:47:51,598 | Cruise | lat=50.435737 lon=30.447614 alt=300.61m yaw=358.70deg | dist=845.4m | forward=843.2 | right=61.2 | roll=1506 pitch=1520 throttle=1488 | alt=300.61
2026-04-16 17:47:51,950 | Cruise | lat=50.435727 lon=30.447605 alt=300.65m yaw=358.70deg | dist=846.6m | forward=844.3 | right=61.8 | roll=1506 pitch=1520 throttle=1488 | alt=300.65
2026-04-16 17:47:52,302 | Cruise | lat=50.435707 lon=30.447588 alt=300.74m yaw=358.70deg | dist=848.8m | forward=846.5 | right=63.1 | roll=1506 pitch=1520 throttle=1488 | alt=300.74
2026-04-16 17:47:52,653 | Cruise | lat=50.435698 lon=30.447580 alt=300.76m yaw=358.70deg | dist=849.9m | forward=847.5 | right=63.7 | roll=1506 pitch=1520 throttle=1488 | alt=300.76
2026-04-16 17:47:53,004 | Cruise | lat=50.435678 lon=30.447563 alt=300.83m yaw=358.70deg | dist=852.2m | forward=849.7 | right=65.0 | roll=1506 pitch=1520 throttle=1488 | alt=300.83
2026-04-16 17:47:53,355 | Cruise | lat=50.435668 lon=30.447554 alt=300.85m yaw=358.70deg | dist=853.3m | forward=850.8 | right=65.6 | roll=1506 pitch=1520 throttle=1488 | alt=300.85
2026-04-16 17:47:53,706 | Cruise | lat=50.435658 lon=30.447546 alt=300.85m yaw=358.69deg | dist=854.4m | forward=851.9 | right=66.3 | roll=1506 pitch=1520 throttle=1488 | alt=300.85
2026-04-16 17:47:54,058 | Cruise | lat=50.435638 lon=30.447529 alt=300.88m yaw=358.69deg | dist=856.7m | forward=854.0 | right=67.5 | roll=1506 pitch=1520 throttle=1488 | alt=300.88
2026-04-16 17:47:54,409 | Cruise | lat=50.435628 lon=30.447521 alt=300.92m yaw=358.69deg | dist=857.8m | forward=855.1 | right=68.2 | roll=1506 pitch=1520 throttle=1488 | alt=300.92
2026-04-16 17:47:54,760 | Cruise | lat=50.435609 lon=30.447504 alt=300.86m yaw=358.68deg | dist=860.0m | forward=857.2 | right=69.5 | roll=1506 pitch=1520 throttle=1488 | alt=300.86
2026-04-16 17:47:55,111 | Cruise | lat=50.435599 lon=30.447495 alt=300.79m yaw=358.68deg | dist=861.2m | forward=858.3 | right=70.1 | roll=1507 pitch=1520 throttle=1488 | alt=300.79
2026-04-16 17:47:55,463 | Cruise | lat=50.435579 lon=30.447478 alt=300.72m yaw=358.68deg | dist=863.4m | forward=860.4 | right=71.4 | roll=1507 pitch=1520 throttle=1488 | alt=300.72
2026-04-16 17:47:55,814 | Cruise | lat=50.435570 lon=30.447470 alt=300.67m yaw=358.68deg | dist=864.5m | forward=861.5 | right=72.0 | roll=1507 pitch=1520 throttle=1488 | alt=300.67
2026-04-16 17:47:56,165 | Cruise | lat=50.435560 lon=30.447461 alt=300.62m yaw=358.70deg | dist=865.6m | forward=862.6 | right=72.7 | roll=1507 pitch=1520 throttle=1488 | alt=300.62
2026-04-16 17:47:56,516 | Cruise | lat=50.435540 lon=30.447444 alt=300.53m yaw=358.71deg | dist=867.9m | forward=864.7 | right=73.9 | roll=1507 pitch=1520 throttle=1488 | alt=300.53
2026-04-16 17:47:56,867 | Cruise | lat=50.435531 lon=30.447435 alt=300.50m yaw=358.70deg | dist=869.0m | forward=865.8 | right=74.6 | roll=1507 pitch=1520 throttle=1488 | alt=300.50
2026-04-16 17:47:57,218 | Cruise | lat=50.435511 lon=30.447418 alt=300.47m yaw=358.70deg | dist=871.2m | forward=867.9 | right=75.9 | roll=1507 pitch=1520 throttle=1488 | alt=300.47
2026-04-16 17:47:57,570 | Cruise | lat=50.435501 lon=30.447409 alt=300.46m yaw=358.70deg | dist=872.3m | forward=869.0 | right=76.5 | roll=1507 pitch=1520 throttle=1488 | alt=300.46
2026-04-16 17:47:57,921 | Cruise | lat=50.435491 lon=30.447401 alt=300.45m yaw=358.69deg | dist=873.5m | forward=870.1 | right=77.2 | roll=1507 pitch=1520 throttle=1488 | alt=300.45
2026-04-16 17:47:58,272 | Cruise | lat=50.435472 lon=30.447383 alt=300.38m yaw=358.69deg | dist=875.7m | forward=872.2 | right=78.5 | roll=1507 pitch=1520 throttle=1488 | alt=300.38
2026-04-16 17:47:58,624 | Cruise | lat=50.435462 lon=30.447375 alt=300.35m yaw=358.68deg | dist=876.8m | forward=873.3 | right=79.1 | roll=1507 pitch=1520 throttle=1488 | alt=300.35
2026-04-16 17:47:58,975 | Cruise | lat=50.435443 lon=30.447357 alt=300.27m yaw=358.68deg | dist=879.1m | forward=875.4 | right=80.4 | roll=1508 pitch=1520 throttle=1488 | alt=300.27
2026-04-16 17:47:59,326 | Cruise | lat=50.435433 lon=30.447349 alt=300.23m yaw=358.69deg | dist=880.2m | forward=876.5 | right=81.1 | roll=1508 pitch=1520 throttle=1488 | alt=300.23
2026-04-16 17:47:59,678 | Cruise | lat=50.435423 lon=30.447340 alt=300.17m yaw=358.70deg | dist=881.3m | forward=877.6 | right=81.7 | roll=1508 pitch=1520 throttle=1488 | alt=300.17
2026-04-16 17:48:00,029 | Cruise | lat=50.435403 lon=30.447323 alt=300.06m yaw=358.71deg | dist=883.6m | forward=879.7 | right=83.0 | roll=1508 pitch=1520 throttle=1488 | alt=300.06
2026-04-16 17:48:00,383 | Cruise | lat=50.435393 lon=30.447314 alt=300.01m yaw=358.70deg | dist=884.7m | forward=880.8 | right=83.7 | roll=1508 pitch=1520 throttle=1488 | alt=300.01
2026-04-16 17:48:00,734 | Cruise | lat=50.435374 lon=30.447297 alt=299.97m yaw=358.70deg | dist=887.0m | forward=882.9 | right=85.0 | roll=1508 pitch=1520 throttle=1488 | alt=299.97
2026-04-16 17:48:01,085 | Cruise | lat=50.435364 lon=30.447288 alt=299.94m yaw=358.70deg | dist=888.1m | forward=884.0 | right=85.6 | roll=1508 pitch=1520 throttle=1488 | alt=299.94
2026-04-16 17:48:01,436 | Cruise | lat=50.435354 lon=30.447280 alt=299.92m yaw=358.69deg | dist=889.2m | forward=885.1 | right=86.3 | roll=1508 pitch=1520 throttle=1488 | alt=299.92
2026-04-16 17:48:01,787 | Cruise | lat=50.435334 lon=30.447262 alt=299.92m yaw=358.69deg | dist=891.5m | forward=887.2 | right=87.6 | roll=1508 pitch=1520 throttle=1488 | alt=299.92
2026-04-16 17:48:02,138 | Cruise | lat=50.435324 lon=30.447254 alt=299.91m yaw=358.69deg | dist=892.7m | forward=888.3 | right=88.2 | roll=1508 pitch=1520 throttle=1488 | alt=299.91
2026-04-16 17:48:02,490 | Cruise | lat=50.435305 lon=30.447237 alt=299.97m yaw=358.69deg | dist=894.9m | forward=890.4 | right=89.5 | roll=1508 pitch=1520 throttle=1488 | alt=299.97
2026-04-16 17:48:02,841 | Cruise | lat=50.435295 lon=30.447228 alt=300.00m yaw=358.69deg | dist=896.0m | forward=891.5 | right=90.2 | roll=1509 pitch=1520 throttle=1488 | alt=300.00
2026-04-16 17:48:03,192 | Cruise | lat=50.435285 lon=30.447219 alt=300.01m yaw=358.69deg | dist=897.2m | forward=892.6 | right=90.8 | roll=1509 pitch=1520 throttle=1488 | alt=300.01
2026-04-16 17:48:03,543 | Cruise | lat=50.435265 lon=30.447202 alt=299.93m yaw=358.68deg | dist=899.5m | forward=894.7 | right=92.1 | roll=1509 pitch=1520 throttle=1488 | alt=299.93
2026-04-16 17:48:03,894 | Cruise | lat=50.435255 lon=30.447194 alt=299.91m yaw=358.68deg | dist=900.6m | forward=895.8 | right=92.8 | roll=1509 pitch=1520 throttle=1488 | alt=299.91
2026-04-16 17:48:04,245 | Cruise | lat=50.435236 lon=30.447176 alt=299.90m yaw=358.70deg | dist=902.9m | forward=898.0 | right=94.0 | roll=1509 pitch=1520 throttle=1488 | alt=299.90
2026-04-16 17:48:04,596 | Cruise | lat=50.435226 lon=30.447168 alt=299.89m yaw=358.71deg | dist=904.0m | forward=899.0 | right=94.7 | roll=1509 pitch=1520 throttle=1488 | alt=299.89
2026-04-16 17:48:04,948 | Cruise | lat=50.435216 lon=30.447159 alt=299.88m yaw=358.72deg | dist=905.2m | forward=900.1 | right=95.3 | roll=1509 pitch=1520 throttle=1488 | alt=299.88
2026-04-16 17:48:05,299 | Cruise | lat=50.435196 lon=30.447142 alt=299.88m yaw=358.72deg | dist=907.4m | forward=902.3 | right=96.6 | roll=1509 pitch=1520 throttle=1488 | alt=299.88
2026-04-16 17:48:05,650 | Cruise | lat=50.435186 lon=30.447133 alt=299.88m yaw=358.72deg | dist=908.6m | forward=903.4 | right=97.3 | roll=1509 pitch=1520 throttle=1488 | alt=299.88
2026-04-16 17:48:06,001 | Cruise | lat=50.435167 lon=30.447116 alt=299.93m yaw=358.72deg | dist=910.9m | forward=905.5 | right=98.6 | roll=1509 pitch=1520 throttle=1488 | alt=299.93
2026-04-16 17:48:06,353 | Cruise | lat=50.435157 lon=30.447107 alt=299.94m yaw=358.72deg | dist=912.0m | forward=906.6 | right=99.2 | roll=1509 pitch=1520 throttle=1488 | alt=299.94
2026-04-16 17:48:06,704 | Cruise | lat=50.435147 lon=30.447098 alt=299.95m yaw=358.72deg | dist=913.1m | forward=907.7 | right=99.9 | roll=1509 pitch=1520 throttle=1488 | alt=299.95
2026-04-16 17:48:07,055 | Cruise | lat=50.435127 lon=30.447081 alt=299.87m yaw=358.71deg | dist=915.4m | forward=909.8 | right=101.2 | roll=1510 pitch=1520 throttle=1488 | alt=299.87
2026-04-16 17:48:07,406 | Cruise | lat=50.435117 lon=30.447072 alt=299.85m yaw=358.71deg | dist=916.6m | forward=910.9 | right=101.8 | roll=1510 pitch=1520 throttle=1488 | alt=299.85
2026-04-16 17:48:07,757 | Cruise | lat=50.435097 lon=30.447055 alt=299.89m yaw=358.71deg | dist=918.9m | forward=913.1 | right=103.2 | roll=1510 pitch=1520 throttle=1488 | alt=299.89
2026-04-16 17:48:08,109 | Cruise | lat=50.435088 lon=30.447046 alt=299.92m yaw=358.71deg | dist=920.0m | forward=914.1 | right=103.8 | roll=1510 pitch=1520 throttle=1488 | alt=299.92
2026-04-16 17:48:08,460 | Cruise | lat=50.435078 lon=30.447037 alt=299.94m yaw=358.71deg | dist=921.2m | forward=915.2 | right=104.5 | roll=1510 pitch=1520 throttle=1488 | alt=299.94
2026-04-16 17:48:08,811 | Cruise | lat=50.435058 lon=30.447020 alt=300.04m yaw=358.71deg | dist=923.4m | forward=917.4 | right=105.8 | roll=1510 pitch=1520 throttle=1488 | alt=300.04
2026-04-16 17:48:09,163 | Cruise | lat=50.435048 lon=30.447011 alt=300.08m yaw=358.71deg | dist=924.6m | forward=918.4 | right=106.4 | roll=1510 pitch=1520 throttle=1488 | alt=300.08
2026-04-16 17:48:09,514 | Cruise | lat=50.435029 lon=30.446994 alt=300.13m yaw=358.71deg | dist=926.8m | forward=920.6 | right=107.7 | roll=1510 pitch=1520 throttle=1488 | alt=300.13
2026-04-16 17:48:09,865 | Cruise | lat=50.435019 lon=30.446986 alt=300.13m yaw=358.71deg | dist=928.0m | forward=921.6 | right=108.4 | roll=1510 pitch=1520 throttle=1488 | alt=300.13
2026-04-16 17:48:10,217 | Cruise | lat=50.434999 lon=30.446968 alt=300.01m yaw=358.71deg | dist=930.3m | forward=923.8 | right=109.7 | roll=1510 pitch=1520 throttle=1488 | alt=300.01
2026-04-16 17:48:10,567 | Cruise | lat=50.434989 lon=30.446960 alt=299.95m yaw=358.71deg | dist=931.4m | forward=924.9 | right=110.3 | roll=1511 pitch=1520 throttle=1488 | alt=299.95
2026-04-16 17:48:10,919 | Cruise | lat=50.434980 lon=30.446951 alt=299.91m yaw=358.71deg | dist=932.5m | forward=925.9 | right=110.9 | roll=1511 pitch=1520 throttle=1488 | alt=299.91
2026-04-16 17:48:11,270 | Cruise | lat=50.434960 lon=30.446934 alt=299.83m yaw=358.71deg | dist=934.8m | forward=928.1 | right=112.2 | roll=1511 pitch=1520 throttle=1488 | alt=299.83
2026-04-16 17:48:11,620 | Cruise | lat=50.434950 lon=30.446925 alt=299.77m yaw=358.70deg | dist=936.0m | forward=929.1 | right=112.9 | roll=1511 pitch=1520 throttle=1488 | alt=299.77
2026-04-16 17:48:11,972 | Cruise | lat=50.434930 lon=30.446908 alt=299.71m yaw=358.70deg | dist=938.3m | forward=931.3 | right=114.2 | roll=1511 pitch=1520 throttle=1488 | alt=299.71
2026-04-16 17:48:12,322 | Cruise | lat=50.434921 lon=30.446899 alt=299.70m yaw=358.70deg | dist=939.4m | forward=932.4 | right=114.9 | roll=1511 pitch=1520 throttle=1488 | alt=299.70
2026-04-16 17:48:12,674 | Cruise | lat=50.434911 lon=30.446890 alt=299.72m yaw=358.70deg | dist=940.6m | forward=933.4 | right=115.5 | roll=1511 pitch=1520 throttle=1488 | alt=299.72
2026-04-16 17:48:13,025 | Cruise | lat=50.434891 lon=30.446873 alt=299.79m yaw=358.69deg | dist=942.8m | forward=935.6 | right=116.8 | roll=1511 pitch=1520 throttle=1488 | alt=299.79
2026-04-16 17:48:13,376 | Cruise | lat=50.434881 lon=30.446864 alt=299.80m yaw=358.69deg | dist=944.0m | forward=936.6 | right=117.5 | roll=1511 pitch=1520 throttle=1488 | alt=299.80
2026-04-16 17:48:13,727 | Cruise | lat=50.434862 lon=30.446847 alt=299.81m yaw=358.69deg | dist=946.3m | forward=938.8 | right=118.8 | roll=1511 pitch=1520 throttle=1488 | alt=299.81
2026-04-16 17:48:14,078 | Cruise | lat=50.434852 lon=30.446838 alt=299.81m yaw=358.69deg | dist=947.4m | forward=939.9 | right=119.4 | roll=1511 pitch=1520 throttle=1488 | alt=299.81
2026-04-16 17:48:14,429 | Cruise | lat=50.434842 lon=30.446829 alt=299.77m yaw=358.68deg | dist=948.6m | forward=940.9 | right=120.1 | roll=1512 pitch=1520 throttle=1488 | alt=299.77
2026-04-16 17:48:14,780 | Cruise | lat=50.434822 lon=30.446812 alt=299.65m yaw=358.68deg | dist=950.9m | forward=943.1 | right=121.4 | roll=1512 pitch=1520 throttle=1488 | alt=299.65
2026-04-16 17:48:15,131 | Cruise | lat=50.434812 lon=30.446803 alt=299.61m yaw=358.69deg | dist=952.0m | forward=944.2 | right=122.0 | roll=1512 pitch=1520 throttle=1488 | alt=299.61
2026-04-16 17:48:15,520 | Cruise | lat=50.434793 lon=30.446786 alt=299.58m yaw=358.72deg | dist=954.3m | forward=946.3 | right=123.4 | roll=1512 pitch=1520 throttle=1488 | alt=299.58
2026-04-16 17:48:15,912 | Cruise | lat=50.434783 lon=30.446777 alt=299.59m yaw=358.72deg | dist=955.5m | forward=947.4 | right=124.0 | roll=1512 pitch=1520 throttle=1488 | alt=299.59
2026-04-16 17:48:16,263 | Cruise | lat=50.434763 lon=30.446759 alt=299.63m yaw=358.72deg | dist=957.8m | forward=949.6 | right=125.3 | roll=1512 pitch=1520 throttle=1488 | alt=299.63
2026-04-16 17:48:16,617 | Cruise | lat=50.434753 lon=30.446751 alt=299.68m yaw=358.72deg | dist=958.9m | forward=950.6 | right=126.0 | roll=1512 pitch=1520 throttle=1488 | alt=299.68
2026-04-16 17:48:16,969 | Cruise | lat=50.434744 lon=30.446742 alt=299.76m yaw=358.72deg | dist=960.1m | forward=951.7 | right=126.7 | roll=1512 pitch=1520 throttle=1488 | alt=299.76
2026-04-16 17:48:17,320 | Cruise | lat=50.434724 lon=30.446725 alt=299.90m yaw=358.72deg | dist=962.4m | forward=953.8 | right=128.0 | roll=1512 pitch=1520 throttle=1488 | alt=299.90
2026-04-16 17:48:17,671 | Cruise | lat=50.434714 lon=30.446716 alt=299.95m yaw=358.72deg | dist=963.5m | forward=954.9 | right=128.6 | roll=1512 pitch=1520 throttle=1488 | alt=299.95
2026-04-16 17:48:18,022 | Cruise | lat=50.434694 lon=30.446699 alt=299.93m yaw=358.72deg | dist=965.8m | forward=957.1 | right=129.9 | roll=1512 pitch=1520 throttle=1488 | alt=299.93
2026-04-16 17:48:18,373 | Cruise | lat=50.434684 lon=30.446690 alt=299.90m yaw=358.72deg | dist=967.0m | forward=958.1 | right=130.6 | roll=1513 pitch=1520 throttle=1488 | alt=299.90
2026-04-16 17:48:18,725 | Cruise | lat=50.434675 lon=30.446681 alt=299.89m yaw=358.71deg | dist=968.2m | forward=959.2 | right=131.2 | roll=1513 pitch=1520 throttle=1488 | alt=299.89
2026-04-16 17:48:19,080 | Cruise | lat=50.434655 lon=30.446664 alt=299.83m yaw=358.71deg | dist=970.5m | forward=961.4 | right=132.5 | roll=1513 pitch=1520 throttle=1488 | alt=299.83
2026-04-16 17:48:19,431 | Cruise | lat=50.434645 lon=30.446655 alt=299.83m yaw=358.71deg | dist=971.6m | forward=962.4 | right=133.2 | roll=1513 pitch=1520 throttle=1488 | alt=299.83
2026-04-16 17:48:19,782 | Cruise | lat=50.434625 lon=30.446638 alt=299.89m yaw=358.70deg | dist=973.9m | forward=964.6 | right=134.4 | roll=1513 pitch=1520 throttle=1488 | alt=299.89
2026-04-16 17:48:20,134 | ABORT: Cruise stalled. Best distance to target: 397.1 m
2026-04-16 17:48:20,134 | RC overrides cleared
2026-04-16 17:48:21,136 | Mode switched to RTL for return-to-home
2026-04-16 17:48:21,136 | Abort handling finished
2026-04-16 17:48:21,137 | Mission aborted safely: Cruise stalled. Best distance to target: 397.1 m
2026-04-16 17:48:21,138 | RC overrides cleared
2026-04-16 17:48:21,139 | Text log: logs\flight_20260416_174017.log
2026-04-16 17:48:21,140 | CSV log: logs\flight_20260416_174017.csv
2026-04-16 17:48:21,142 | Connection closed
