2026-04-16 17:13:08,580 | Connecting to vehicle...
2026-04-16 17:13:09,694 | Connected successfully
2026-04-16 17:13:09,695 | Connection string: tcp:127.0.0.1:5762
2026-04-16 17:13:09,695 | Connected | lat=50.450739 lon=30.461242 alt=-0.01m yaw=1.44deg | initial connection ok
2026-04-16 17:13:09,695 | Checking if vehicle is armable...
2026-04-16 17:13:09,696 | Vehicle is armable
2026-04-16 17:13:09,696 | Start check | expected A=50.450739,30.461242 | current=50.450739,30.461242 | dist=0.0m
2026-04-16 17:13:09,696 | Switching mode to STABILIZE...
2026-04-16 17:13:09,697 | Mode switched to STABILIZE
2026-04-16 17:13:09,697 | Arming vehicle...
2026-04-16 17:13:09,697 | Waiting for arming...
2026-04-16 17:13:10,702 | Vehicle armed successfully
2026-04-16 17:13:10,702 | Armed | lat=50.450739 lon=30.461242 alt=0.00m yaw=1.44deg | vehicle armed
2026-04-16 17:13:10,703 | Fixed yaw captured for the whole flight: 1.44 deg
2026-04-16 17:13:10,703 | Climb to calibration alt to 20.00 m
2026-04-16 17:13:10,704 | Climb to calibration alt | lat=50.450739 lon=30.461242 alt=0.00m yaw=1.44deg | roll=- pitch=- throttle=1520
2026-04-16 17:13:11,054 | Climb to calibration alt | lat=50.450739 lon=30.461242 alt=0.00m yaw=1.44deg | roll=- pitch=- throttle=1520
2026-04-16 17:13:11,406 | Climb to calibration alt | lat=50.450739 lon=30.461242 alt=0.00m yaw=1.44deg | roll=- pitch=- throttle=1520
2026-04-16 17:13:11,758 | Climb to calibration alt | lat=50.450739 lon=30.461242 alt=0.00m yaw=1.44deg | roll=- pitch=- throttle=1520
2026-04-16 17:13:12,112 | Climb to calibration alt | lat=50.450739 lon=30.461242 alt=0.00m yaw=1.44deg | roll=- pitch=- throttle=1520
2026-04-16 17:13:12,463 | Climb to calibration alt | lat=50.450739 lon=30.461242 alt=0.00m yaw=1.44deg | roll=- pitch=- throttle=1520
2026-04-16 17:13:12,814 | Climb to calibration alt | lat=50.450739 lon=30.461242 alt=0.03m yaw=1.44deg | roll=- pitch=- throttle=1520
2026-04-16 17:13:13,165 | Climb to calibration alt | lat=50.450739 lon=30.461242 alt=0.10m yaw=1.44deg | roll=- pitch=- throttle=1520
2026-04-16 17:13:13,516 | Climb to calibration alt | lat=50.450739 lon=30.461242 alt=0.12m yaw=1.44deg | roll=- pitch=- throttle=1520
2026-04-16 17:13:13,867 | Climb to calibration alt | lat=50.450739 lon=30.461242 alt=0.22m yaw=1.44deg | roll=- pitch=- throttle=1520
2026-04-16 17:13:14,218 | Climb to calibration alt | lat=50.450739 lon=30.461242 alt=0.97m yaw=1.43deg | roll=- pitch=- throttle=1520
2026-04-16 17:13:14,569 | Climb to calibration alt | lat=50.450739 lon=30.461242 alt=1.40m yaw=1.43deg | roll=- pitch=- throttle=1520
2026-04-16 17:13:14,920 | Climb to calibration alt | lat=50.450739 lon=30.461242 alt=2.43m yaw=1.43deg | roll=- pitch=- throttle=1520
2026-04-16 17:13:15,271 | Climb to calibration alt | lat=50.450739 lon=30.461241 alt=2.99m yaw=0.38deg | roll=- pitch=- throttle=1520
2026-04-16 17:13:15,623 | Climb to calibration alt | lat=50.450739 lon=30.461241 alt=3.58m yaw=0.39deg | roll=- pitch=- throttle=1520
2026-04-16 17:13:15,974 | Climb to calibration alt | lat=50.450739 lon=30.461241 alt=4.84m yaw=0.38deg | roll=- pitch=- throttle=1520
2026-04-16 17:13:16,325 | Climb to calibration alt | lat=50.450739 lon=30.461241 alt=5.49m yaw=0.38deg | roll=- pitch=- throttle=1520
2026-04-16 17:13:16,676 | Climb to calibration alt | lat=50.450739 lon=30.461241 alt=6.90m yaw=0.38deg | roll=- pitch=- throttle=1520
2026-04-16 17:13:17,027 | Climb to calibration alt | lat=50.450740 lon=30.461240 alt=7.65m yaw=0.38deg | roll=- pitch=- throttle=1520
2026-04-16 17:13:17,378 | Climb to calibration alt reached pre-target zone at 8.42 m
2026-04-16 17:13:18,379 | Calibration altitude stabilize at 20.00 m
2026-04-16 17:13:18,379 | Calibration altitude stabilize | lat=50.450740 lon=30.461240 alt=11.04m yaw=0.38deg | dist=1245.6m | roll=- pitch=- throttle=1504 | alt_err=8.96 vz_down=-2.35 stable=0/4
2026-04-16 17:13:18,731 | Calibration altitude stabilize | lat=50.450741 lon=30.461239 alt=12.24m yaw=0.39deg | dist=1245.6m | roll=- pitch=- throttle=1504 | alt_err=7.76 vz_down=-2.37 stable=0/4
2026-04-16 17:13:19,082 | Calibration altitude stabilize | lat=50.450741 lon=30.461239 alt=12.80m yaw=0.40deg | dist=1245.6m | roll=- pitch=- throttle=1504 | alt_err=7.20 vz_down=-2.22 stable=0/4
2026-04-16 17:13:19,433 | Calibration altitude stabilize | lat=50.450741 lon=30.461238 alt=13.87m yaw=0.41deg | dist=1245.6m | roll=- pitch=- throttle=1498 | alt_err=6.13 vz_down=-2.10 stable=0/4
2026-04-16 17:13:19,784 | Calibration altitude stabilize | lat=50.450741 lon=30.461238 alt=14.38m yaw=0.40deg | dist=1245.6m | roll=- pitch=- throttle=1498 | alt_err=5.62 vz_down=-1.96 stable=0/4
2026-04-16 17:13:20,135 | Calibration altitude stabilize | lat=50.450742 lon=30.461237 alt=14.86m yaw=0.39deg | dist=1245.6m | roll=- pitch=- throttle=1498 | alt_err=5.14 vz_down=-1.94 stable=0/4
2026-04-16 17:13:20,486 | Calibration altitude stabilize | lat=50.450742 lon=30.461237 alt=15.83m yaw=0.41deg | dist=1245.6m | roll=- pitch=- throttle=1498 | alt_err=4.17 vz_down=-1.82 stable=0/4
2026-04-16 17:13:20,837 | Calibration altitude stabilize | lat=50.450742 lon=30.461237 alt=16.27m yaw=0.39deg | dist=1245.6m | roll=- pitch=- throttle=1498 | alt_err=3.73 vz_down=-1.74 stable=0/4
2026-04-16 17:13:21,189 | Calibration altitude stabilize | lat=50.450743 lon=30.461236 alt=17.16m yaw=0.36deg | dist=1245.6m | roll=- pitch=- throttle=1492 | alt_err=2.84 vz_down=-1.71 stable=0/4
2026-04-16 17:13:21,541 | Calibration altitude stabilize | lat=50.450743 lon=30.461236 alt=17.57m yaw=0.36deg | dist=1245.6m | roll=- pitch=- throttle=1492 | alt_err=2.43 vz_down=-1.67 stable=0/4
2026-04-16 17:13:21,893 | Calibration altitude stabilize | lat=50.450743 lon=30.461236 alt=17.95m yaw=0.36deg | dist=1245.6m | roll=- pitch=- throttle=1492 | alt_err=2.05 vz_down=-1.40 stable=0/4
2026-04-16 17:13:22,244 | Calibration altitude stabilize | lat=50.450744 lon=30.461235 alt=18.71m yaw=0.37deg | dist=1245.6m | roll=- pitch=- throttle=1492 | alt_err=1.29 vz_down=-1.70 stable=0/4
2026-04-16 17:13:22,595 | Calibration altitude stabilize | lat=50.450744 lon=30.461235 alt=19.15m yaw=0.38deg | dist=1245.6m | roll=- pitch=- throttle=1476 | alt_err=0.85 vz_down=-1.85 stable=0/4
2026-04-16 17:13:22,946 | Calibration altitude stabilize | lat=50.450744 lon=30.461234 alt=20.00m yaw=0.38deg | dist=1245.6m | roll=- pitch=- throttle=1476 | alt_err=-0.00 vz_down=-1.52 stable=0/4
2026-04-16 17:13:23,297 | Calibration altitude stabilize | lat=50.450744 lon=30.461234 alt=20.36m yaw=0.36deg | dist=1245.6m | roll=- pitch=- throttle=1476 | alt_err=-0.36 vz_down=-1.35 stable=0/4
2026-04-16 17:13:23,649 | Calibration altitude stabilize | lat=50.450745 lon=30.461234 alt=20.70m yaw=0.37deg | dist=1245.6m | roll=- pitch=- throttle=1476 | alt_err=-0.70 vz_down=-1.33 stable=0/4
2026-04-16 17:13:24,000 | Calibration altitude stabilize | lat=50.450745 lon=30.461233 alt=21.34m yaw=0.38deg | dist=1245.6m | roll=- pitch=- throttle=1478 | alt_err=-1.34 vz_down=-1.18 stable=0/4
2026-04-16 17:13:24,350 | Calibration altitude stabilize | lat=50.450745 lon=30.461233 alt=21.58m yaw=0.38deg | dist=1245.6m | roll=- pitch=- throttle=1478 | alt_err=-1.58 vz_down=-0.92 stable=0/4
2026-04-16 17:13:24,701 | Calibration altitude stabilize | lat=50.450746 lon=30.461232 alt=22.01m yaw=0.40deg | dist=1245.6m | roll=- pitch=- throttle=1478 | alt_err=-2.01 vz_down=-0.73 stable=0/4
2026-04-16 17:13:25,052 | Calibration altitude stabilize | lat=50.450746 lon=30.461232 alt=22.20m yaw=0.41deg | dist=1245.6m | roll=- pitch=- throttle=1478 | alt_err=-2.20 vz_down=-0.77 stable=0/4
2026-04-16 17:13:25,403 | Calibration altitude stabilize | lat=50.450746 lon=30.461232 alt=22.38m yaw=0.41deg | dist=1245.6m | roll=- pitch=- throttle=1478 | alt_err=-2.38 vz_down=-0.75 stable=0/4
2026-04-16 17:13:25,754 | Calibration altitude stabilize | lat=50.450747 lon=30.461231 alt=22.68m yaw=0.41deg | dist=1245.6m | roll=- pitch=- throttle=1478 | alt_err=-2.68 vz_down=-0.49 stable=0/4
2026-04-16 17:13:26,105 | Calibration altitude stabilize | lat=50.450747 lon=30.461230 alt=22.81m yaw=0.41deg | dist=1245.6m | roll=- pitch=- throttle=1478 | alt_err=-2.81 vz_down=-0.52 stable=0/4
2026-04-16 17:13:26,455 | Calibration altitude stabilize | lat=50.450747 lon=30.461230 alt=23.08m yaw=0.40deg | dist=1245.6m | roll=- pitch=- throttle=1468 | alt_err=-3.08 vz_down=-0.44 stable=0/4
2026-04-16 17:13:26,806 | Calibration altitude stabilize | lat=50.450748 lon=30.461229 alt=23.19m yaw=0.40deg | dist=1245.6m | roll=- pitch=- throttle=1468 | alt_err=-3.19 vz_down=-0.42 stable=0/4
2026-04-16 17:13:27,157 | Calibration altitude stabilize | lat=50.450748 lon=30.461229 alt=23.28m yaw=0.40deg | dist=1245.6m | roll=- pitch=- throttle=1468 | alt_err=-3.28 vz_down=-0.28 stable=0/4
2026-04-16 17:13:27,508 | Calibration altitude stabilize | lat=50.450748 lon=30.461228 alt=23.38m yaw=0.40deg | dist=1245.6m | roll=- pitch=- throttle=1468 | alt_err=-3.38 vz_down=-0.15 stable=0/4
2026-04-16 17:13:27,858 | Calibration altitude stabilize | lat=50.450749 lon=30.461227 alt=23.43m yaw=0.41deg | dist=1245.6m | roll=- pitch=- throttle=1468 | alt_err=-3.43 vz_down=-0.25 stable=0/4
2026-04-16 17:13:28,210 | Calibration altitude stabilize | lat=50.450749 lon=30.461227 alt=23.46m yaw=0.39deg | dist=1245.6m | roll=- pitch=- throttle=1468 | alt_err=-3.46 vz_down=0.05 stable=0/4
2026-04-16 17:13:28,561 | Calibration altitude stabilize | lat=50.450749 lon=30.461226 alt=23.45m yaw=0.37deg | dist=1245.6m | roll=- pitch=- throttle=1468 | alt_err=-3.45 vz_down=0.00 stable=0/4
2026-04-16 17:13:28,911 | Calibration altitude stabilize | lat=50.450750 lon=30.461226 alt=23.40m yaw=0.35deg | dist=1245.6m | roll=- pitch=- throttle=1468 | alt_err=-3.40 vz_down=0.21 stable=0/4
2026-04-16 17:13:29,263 | Calibration altitude stabilize | lat=50.450750 lon=30.461225 alt=23.35m yaw=0.36deg | dist=1245.5m | roll=- pitch=- throttle=1468 | alt_err=-3.35 vz_down=0.18 stable=0/4
2026-04-16 17:13:29,614 | Calibration altitude stabilize | lat=50.450750 lon=30.461225 alt=23.31m yaw=0.38deg | dist=1245.5m | roll=- pitch=- throttle=1468 | alt_err=-3.31 vz_down=0.17 stable=0/4
2026-04-16 17:13:29,965 | Calibration altitude stabilize | lat=50.450750 lon=30.461224 alt=23.25m yaw=0.42deg | dist=1245.5m | roll=- pitch=- throttle=1468 | alt_err=-3.25 vz_down=0.13 stable=0/4
2026-04-16 17:13:30,315 | Calibration altitude stabilize | lat=50.450750 lon=30.461223 alt=23.21m yaw=0.43deg | dist=1245.5m | roll=- pitch=- throttle=1468 | alt_err=-3.21 vz_down=0.19 stable=0/4
2026-04-16 17:13:30,666 | Calibration altitude stabilize | lat=50.450751 lon=30.461222 alt=23.15m yaw=0.42deg | dist=1245.5m | roll=- pitch=- throttle=1468 | alt_err=-3.15 vz_down=0.08 stable=0/4
2026-04-16 17:13:31,019 | Calibration altitude stabilize | lat=50.450751 lon=30.461222 alt=23.11m yaw=0.42deg | dist=1245.4m | roll=- pitch=- throttle=1468 | alt_err=-3.11 vz_down=0.12 stable=0/4
2026-04-16 17:13:31,369 | Calibration altitude stabilize | lat=50.450751 lon=30.461221 alt=23.07m yaw=0.43deg | dist=1245.4m | roll=- pitch=- throttle=1468 | alt_err=-3.07 vz_down=0.24 stable=0/4
2026-04-16 17:13:31,720 | Calibration altitude stabilize | lat=50.450751 lon=30.461220 alt=23.01m yaw=0.40deg | dist=1245.4m | roll=- pitch=- throttle=1468 | alt_err=-3.01 vz_down=0.03 stable=0/4
2026-04-16 17:13:32,071 | Calibration altitude stabilize | lat=50.450751 lon=30.461219 alt=22.99m yaw=0.39deg | dist=1245.3m | roll=- pitch=- throttle=1478 | alt_err=-2.99 vz_down=0.15 stable=0/4
2026-04-16 17:13:32,422 | Calibration altitude stabilize | lat=50.450751 lon=30.461218 alt=22.93m yaw=0.37deg | dist=1245.3m | roll=- pitch=- throttle=1478 | alt_err=-2.93 vz_down=0.10 stable=0/4
2026-04-16 17:13:32,780 | Calibration altitude stabilize | lat=50.450752 lon=30.461218 alt=22.90m yaw=0.35deg | dist=1245.3m | roll=- pitch=- throttle=1478 | alt_err=-2.90 vz_down=0.13 stable=0/4
2026-04-16 17:13:33,131 | Calibration altitude stabilize | lat=50.450752 lon=30.461217 alt=22.85m yaw=0.32deg | dist=1245.3m | roll=- pitch=- throttle=1478 | alt_err=-2.85 vz_down=0.38 stable=0/4
2026-04-16 17:13:33,482 | Calibration altitude stabilize | lat=50.450752 lon=30.461216 alt=22.64m yaw=0.33deg | dist=1245.2m | roll=- pitch=- throttle=1478 | alt_err=-2.64 vz_down=0.32 stable=0/4
2026-04-16 17:13:33,833 | Calibration altitude stabilize | lat=50.450752 lon=30.461216 alt=22.58m yaw=0.30deg | dist=1245.2m | roll=- pitch=- throttle=1478 | alt_err=-2.58 vz_down=0.20 stable=0/4
2026-04-16 17:13:34,185 | Calibration altitude stabilize | lat=50.450753 lon=30.461215 alt=22.51m yaw=0.27deg | dist=1245.2m | roll=- pitch=- throttle=1478 | alt_err=-2.51 vz_down=0.02 stable=0/4
2026-04-16 17:13:34,536 | Calibration altitude stabilize | lat=50.450753 lon=30.461214 alt=22.51m yaw=0.27deg | dist=1245.2m | roll=- pitch=- throttle=1478 | alt_err=-2.51 vz_down=-0.07 stable=0/4
2026-04-16 17:13:34,888 | Calibration altitude stabilize | lat=50.450753 lon=30.461213 alt=22.55m yaw=0.29deg | dist=1245.2m | roll=- pitch=- throttle=1478 | alt_err=-2.55 vz_down=-0.11 stable=0/4
2026-04-16 17:13:35,239 | Calibration altitude stabilize | lat=50.450753 lon=30.461212 alt=22.61m yaw=0.32deg | dist=1245.1m | roll=- pitch=- throttle=1478 | alt_err=-2.61 vz_down=-0.18 stable=0/4
2026-04-16 17:13:35,590 | Calibration altitude stabilize | lat=50.450754 lon=30.461212 alt=22.67m yaw=0.32deg | dist=1245.1m | roll=- pitch=- throttle=1478 | alt_err=-2.67 vz_down=-0.20 stable=0/4
2026-04-16 17:13:35,941 | Calibration altitude stabilize | lat=50.450754 lon=30.461211 alt=22.80m yaw=0.35deg | dist=1245.1m | roll=- pitch=- throttle=1478 | alt_err=-2.80 vz_down=-0.39 stable=0/4
2026-04-16 17:13:36,292 | Calibration altitude stabilize | lat=50.450754 lon=30.461211 alt=22.91m yaw=0.35deg | dist=1245.1m | roll=- pitch=- throttle=1478 | alt_err=-2.91 vz_down=-0.45 stable=0/4
2026-04-16 17:13:36,643 | Calibration altitude stabilize | lat=50.450754 lon=30.461210 alt=23.02m yaw=0.35deg | dist=1245.1m | roll=- pitch=- throttle=1468 | alt_err=-3.02 vz_down=-0.51 stable=0/4
2026-04-16 17:13:36,993 | Calibration altitude stabilize | lat=50.450755 lon=30.461209 alt=23.33m yaw=0.35deg | dist=1245.1m | roll=- pitch=- throttle=1468 | alt_err=-3.33 vz_down=-0.61 stable=0/4
2026-04-16 17:13:37,344 | Calibration altitude stabilize | lat=50.450755 lon=30.461209 alt=23.47m yaw=0.34deg | dist=1245.1m | roll=- pitch=- throttle=1468 | alt_err=-3.47 vz_down=-0.50 stable=0/4
2026-04-16 17:13:37,695 | Calibration altitude stabilize | lat=50.450755 lon=30.461209 alt=23.69m yaw=0.34deg | dist=1245.1m | roll=- pitch=- throttle=1468 | alt_err=-3.69 vz_down=-0.35 stable=0/4
2026-04-16 17:13:38,047 | Calibration altitude stabilize | lat=50.450755 lon=30.461208 alt=23.76m yaw=0.34deg | dist=1245.0m | roll=- pitch=- throttle=1468 | alt_err=-3.76 vz_down=-0.21 stable=0/4
2026-04-16 17:13:38,398 | Calibration altitude stabilize | lat=50.450755 lon=30.461208 alt=23.79m yaw=0.33deg | dist=1245.0m | roll=- pitch=- throttle=1468 | alt_err=-3.79 vz_down=0.00 stable=0/4
2026-04-16 17:13:38,749 | Calibration altitude stabilize | lat=50.450755 lon=30.461208 alt=23.76m yaw=0.32deg | dist=1245.0m | roll=- pitch=- throttle=1468 | alt_err=-3.76 vz_down=0.13 stable=0/4
2026-04-16 17:13:39,100 | Calibration altitude stabilize | lat=50.450756 lon=30.461207 alt=23.72m yaw=0.35deg | dist=1245.0m | roll=- pitch=- throttle=1468 | alt_err=-3.72 vz_down=0.19 stable=0/4
2026-04-16 17:13:39,451 | Calibration altitude stabilize | lat=50.450756 lon=30.461207 alt=23.64m yaw=0.41deg | dist=1245.0m | roll=- pitch=- throttle=1468 | alt_err=-3.64 vz_down=0.24 stable=0/4
2026-04-16 17:13:39,802 | Calibration altitude stabilize | lat=50.450756 lon=30.461207 alt=23.59m yaw=0.44deg | dist=1245.0m | roll=- pitch=- throttle=1468 | alt_err=-3.59 vz_down=0.16 stable=0/4
2026-04-16 17:13:40,153 | Calibration altitude stabilize | lat=50.450756 lon=30.461206 alt=23.56m yaw=0.46deg | dist=1245.0m | roll=- pitch=- throttle=1468 | alt_err=-3.56 vz_down=0.02 stable=0/4
2026-04-16 17:13:40,504 | Calibration altitude stabilize | lat=50.450757 lon=30.461206 alt=23.49m yaw=0.45deg | dist=1245.0m | roll=- pitch=- throttle=1468 | alt_err=-3.49 vz_down=0.20 stable=0/4
2026-04-16 17:13:40,855 | Calibration altitude stabilize | lat=50.450757 lon=30.461206 alt=23.45m yaw=0.45deg | dist=1245.0m | roll=- pitch=- throttle=1468 | alt_err=-3.45 vz_down=0.11 stable=0/4
2026-04-16 17:13:41,206 | Calibration altitude stabilize | lat=50.450757 lon=30.461205 alt=23.43m yaw=0.49deg | dist=1245.0m | roll=- pitch=- throttle=1468 | alt_err=-3.43 vz_down=0.03 stable=0/4
2026-04-16 17:13:41,557 | Calibration altitude stabilize | lat=50.450757 lon=30.461205 alt=23.43m yaw=0.48deg | dist=1245.0m | roll=- pitch=- throttle=1468 | alt_err=-3.43 vz_down=-0.06 stable=0/4
2026-04-16 17:13:41,907 | Calibration altitude stabilize | lat=50.450757 lon=30.461205 alt=23.44m yaw=0.48deg | dist=1245.0m | roll=- pitch=- throttle=1468 | alt_err=-3.44 vz_down=-0.04 stable=0/4
2026-04-16 17:13:42,258 | Calibration altitude stabilize | lat=50.450758 lon=30.461204 alt=23.46m yaw=0.46deg | dist=1245.0m | roll=- pitch=- throttle=1468 | alt_err=-3.46 vz_down=-0.14 stable=0/4
2026-04-16 17:13:42,621 | Calibration altitude stabilize | lat=50.450758 lon=30.461204 alt=23.49m yaw=0.45deg | dist=1245.0m | roll=- pitch=- throttle=1468 | alt_err=-3.49 vz_down=-0.14 stable=0/4
2026-04-16 17:13:43,022 | Calibration altitude stabilize | lat=50.450758 lon=30.461203 alt=23.53m yaw=0.41deg | dist=1245.0m | roll=- pitch=- throttle=1468 | alt_err=-3.53 vz_down=-0.11 stable=0/4
2026-04-16 17:13:43,373 | Calibration altitude stabilize | lat=50.450758 lon=30.461203 alt=23.55m yaw=0.41deg | dist=1245.0m | roll=- pitch=- throttle=1468 | alt_err=-3.55 vz_down=-0.10 stable=0/4
2026-04-16 17:13:43,724 | Calibration altitude stabilize | lat=50.450758 lon=30.461202 alt=23.68m yaw=0.44deg | dist=1245.0m | roll=- pitch=- throttle=1468 | alt_err=-3.68 vz_down=-0.34 stable=0/4
2026-04-16 17:13:44,075 | Calibration altitude stabilize | lat=50.450758 lon=30.461202 alt=23.77m yaw=0.41deg | dist=1245.0m | roll=- pitch=- throttle=1468 | alt_err=-3.77 vz_down=-0.32 stable=0/4
2026-04-16 17:13:44,425 | Calibration altitude stabilize | lat=50.450758 lon=30.461201 alt=23.93m yaw=0.37deg | dist=1244.9m | roll=- pitch=- throttle=1468 | alt_err=-3.93 vz_down=-0.29 stable=0/4
2026-04-16 17:13:44,776 | Calibration altitude stabilize | lat=50.450758 lon=30.461201 alt=24.00m yaw=0.37deg | dist=1244.9m | roll=- pitch=- throttle=1468 | alt_err=-4.00 vz_down=-0.29 stable=0/4
2026-04-16 17:13:45,127 | Calibration altitude stabilize | lat=50.450759 lon=30.461201 alt=24.10m yaw=0.36deg | dist=1244.9m | roll=- pitch=- throttle=1468 | alt_err=-4.10 vz_down=-0.41 stable=0/4
2026-04-16 17:13:45,478 | Calibration altitude stabilize | lat=50.450759 lon=30.461200 alt=24.26m yaw=0.33deg | dist=1244.9m | roll=- pitch=- throttle=1468 | alt_err=-4.26 vz_down=-0.30 stable=0/4
2026-04-16 17:13:45,829 | Calibration altitude stabilize | lat=50.450759 lon=30.461199 alt=24.34m yaw=0.31deg | dist=1244.8m | roll=- pitch=- throttle=1468 | alt_err=-4.34 vz_down=-0.30 stable=0/4
2026-04-16 17:13:46,180 | Calibration altitude stabilize | lat=50.450759 lon=30.461199 alt=24.42m yaw=0.29deg | dist=1244.8m | roll=- pitch=- throttle=1468 | alt_err=-4.42 vz_down=-0.10 stable=0/4
2026-04-16 17:13:46,532 | Calibration altitude stabilize | lat=50.450759 lon=30.461198 alt=24.47m yaw=0.31deg | dist=1244.8m | roll=- pitch=- throttle=1468 | alt_err=-4.47 vz_down=-0.18 stable=0/4
2026-04-16 17:13:46,882 | Calibration altitude stabilize | lat=50.450759 lon=30.461198 alt=24.50m yaw=0.32deg | dist=1244.8m | roll=- pitch=- throttle=1468 | alt_err=-4.50 vz_down=-0.13 stable=0/4
2026-04-16 17:13:47,233 | Calibration altitude stabilize | lat=50.450759 lon=30.461197 alt=24.57m yaw=0.31deg | dist=1244.7m | roll=- pitch=- throttle=1468 | alt_err=-4.57 vz_down=-0.04 stable=0/4
2026-04-16 17:13:47,584 | Calibration altitude stabilize | lat=50.450759 lon=30.461196 alt=24.56m yaw=0.31deg | dist=1244.7m | roll=- pitch=- throttle=1468 | alt_err=-4.56 vz_down=0.01 stable=0/4
2026-04-16 17:13:47,935 | Calibration altitude stabilize | lat=50.450759 lon=30.461196 alt=24.52m yaw=0.32deg | dist=1244.7m | roll=- pitch=- throttle=1468 | alt_err=-4.52 vz_down=0.08 stable=0/4
2026-04-16 17:13:48,286 | Calibration altitude stabilize | lat=50.450759 lon=30.461195 alt=24.51m yaw=0.32deg | dist=1244.7m | roll=- pitch=- throttle=1468 | alt_err=-4.51 vz_down=0.02 stable=0/4
2026-04-16 17:13:48,637 | Calibration altitude stabilize | lat=50.450759 lon=30.461195 alt=24.49m yaw=0.32deg | dist=1244.7m | roll=- pitch=- throttle=1468 | alt_err=-4.49 vz_down=0.08 stable=0/4
2026-04-16 17:13:48,988 | Calibration altitude stabilize | lat=50.450760 lon=30.461195 alt=24.40m yaw=0.34deg | dist=1244.7m | roll=- pitch=- throttle=1468 | alt_err=-4.40 vz_down=0.17 stable=0/4
2026-04-16 17:13:49,339 | Calibration altitude stabilize | lat=50.450760 lon=30.461194 alt=24.35m yaw=0.32deg | dist=1244.6m | roll=- pitch=- throttle=1468 | alt_err=-4.35 vz_down=0.22 stable=0/4
2026-04-16 17:13:49,690 | Calibration altitude stabilize | lat=50.450760 lon=30.461194 alt=24.19m yaw=0.31deg | dist=1244.6m | roll=- pitch=- throttle=1468 | alt_err=-4.19 vz_down=0.42 stable=0/4
2026-04-16 17:13:50,041 | Calibration altitude stabilize | lat=50.450760 lon=30.461193 alt=24.08m yaw=0.33deg | dist=1244.6m | roll=- pitch=- throttle=1468 | alt_err=-4.08 vz_down=0.45 stable=0/4
2026-04-16 17:13:50,392 | Calibration altitude stabilize | lat=50.450760 lon=30.461193 alt=23.98m yaw=0.34deg | dist=1244.6m | roll=- pitch=- throttle=1468 | alt_err=-3.98 vz_down=0.31 stable=0/4
2026-04-16 17:13:50,743 | Calibration altitude stabilize | lat=50.450760 lon=30.461192 alt=23.84m yaw=0.33deg | dist=1244.6m | roll=- pitch=- throttle=1468 | alt_err=-3.84 vz_down=0.12 stable=0/4
2026-04-16 17:13:51,093 | Calibration altitude stabilize | lat=50.450760 lon=30.461192 alt=23.81m yaw=0.33deg | dist=1244.6m | roll=- pitch=- throttle=1468 | alt_err=-3.81 vz_down=0.15 stable=0/4
2026-04-16 17:13:51,444 | Calibration altitude stabilize | lat=50.450761 lon=30.461191 alt=23.69m yaw=0.35deg | dist=1244.5m | roll=- pitch=- throttle=1468 | alt_err=-3.69 vz_down=0.29 stable=0/4
2026-04-16 17:13:51,795 | Calibration altitude stabilize | lat=50.450761 lon=30.461191 alt=23.60m yaw=0.37deg | dist=1244.5m | roll=- pitch=- throttle=1468 | alt_err=-3.60 vz_down=0.36 stable=0/4
2026-04-16 17:13:52,146 | Calibration altitude stabilize | lat=50.450761 lon=30.461190 alt=23.51m yaw=0.37deg | dist=1244.5m | roll=- pitch=- throttle=1468 | alt_err=-3.51 vz_down=0.40 stable=0/4
2026-04-16 17:13:52,497 | Calibration altitude stabilize | lat=50.450761 lon=30.461189 alt=23.36m yaw=0.38deg | dist=1244.5m | roll=- pitch=- throttle=1468 | alt_err=-3.36 vz_down=0.17 stable=0/4
2026-04-16 17:13:52,848 | Calibration altitude stabilize | lat=50.450761 lon=30.461189 alt=23.33m yaw=0.37deg | dist=1244.5m | roll=- pitch=- throttle=1468 | alt_err=-3.33 vz_down=0.05 stable=0/4
2026-04-16 17:13:53,199 | Calibration altitude stabilize | lat=50.450761 lon=30.461189 alt=23.28m yaw=0.35deg | dist=1244.5m | roll=- pitch=- throttle=1468 | alt_err=-3.28 vz_down=0.03 stable=0/4
2026-04-16 17:13:53,551 | Calibration altitude stabilize | lat=50.450761 lon=30.461188 alt=23.28m yaw=0.35deg | dist=1244.5m | roll=- pitch=- throttle=1468 | alt_err=-3.28 vz_down=-0.02 stable=0/4
2026-04-16 17:13:53,902 | Calibration altitude stabilize | lat=50.450762 lon=30.461188 alt=23.31m yaw=0.34deg | dist=1244.5m | roll=- pitch=- throttle=1468 | alt_err=-3.31 vz_down=-0.08 stable=0/4
2026-04-16 17:13:54,253 | Calibration altitude stabilize | lat=50.450762 lon=30.461187 alt=23.32m yaw=0.36deg | dist=1244.4m | roll=- pitch=- throttle=1468 | alt_err=-3.32 vz_down=0.23 stable=0/4
2026-04-16 17:13:54,603 | Calibration altitude stabilize | lat=50.450762 lon=30.461187 alt=23.25m yaw=0.36deg | dist=1244.4m | roll=- pitch=- throttle=1468 | alt_err=-3.25 vz_down=0.20 stable=0/4
2026-04-16 17:13:54,954 | Calibration altitude stabilize | lat=50.450762 lon=30.461187 alt=23.15m yaw=0.38deg | dist=1244.4m | roll=- pitch=- throttle=1468 | alt_err=-3.15 vz_down=0.24 stable=0/4
2026-04-16 17:13:55,305 | Calibration altitude stabilize | lat=50.450763 lon=30.461186 alt=23.09m yaw=0.39deg | dist=1244.4m | roll=- pitch=- throttle=1468 | alt_err=-3.09 vz_down=0.23 stable=0/4
2026-04-16 17:13:55,656 | Calibration altitude stabilize | lat=50.450763 lon=30.461186 alt=23.01m yaw=0.40deg | dist=1244.4m | roll=- pitch=- throttle=1468 | alt_err=-3.01 vz_down=0.42 stable=0/4
2026-04-16 17:13:56,007 | Calibration altitude stabilize | lat=50.450763 lon=30.461185 alt=22.80m yaw=0.44deg | dist=1244.4m | roll=- pitch=- throttle=1478 | alt_err=-2.80 vz_down=0.38 stable=0/4
2026-04-16 17:13:56,359 | Calibration altitude stabilize | lat=50.450763 lon=30.461185 alt=22.70m yaw=0.43deg | dist=1244.4m | roll=- pitch=- throttle=1478 | alt_err=-2.70 vz_down=0.44 stable=0/4
2026-04-16 17:13:56,709 | Calibration altitude stabilize | lat=50.450764 lon=30.461184 alt=22.50m yaw=0.41deg | dist=1244.4m | roll=- pitch=- throttle=1478 | alt_err=-2.50 vz_down=0.22 stable=0/4
2026-04-16 17:13:57,060 | Calibration altitude stabilize | lat=50.450764 lon=30.461184 alt=22.45m yaw=0.41deg | dist=1244.4m | roll=- pitch=- throttle=1478 | alt_err=-2.45 vz_down=0.12 stable=0/4
2026-04-16 17:13:57,411 | Calibration altitude stabilize | lat=50.450764 lon=30.461183 alt=22.42m yaw=0.41deg | dist=1244.4m | roll=- pitch=- throttle=1478 | alt_err=-2.42 vz_down=0.10 stable=0/4
2026-04-16 17:13:57,762 | Calibration altitude stabilize | lat=50.450764 lon=30.461183 alt=22.41m yaw=0.41deg | dist=1244.4m | roll=- pitch=- throttle=1478 | alt_err=-2.41 vz_down=-0.01 stable=0/4
2026-04-16 17:13:58,113 | Calibration altitude stabilize | lat=50.450764 lon=30.461183 alt=22.42m yaw=0.40deg | dist=1244.4m | roll=- pitch=- throttle=1478 | alt_err=-2.42 vz_down=-0.06 stable=0/4
2026-04-16 17:13:58,464 | Calibration altitude stabilize | lat=50.450765 lon=30.461182 alt=22.45m yaw=0.38deg | dist=1244.4m | roll=- pitch=- throttle=1478 | alt_err=-2.45 vz_down=-0.03 stable=0/4
2026-04-16 17:13:58,815 | Calibration altitude stabilize | lat=50.450765 lon=30.461182 alt=22.49m yaw=0.39deg | dist=1244.4m | roll=- pitch=- throttle=1478 | alt_err=-2.49 vz_down=-0.13 stable=0/4
2026-04-16 17:13:59,166 | Calibration altitude stabilize | lat=50.450765 lon=30.461181 alt=22.64m yaw=0.41deg | dist=1244.4m | roll=- pitch=- throttle=1478 | alt_err=-2.64 vz_down=-0.29 stable=0/4
2026-04-16 17:13:59,517 | Calibration altitude stabilize | lat=50.450765 lon=30.461181 alt=22.72m yaw=0.40deg | dist=1244.4m | roll=- pitch=- throttle=1478 | alt_err=-2.72 vz_down=-0.33 stable=0/4
2026-04-16 17:13:59,868 | Calibration altitude stabilize | lat=50.450766 lon=30.461181 alt=22.82m yaw=0.38deg | dist=1244.4m | roll=- pitch=- throttle=1478 | alt_err=-2.82 vz_down=-0.41 stable=0/4
2026-04-16 17:14:00,219 | Calibration altitude stabilize | lat=50.450766 lon=30.461180 alt=23.03m yaw=0.38deg | dist=1244.4m | roll=- pitch=- throttle=1468 | alt_err=-3.03 vz_down=-0.47 stable=0/4
2026-04-16 17:14:00,570 | Calibration altitude stabilize | lat=50.450766 lon=30.461180 alt=23.15m yaw=0.39deg | dist=1244.4m | roll=- pitch=- throttle=1468 | alt_err=-3.15 vz_down=-0.50 stable=0/4
2026-04-16 17:14:00,921 | Calibration altitude stabilize | lat=50.450766 lon=30.461180 alt=23.28m yaw=0.40deg | dist=1244.4m | roll=- pitch=- throttle=1468 | alt_err=-3.28 vz_down=-0.52 stable=0/4
2026-04-16 17:14:01,272 | Calibration altitude stabilize | lat=50.450767 lon=30.461179 alt=23.58m yaw=0.41deg | dist=1244.4m | roll=- pitch=- throttle=1468 | alt_err=-3.58 vz_down=-0.67 stable=0/4
2026-04-16 17:14:01,623 | Calibration altitude stabilize | lat=50.450767 lon=30.461179 alt=23.74m yaw=0.41deg | dist=1244.3m | roll=- pitch=- throttle=1468 | alt_err=-3.74 vz_down=-0.58 stable=0/4
2026-04-16 17:14:01,974 | Calibration altitude stabilize | lat=50.450767 lon=30.461178 alt=24.06m yaw=0.41deg | dist=1244.3m | roll=- pitch=- throttle=1468 | alt_err=-4.06 vz_down=-0.72 stable=0/4
2026-04-16 17:14:02,325 | Calibration altitude stabilize | lat=50.450767 lon=30.461178 alt=24.24m yaw=0.40deg | dist=1244.3m | roll=- pitch=- throttle=1468 | alt_err=-4.24 vz_down=-0.71 stable=0/4
2026-04-16 17:14:02,676 | Calibration altitude stabilize | lat=50.450767 lon=30.461178 alt=24.62m yaw=0.39deg | dist=1244.3m | roll=- pitch=- throttle=1468 | alt_err=-4.62 vz_down=-0.80 stable=0/4
2026-04-16 17:14:03,027 | Calibration altitude stabilize | lat=50.450768 lon=30.461178 alt=24.82m yaw=0.38deg | dist=1244.4m | roll=- pitch=- throttle=1468 | alt_err=-4.82 vz_down=-0.85 stable=0/4
2026-04-16 17:14:03,378 | Calibration altitude stabilize | lat=50.450768 lon=30.461177 alt=25.05m yaw=0.38deg | dist=1244.4m | roll=- pitch=- throttle=1468 | alt_err=-5.05 vz_down=-0.91 stable=0/4
2026-04-16 17:14:03,729 | Calibration altitude stabilize | lat=50.450768 lon=30.461177 alt=25.47m yaw=0.38deg | dist=1244.4m | roll=- pitch=- throttle=1468 | alt_err=-5.47 vz_down=-0.84 stable=0/4
2026-04-16 17:14:04,080 | Calibration altitude stabilize | lat=50.450768 lon=30.461177 alt=25.68m yaw=0.38deg | dist=1244.3m | roll=- pitch=- throttle=1468 | alt_err=-5.68 vz_down=-0.74 stable=0/4
2026-04-16 17:14:04,431 | Calibration altitude stabilize | lat=50.450769 lon=30.461176 alt=25.97m yaw=0.40deg | dist=1244.3m | roll=- pitch=- throttle=1468 | alt_err=-5.97 vz_down=-0.50 stable=0/4
2026-04-16 17:14:04,782 | Calibration altitude stabilize | lat=50.450769 lon=30.461176 alt=26.08m yaw=0.41deg | dist=1244.3m | roll=- pitch=- throttle=1468 | alt_err=-6.08 vz_down=-0.55 stable=0/4
2026-04-16 17:14:05,134 | Calibration altitude stabilize | lat=50.450769 lon=30.461175 alt=26.23m yaw=0.42deg | dist=1244.3m | roll=- pitch=- throttle=1468 | alt_err=-6.23 vz_down=-0.52 stable=0/4
2026-04-16 17:14:05,485 | Calibration altitude stabilize | lat=50.450769 lon=30.461175 alt=26.49m yaw=0.42deg | dist=1244.3m | roll=- pitch=- throttle=1468 | alt_err=-6.49 vz_down=-0.46 stable=0/4
2026-04-16 17:14:05,836 | Calibration altitude stabilize | lat=50.450769 lon=30.461175 alt=26.59m yaw=0.41deg | dist=1244.3m | roll=- pitch=- throttle=1468 | alt_err=-6.59 vz_down=-0.39 stable=0/4
2026-04-16 17:14:06,187 | Calibration altitude stabilize | lat=50.450769 lon=30.461174 alt=26.74m yaw=0.41deg | dist=1244.3m | roll=- pitch=- throttle=1468 | alt_err=-6.74 vz_down=-0.20 stable=0/4
2026-04-16 17:14:06,538 | Calibration altitude stabilize | lat=50.450769 lon=30.461174 alt=26.79m yaw=0.41deg | dist=1244.3m | roll=- pitch=- throttle=1468 | alt_err=-6.79 vz_down=-0.12 stable=0/4
2026-04-16 17:14:06,889 | Calibration altitude stabilize | lat=50.450769 lon=30.461174 alt=26.81m yaw=0.41deg | dist=1244.3m | roll=- pitch=- throttle=1468 | alt_err=-6.81 vz_down=-0.04 stable=0/4
2026-04-16 17:14:07,239 | Calibration altitude stabilize | lat=50.450769 lon=30.461174 alt=26.82m yaw=0.41deg | dist=1244.3m | roll=- pitch=- throttle=1468 | alt_err=-6.82 vz_down=0.15 stable=0/4
2026-04-16 17:14:07,591 | Calibration altitude stabilize | lat=50.450770 lon=30.461173 alt=26.77m yaw=0.41deg | dist=1244.3m | roll=- pitch=- throttle=1468 | alt_err=-6.77 vz_down=0.23 stable=0/4
2026-04-16 17:14:07,942 | Calibration altitude stabilize | lat=50.450770 lon=30.461173 alt=26.70m yaw=0.35deg | dist=1244.3m | roll=- pitch=- throttle=1468 | alt_err=-6.70 vz_down=0.11 stable=0/4
2026-04-16 17:14:08,294 | Calibration altitude stabilize | lat=50.450770 lon=30.461173 alt=26.67m yaw=0.33deg | dist=1244.3m | roll=- pitch=- throttle=1468 | alt_err=-6.67 vz_down=0.11 stable=0/4
2026-04-16 17:14:08,644 | Calibration altitude stabilize | lat=50.450770 lon=30.461172 alt=26.64m yaw=0.31deg | dist=1244.3m | roll=- pitch=- throttle=1468 | alt_err=-6.64 vz_down=0.05 stable=0/4
2026-04-16 17:14:08,995 | Calibration altitude stabilize | lat=50.450770 lon=30.461172 alt=26.63m yaw=0.37deg | dist=1244.3m | roll=- pitch=- throttle=1468 | alt_err=-6.63 vz_down=0.04 stable=0/4
2026-04-16 17:14:09,346 | Calibration altitude stabilize | lat=50.450770 lon=30.461172 alt=26.62m yaw=0.40deg | dist=1244.2m | roll=- pitch=- throttle=1468 | alt_err=-6.62 vz_down=-0.04 stable=0/4
2026-04-16 17:14:09,697 | Calibration altitude stabilize | lat=50.450771 lon=30.461171 alt=26.61m yaw=0.41deg | dist=1244.2m | roll=- pitch=- throttle=1468 | alt_err=-6.61 vz_down=-0.07 stable=0/4
2026-04-16 17:14:10,048 | Calibration altitude stabilize | lat=50.450771 lon=30.461171 alt=26.63m yaw=0.41deg | dist=1244.2m | roll=- pitch=- throttle=1468 | alt_err=-6.63 vz_down=-0.18 stable=0/4
2026-04-16 17:14:10,399 | Calibration altitude stabilize | lat=50.450771 lon=30.461171 alt=26.68m yaw=0.41deg | dist=1244.2m | roll=- pitch=- throttle=1468 | alt_err=-6.68 vz_down=-0.24 stable=0/4
2026-04-16 17:14:10,750 | Calibration altitude stabilize | lat=50.450771 lon=30.461170 alt=26.79m yaw=0.42deg | dist=1244.2m | roll=- pitch=- throttle=1468 | alt_err=-6.79 vz_down=-0.17 stable=0/4
2026-04-16 17:14:11,101 | Calibration altitude stabilize | lat=50.450771 lon=30.461170 alt=26.82m yaw=0.41deg | dist=1244.2m | roll=- pitch=- throttle=1468 | alt_err=-6.82 vz_down=-0.10 stable=0/4
2026-04-16 17:14:11,452 | Calibration altitude stabilize | lat=50.450772 lon=30.461169 alt=26.85m yaw=0.41deg | dist=1244.2m | roll=- pitch=- throttle=1468 | alt_err=-6.85 vz_down=-0.05 stable=0/4
2026-04-16 17:14:11,802 | Calibration altitude stabilize | lat=50.450772 lon=30.461169 alt=26.86m yaw=0.41deg | dist=1244.2m | roll=- pitch=- throttle=1468 | alt_err=-6.86 vz_down=-0.03 stable=0/4
2026-04-16 17:14:12,153 | Calibration altitude stabilize | lat=50.450772 lon=30.461169 alt=26.85m yaw=0.41deg | dist=1244.2m | roll=- pitch=- throttle=1468 | alt_err=-6.85 vz_down=0.02 stable=0/4
2026-04-16 17:14:12,504 | Calibration altitude stabilize | lat=50.450772 lon=30.461168 alt=26.85m yaw=0.36deg | dist=1244.2m | roll=- pitch=- throttle=1468 | alt_err=-6.85 vz_down=0.02 stable=0/4
2026-04-16 17:14:12,856 | Calibration altitude stabilize | lat=50.450772 lon=30.461168 alt=26.84m yaw=0.33deg | dist=1244.2m | roll=- pitch=- throttle=1468 | alt_err=-6.84 vz_down=0.03 stable=0/4
2026-04-16 17:14:13,206 | Calibration altitude stabilize | lat=50.450772 lon=30.461168 alt=26.71m yaw=0.31deg | dist=1244.2m | roll=- pitch=- throttle=1468 | alt_err=-6.71 vz_down=0.45 stable=0/4
2026-04-16 17:14:13,557 | Calibration altitude stabilize | lat=50.450772 lon=30.461168 alt=26.59m yaw=0.32deg | dist=1244.2m | roll=- pitch=- throttle=1468 | alt_err=-6.59 vz_down=0.51 stable=0/4
2026-04-16 17:14:13,908 | Calibration altitude stabilize | lat=50.450773 lon=30.461167 alt=26.46m yaw=0.33deg | dist=1244.2m | roll=- pitch=- throttle=1468 | alt_err=-6.46 vz_down=0.49 stable=0/4
2026-04-16 17:14:14,259 | Calibration altitude stabilize | lat=50.450773 lon=30.461167 alt=26.21m yaw=0.33deg | dist=1244.2m | roll=- pitch=- throttle=1468 | alt_err=-6.21 vz_down=0.59 stable=0/4
2026-04-16 17:14:14,611 | Calibration altitude stabilize | lat=50.450773 lon=30.461167 alt=26.06m yaw=0.33deg | dist=1244.2m | roll=- pitch=- throttle=1468 | alt_err=-6.06 vz_down=0.55 stable=0/4
2026-04-16 17:14:14,962 | Calibration altitude stabilize | lat=50.450773 lon=30.461166 alt=25.68m yaw=0.33deg | dist=1244.2m | roll=- pitch=- throttle=1468 | alt_err=-5.68 vz_down=0.84 stable=0/4
2026-04-16 17:14:15,313 | Calibration altitude stabilize | lat=50.450773 lon=30.461166 alt=25.49m yaw=0.35deg | dist=1244.2m | roll=- pitch=- throttle=1468 | alt_err=-5.49 vz_down=0.71 stable=0/4
2026-04-16 17:14:15,664 | Calibration altitude stabilize | lat=50.450773 lon=30.461166 alt=25.30m yaw=0.36deg | dist=1244.1m | roll=- pitch=- throttle=1468 | alt_err=-5.30 vz_down=0.69 stable=0/4
2026-04-16 17:14:16,015 | Calibration altitude stabilize | lat=50.450773 lon=30.461165 alt=24.95m yaw=0.38deg | dist=1244.1m | roll=- pitch=- throttle=1468 | alt_err=-4.95 vz_down=0.65 stable=0/4
2026-04-16 17:14:16,367 | Calibration altitude stabilize | lat=50.450773 lon=30.461165 alt=24.80m yaw=0.38deg | dist=1244.1m | roll=- pitch=- throttle=1468 | alt_err=-4.80 vz_down=0.59 stable=0/4
2026-04-16 17:14:16,718 | Calibration altitude stabilize | lat=50.450774 lon=30.461165 alt=24.50m yaw=0.36deg | dist=1244.1m | roll=- pitch=- throttle=1468 | alt_err=-4.50 vz_down=0.47 stable=0/4
2026-04-16 17:14:17,070 | Calibration altitude stabilize | lat=50.450774 lon=30.461164 alt=24.37m yaw=0.34deg | dist=1244.1m | roll=- pitch=- throttle=1468 | alt_err=-4.37 vz_down=0.53 stable=0/4
2026-04-16 17:14:17,421 | Calibration altitude stabilize | lat=50.450774 lon=30.461164 alt=24.22m yaw=0.33deg | dist=1244.1m | roll=- pitch=- throttle=1468 | alt_err=-4.22 vz_down=0.59 stable=0/4
2026-04-16 17:14:17,772 | Calibration altitude stabilize | lat=50.450774 lon=30.461164 alt=23.92m yaw=0.32deg | dist=1244.1m | roll=- pitch=- throttle=1468 | alt_err=-3.92 vz_down=0.61 stable=0/4
2026-04-16 17:14:18,123 | Calibration altitude stabilize | lat=50.450775 lon=30.461163 alt=23.76m yaw=0.34deg | dist=1244.1m | roll=- pitch=- throttle=1468 | alt_err=-3.76 vz_down=0.50 stable=0/4
2026-04-16 17:14:18,473 | Calibration altitude stabilize | lat=50.450775 lon=30.461162 alt=23.49m yaw=0.37deg | dist=1244.1m | roll=- pitch=- throttle=1468 | alt_err=-3.49 vz_down=0.62 stable=0/4
2026-04-16 17:14:18,825 | Calibration altitude stabilize | lat=50.450775 lon=30.461162 alt=23.34m yaw=0.39deg | dist=1244.1m | roll=- pitch=- throttle=1468 | alt_err=-3.34 vz_down=0.62 stable=0/4
2026-04-16 17:14:19,176 | Calibration altitude stabilize | lat=50.450775 lon=30.461161 alt=22.93m yaw=0.40deg | dist=1244.0m | roll=- pitch=- throttle=1478 | alt_err=-2.93 vz_down=0.87 stable=0/4
2026-04-16 17:14:19,527 | Calibration altitude stabilize | lat=50.450775 lon=30.461161 alt=22.71m yaw=0.38deg | dist=1244.0m | roll=- pitch=- throttle=1478 | alt_err=-2.71 vz_down=0.88 stable=0/4
2026-04-16 17:14:19,878 | Calibration altitude stabilize | lat=50.450775 lon=30.461160 alt=22.49m yaw=0.37deg | dist=1244.0m | roll=- pitch=- throttle=1478 | alt_err=-2.49 vz_down=0.83 stable=0/4
2026-04-16 17:14:20,230 | Calibration altitude stabilize | lat=50.450775 lon=30.461160 alt=22.09m yaw=0.37deg | dist=1244.0m | roll=- pitch=- throttle=1478 | alt_err=-2.09 vz_down=0.76 stable=0/4
2026-04-16 17:14:20,581 | Calibration altitude stabilize | lat=50.450776 lon=30.461159 alt=21.91m yaw=0.37deg | dist=1244.0m | roll=- pitch=- throttle=1478 | alt_err=-1.91 vz_down=0.66 stable=0/4
2026-04-16 17:14:20,932 | Calibration altitude stabilize | lat=50.450776 lon=30.461159 alt=21.77m yaw=0.38deg | dist=1244.0m | roll=- pitch=- throttle=1478 | alt_err=-1.77 vz_down=0.59 stable=1/4
2026-04-16 17:14:21,283 | Calibration altitude stabilize | lat=50.450776 lon=30.461158 alt=21.50m yaw=0.37deg | dist=1244.0m | roll=- pitch=- throttle=1478 | alt_err=-1.50 vz_down=0.46 stable=2/4
2026-04-16 17:14:21,634 | Calibration altitude stabilize | lat=50.450776 lon=30.461158 alt=21.39m yaw=0.36deg | dist=1244.0m | roll=- pitch=- throttle=1478 | alt_err=-1.39 vz_down=0.43 stable=3/4
2026-04-16 17:14:21,985 | Calibration altitude stabilize stabilized
2026-04-16 17:14:21,985 | Calibrating pitch/roll signs with small pulses...
2026-04-16 17:14:21,986 | Pitch sign probe...
2026-04-16 17:14:24,487 | Pitch probe inconclusive | base=1243.94m after=1243.91m
2026-04-16 17:14:25,988 | Roll sign probe...
2026-04-16 17:14:28,489 | Roll probe inconclusive | base=1243.92m after=1243.94m
2026-04-16 17:14:28,489 | RC overrides cleared
2026-04-16 17:14:29,990 | Calibration done | PITCH_SIGN=1 ROLL_SIGN=1
2026-04-16 17:14:29,990 | Climb to mission altitude to 300.00 m
2026-04-16 17:14:29,991 | Climb to mission altitude | lat=50.450783 lon=30.461149 alt=11.44m yaw=0.53deg | roll=- pitch=- throttle=1548
2026-04-16 17:14:30,342 | Climb to mission altitude | lat=50.450783 lon=30.461149 alt=8.36m yaw=0.57deg | roll=- pitch=- throttle=1548
2026-04-16 17:14:30,692 | Climb to mission altitude | lat=50.450783 lon=30.461148 alt=5.21m yaw=0.58deg | roll=- pitch=- throttle=1548
2026-04-16 17:14:31,043 | Climb to mission altitude | lat=50.450783 lon=30.461148 alt=0.55m yaw=0.57deg | roll=- pitch=- throttle=1548
2026-04-16 17:14:31,394 | Climb to mission altitude | lat=50.450783 lon=30.461148 alt=0.50m yaw=0.61deg | roll=- pitch=- throttle=1548
2026-04-16 17:14:31,746 | Climb to mission altitude | lat=50.450783 lon=30.461148 alt=0.60m yaw=0.62deg | roll=- pitch=- throttle=1548
2026-04-16 17:14:32,097 | Climb to mission altitude | lat=50.450783 lon=30.461148 alt=0.98m yaw=0.58deg | roll=- pitch=- throttle=1548
2026-04-16 17:14:32,448 | Climb to mission altitude | lat=50.450783 lon=30.461148 alt=2.01m yaw=0.55deg | roll=- pitch=- throttle=1548
2026-04-16 17:14:32,799 | Climb to mission altitude | lat=50.450783 lon=30.461148 alt=2.65m yaw=0.55deg | roll=- pitch=- throttle=1548
2026-04-16 17:14:33,150 | Climb to mission altitude | lat=50.450783 lon=30.461148 alt=3.36m yaw=0.55deg | roll=- pitch=- throttle=1548
2026-04-16 17:14:33,501 | Climb to mission altitude | lat=50.450783 lon=30.461148 alt=4.86m yaw=0.47deg | roll=- pitch=- throttle=1548
2026-04-16 17:14:33,852 | Climb to mission altitude | lat=50.450783 lon=30.461148 alt=5.60m yaw=0.48deg | roll=- pitch=- throttle=1548
2026-04-16 17:14:34,203 | Climb to mission altitude | lat=50.450784 lon=30.461147 alt=7.24m yaw=0.48deg | roll=- pitch=- throttle=1548
2026-04-16 17:14:34,555 | Climb to mission altitude | lat=50.450784 lon=30.461147 alt=8.10m yaw=0.48deg | roll=- pitch=- throttle=1548
2026-04-16 17:14:34,906 | Climb to mission altitude | lat=50.450784 lon=30.461147 alt=9.01m yaw=0.48deg | roll=- pitch=- throttle=1548
2026-04-16 17:14:35,257 | Climb to mission altitude | lat=50.450784 lon=30.461147 alt=10.83m yaw=0.51deg | roll=- pitch=- throttle=1548
2026-04-16 17:14:35,608 | Climb to mission altitude | lat=50.450784 lon=30.461147 alt=11.78m yaw=0.49deg | roll=- pitch=- throttle=1548
2026-04-16 17:14:35,959 | Climb to mission altitude | lat=50.450785 lon=30.461147 alt=13.79m yaw=0.54deg | roll=- pitch=- throttle=1548
2026-04-16 17:14:36,310 | Climb to mission altitude | lat=50.450785 lon=30.461147 alt=14.78m yaw=0.56deg | roll=- pitch=- throttle=1548
2026-04-16 17:14:36,661 | Climb to mission altitude | lat=50.450785 lon=30.461146 alt=15.79m yaw=0.58deg | roll=- pitch=- throttle=1548
2026-04-16 17:14:37,012 | Climb to mission altitude | lat=50.450785 lon=30.461146 alt=17.92m yaw=0.56deg | roll=- pitch=- throttle=1548
2026-04-16 17:14:37,363 | Climb to mission altitude | lat=50.450785 lon=30.461146 alt=18.99m yaw=0.56deg | roll=- pitch=- throttle=1548
2026-04-16 17:14:37,714 | Climb to mission altitude | lat=50.450786 lon=30.461146 alt=21.20m yaw=0.57deg | roll=- pitch=- throttle=1548
2026-04-16 17:14:38,064 | Climb to mission altitude | lat=50.450786 lon=30.461145 alt=22.38m yaw=0.56deg | roll=- pitch=- throttle=1548
2026-04-16 17:14:38,416 | Climb to mission altitude | lat=50.450786 lon=30.461145 alt=23.52m yaw=0.56deg | roll=- pitch=- throttle=1548
2026-04-16 17:14:38,767 | Climb to mission altitude | lat=50.450786 lon=30.461145 alt=25.53m yaw=0.56deg | roll=- pitch=- throttle=1548
2026-04-16 17:14:39,117 | Climb to mission altitude | lat=50.450786 lon=30.461144 alt=26.50m yaw=0.56deg | roll=- pitch=- throttle=1548
2026-04-16 17:14:39,468 | Climb to mission altitude | lat=50.450787 lon=30.461144 alt=28.55m yaw=0.56deg | roll=- pitch=- throttle=1548
2026-04-16 17:14:39,819 | Climb to mission altitude | lat=50.450787 lon=30.461144 alt=29.62m yaw=0.56deg | roll=- pitch=- throttle=1548
2026-04-16 17:14:40,170 | Climb to mission altitude | lat=50.450787 lon=30.461143 alt=30.63m yaw=0.56deg | roll=- pitch=- throttle=1548
2026-04-16 17:14:40,521 | Climb to mission altitude | lat=50.450787 lon=30.461143 alt=32.73m yaw=0.58deg | roll=- pitch=- throttle=1548
2026-04-16 17:14:40,901 | Climb to mission altitude | lat=50.450787 lon=30.461143 alt=33.75m yaw=0.57deg | roll=- pitch=- throttle=1548
2026-04-16 17:14:41,259 | Climb to mission altitude | lat=50.450788 lon=30.461142 alt=35.75m yaw=0.57deg | roll=- pitch=- throttle=1548
2026-04-16 17:14:41,610 | Climb to mission altitude | lat=50.450788 lon=30.461142 alt=36.78m yaw=0.57deg | roll=- pitch=- throttle=1548
2026-04-16 17:14:41,962 | Climb to mission altitude | lat=50.450788 lon=30.461142 alt=38.75m yaw=0.56deg | roll=- pitch=- throttle=1548
2026-04-16 17:14:42,313 | Climb to mission altitude | lat=50.450788 lon=30.461142 alt=39.68m yaw=0.55deg | roll=- pitch=- throttle=1548
2026-04-16 17:14:42,664 | Climb to mission altitude | lat=50.450788 lon=30.461141 alt=40.64m yaw=0.54deg | roll=- pitch=- throttle=1548
2026-04-16 17:14:43,015 | Climb to mission altitude | lat=50.450789 lon=30.461141 alt=42.67m yaw=0.53deg | roll=- pitch=- throttle=1548
2026-04-16 17:14:43,366 | Climb to mission altitude | lat=50.450789 lon=30.461141 alt=43.72m yaw=0.52deg | roll=- pitch=- throttle=1548
2026-04-16 17:14:43,717 | Climb to mission altitude | lat=50.450789 lon=30.461140 alt=45.82m yaw=0.53deg | roll=- pitch=- throttle=1548
2026-04-16 17:14:44,069 | Climb to mission altitude | lat=50.450789 lon=30.461140 alt=46.86m yaw=0.55deg | roll=- pitch=- throttle=1548
2026-04-16 17:14:44,419 | Climb to mission altitude | lat=50.450789 lon=30.461140 alt=47.92m yaw=0.56deg | roll=- pitch=- throttle=1548
2026-04-16 17:14:44,771 | Climb to mission altitude | lat=50.450790 lon=30.461139 alt=50.08m yaw=0.56deg | roll=- pitch=- throttle=1548
2026-04-16 17:14:45,121 | Climb to mission altitude | lat=50.450790 lon=30.461139 alt=51.07m yaw=0.56deg | roll=- pitch=- throttle=1548
2026-04-16 17:14:45,472 | Climb to mission altitude | lat=50.450790 lon=30.461139 alt=53.02m yaw=0.56deg | roll=- pitch=- throttle=1548
2026-04-16 17:14:45,823 | Climb to mission altitude | lat=50.450790 lon=30.461138 alt=54.00m yaw=0.57deg | roll=- pitch=- throttle=1548
2026-04-16 17:14:46,174 | Climb to mission altitude | lat=50.450791 lon=30.461138 alt=54.96m yaw=0.57deg | roll=- pitch=- throttle=1548
2026-04-16 17:14:46,525 | Climb to mission altitude | lat=50.450791 lon=30.461137 alt=56.95m yaw=0.58deg | roll=- pitch=- throttle=1548
2026-04-16 17:14:46,876 | Climb to mission altitude | lat=50.450791 lon=30.461137 alt=57.99m yaw=0.57deg | roll=- pitch=- throttle=1548
2026-04-16 17:14:47,227 | Climb to mission altitude | lat=50.450791 lon=30.461137 alt=59.93m yaw=0.57deg | roll=- pitch=- throttle=1548
2026-04-16 17:14:47,578 | Climb to mission altitude | lat=50.450791 lon=30.461136 alt=60.91m yaw=0.57deg | roll=- pitch=- throttle=1548
2026-04-16 17:14:47,930 | Climb to mission altitude | lat=50.450791 lon=30.461136 alt=61.94m yaw=0.57deg | roll=- pitch=- throttle=1548
2026-04-16 17:14:48,280 | Climb to mission altitude | lat=50.450792 lon=30.461136 alt=63.91m yaw=0.58deg | roll=- pitch=- throttle=1548
2026-04-16 17:14:48,632 | Climb to mission altitude | lat=50.450792 lon=30.461136 alt=64.96m yaw=0.58deg | roll=- pitch=- throttle=1548
2026-04-16 17:14:48,982 | Climb to mission altitude | lat=50.450792 lon=30.461135 alt=67.12m yaw=0.60deg | roll=- pitch=- throttle=1548
2026-04-16 17:14:49,333 | Climb to mission altitude | lat=50.450791 lon=30.461134 alt=68.24m yaw=0.62deg | roll=- pitch=- throttle=1548
2026-04-16 17:14:49,684 | Climb to mission altitude | lat=50.450791 lon=30.461133 alt=69.38m yaw=0.66deg | roll=- pitch=- throttle=1548
2026-04-16 17:14:50,035 | Climb to mission altitude | lat=50.450789 lon=30.461131 alt=71.53m yaw=0.63deg | roll=- pitch=- throttle=1548
2026-04-16 17:14:50,386 | Climb to mission altitude | lat=50.450789 lon=30.461130 alt=72.54m yaw=0.64deg | roll=- pitch=- throttle=1548
2026-04-16 17:14:50,736 | Climb to mission altitude | lat=50.450786 lon=30.461127 alt=74.62m yaw=0.66deg | roll=- pitch=- throttle=1548
2026-04-16 17:14:51,087 | Climb to mission altitude | lat=50.450784 lon=30.461125 alt=75.70m yaw=0.65deg | roll=- pitch=- throttle=1548
2026-04-16 17:14:51,438 | Climb to mission altitude | lat=50.450782 lon=30.461123 alt=76.73m yaw=0.59deg | roll=- pitch=- throttle=1548
2026-04-16 17:14:51,789 | Climb to mission altitude | lat=50.450778 lon=30.461118 alt=78.85m yaw=0.53deg | roll=- pitch=- throttle=1548
2026-04-16 17:14:52,140 | Climb to mission altitude | lat=50.450775 lon=30.461116 alt=79.89m yaw=0.49deg | roll=- pitch=- throttle=1548
2026-04-16 17:14:52,491 | Climb to mission altitude | lat=50.450770 lon=30.461110 alt=81.92m yaw=0.53deg | roll=- pitch=- throttle=1548
2026-04-16 17:14:52,842 | Climb to mission altitude | lat=50.450767 lon=30.461107 alt=82.92m yaw=0.57deg | roll=- pitch=- throttle=1548
2026-04-16 17:14:53,193 | Climb to mission altitude | lat=50.450763 lon=30.461104 alt=83.95m yaw=0.59deg | roll=- pitch=- throttle=1548
2026-04-16 17:14:53,544 | Climb to mission altitude | lat=50.450756 lon=30.461097 alt=86.06m yaw=0.58deg | roll=- pitch=- throttle=1548
2026-04-16 17:14:53,896 | Climb to mission altitude | lat=50.450753 lon=30.461094 alt=87.16m yaw=0.57deg | roll=- pitch=- throttle=1548
2026-04-16 17:14:54,246 | Climb to mission altitude | lat=50.450745 lon=30.461086 alt=89.33m yaw=0.57deg | roll=- pitch=- throttle=1548
2026-04-16 17:14:54,597 | Climb to mission altitude | lat=50.450740 lon=30.461081 alt=90.39m yaw=0.56deg | roll=- pitch=- throttle=1548
2026-04-16 17:14:54,948 | Climb to mission altitude | lat=50.450736 lon=30.461077 alt=91.44m yaw=0.57deg | roll=- pitch=- throttle=1548
2026-04-16 17:14:55,299 | Climb to mission altitude | lat=50.450726 lon=30.461068 alt=93.55m yaw=0.60deg | roll=- pitch=- throttle=1548
2026-04-16 17:14:55,651 | Climb to mission altitude | lat=50.450721 lon=30.461063 alt=94.61m yaw=0.59deg | roll=- pitch=- throttle=1548
2026-04-16 17:14:56,002 | Climb to mission altitude | lat=50.450711 lon=30.461053 alt=96.78m yaw=0.57deg | roll=- pitch=- throttle=1548
2026-04-16 17:14:56,353 | Climb to mission altitude | lat=50.450705 lon=30.461047 alt=97.82m yaw=0.57deg | roll=- pitch=- throttle=1548
2026-04-16 17:14:56,706 | Climb to mission altitude | lat=50.450694 lon=30.461036 alt=99.81m yaw=0.57deg | roll=- pitch=- throttle=1548
2026-04-16 17:14:57,057 | Climb to mission altitude | lat=50.450688 lon=30.461031 alt=100.79m yaw=0.56deg | roll=- pitch=- throttle=1542
2026-04-16 17:14:57,407 | Climb to mission altitude | lat=50.450682 lon=30.461025 alt=101.75m yaw=0.55deg | roll=- pitch=- throttle=1542
2026-04-16 17:14:57,758 | Climb to mission altitude | lat=50.450670 lon=30.461013 alt=103.63m yaw=0.53deg | roll=- pitch=- throttle=1542
2026-04-16 17:14:58,109 | Climb to mission altitude | lat=50.450664 lon=30.461007 alt=104.59m yaw=0.52deg | roll=- pitch=- throttle=1542
2026-04-16 17:14:58,460 | Climb to mission altitude | lat=50.450651 lon=30.460994 alt=106.51m yaw=0.53deg | roll=- pitch=- throttle=1542
2026-04-16 17:14:58,810 | Climb to mission altitude | lat=50.450644 lon=30.460988 alt=107.47m yaw=0.54deg | roll=- pitch=- throttle=1542
2026-04-16 17:14:59,161 | Climb to mission altitude | lat=50.450638 lon=30.460981 alt=108.39m yaw=0.53deg | roll=- pitch=- throttle=1542
2026-04-16 17:14:59,512 | Climb to mission altitude | lat=50.450624 lon=30.460968 alt=110.23m yaw=0.53deg | roll=- pitch=- throttle=1542
2026-04-16 17:14:59,863 | Climb to mission altitude | lat=50.450617 lon=30.460961 alt=111.17m yaw=0.54deg | roll=- pitch=- throttle=1542
2026-04-16 17:15:00,214 | Climb to mission altitude | lat=50.450602 lon=30.460947 alt=113.13m yaw=0.55deg | roll=- pitch=- throttle=1542
2026-04-16 17:15:00,565 | Climb to mission altitude | lat=50.450595 lon=30.460940 alt=114.11m yaw=0.53deg | roll=- pitch=- throttle=1542
2026-04-16 17:15:00,916 | Climb to mission altitude | lat=50.450587 lon=30.460933 alt=115.08m yaw=0.54deg | roll=- pitch=- throttle=1542
2026-04-16 17:15:01,268 | Climb to mission altitude | lat=50.450572 lon=30.460919 alt=117.06m yaw=0.55deg | roll=- pitch=- throttle=1542
2026-04-16 17:15:01,619 | Climb to mission altitude | lat=50.450564 lon=30.460911 alt=118.07m yaw=0.54deg | roll=- pitch=- throttle=1542
2026-04-16 17:15:01,969 | Climb to mission altitude | lat=50.450548 lon=30.460896 alt=120.14m yaw=0.55deg | roll=- pitch=- throttle=1542
2026-04-16 17:15:02,320 | Climb to mission altitude | lat=50.450540 lon=30.460888 alt=121.17m yaw=0.55deg | roll=- pitch=- throttle=1542
2026-04-16 17:15:02,671 | Climb to mission altitude | lat=50.450532 lon=30.460880 alt=122.19m yaw=0.55deg | roll=- pitch=- throttle=1542
2026-04-16 17:15:03,022 | Climb to mission altitude | lat=50.450515 lon=30.460865 alt=124.27m yaw=0.55deg | roll=- pitch=- throttle=1542
2026-04-16 17:15:03,373 | Climb to mission altitude | lat=50.450506 lon=30.460857 alt=125.29m yaw=0.55deg | roll=- pitch=- throttle=1542
2026-04-16 17:15:03,724 | Climb to mission altitude | lat=50.450489 lon=30.460840 alt=127.26m yaw=0.54deg | roll=- pitch=- throttle=1542
2026-04-16 17:15:04,075 | Climb to mission altitude | lat=50.450480 lon=30.460832 alt=128.18m yaw=0.55deg | roll=- pitch=- throttle=1542
2026-04-16 17:15:04,426 | Climb to mission altitude | lat=50.450471 lon=30.460824 alt=129.05m yaw=0.55deg | roll=- pitch=- throttle=1542
2026-04-16 17:15:04,777 | Climb to mission altitude | lat=50.450453 lon=30.460807 alt=130.81m yaw=0.57deg | roll=- pitch=- throttle=1542
2026-04-16 17:15:05,128 | Climb to mission altitude | lat=50.450444 lon=30.460798 alt=131.67m yaw=0.58deg | roll=- pitch=- throttle=1542
2026-04-16 17:15:05,478 | Climb to mission altitude | lat=50.450426 lon=30.460781 alt=133.43m yaw=0.57deg | roll=- pitch=- throttle=1542
2026-04-16 17:15:05,829 | Climb to mission altitude | lat=50.450417 lon=30.460773 alt=134.32m yaw=0.57deg | roll=- pitch=- throttle=1542
2026-04-16 17:15:06,180 | Climb to mission altitude | lat=50.450408 lon=30.460764 alt=135.23m yaw=0.57deg | roll=- pitch=- throttle=1542
2026-04-16 17:15:06,531 | Climb to mission altitude | lat=50.450389 lon=30.460746 alt=137.15m yaw=0.57deg | roll=- pitch=- throttle=1542
2026-04-16 17:15:06,883 | Climb to mission altitude | lat=50.450380 lon=30.460738 alt=138.12m yaw=0.57deg | roll=- pitch=- throttle=1542
2026-04-16 17:15:07,234 | Climb to mission altitude | lat=50.450361 lon=30.460720 alt=140.05m yaw=0.56deg | roll=- pitch=- throttle=1542
2026-04-16 17:15:07,585 | Climb to mission altitude | lat=50.450352 lon=30.460711 alt=141.03m yaw=0.57deg | roll=- pitch=- throttle=1542
2026-04-16 17:15:07,936 | Climb to mission altitude | lat=50.450342 lon=30.460703 alt=141.90m yaw=0.58deg | roll=- pitch=- throttle=1542
2026-04-16 17:15:08,287 | Climb to mission altitude | lat=50.450323 lon=30.460685 alt=143.41m yaw=0.54deg | roll=- pitch=- throttle=1542
2026-04-16 17:15:08,638 | Climb to mission altitude | lat=50.450314 lon=30.460676 alt=144.22m yaw=0.55deg | roll=- pitch=- throttle=1542
2026-04-16 17:15:08,989 | Climb to mission altitude | lat=50.450295 lon=30.460659 alt=145.80m yaw=0.55deg | roll=- pitch=- throttle=1542
2026-04-16 17:15:09,340 | Climb to mission altitude | lat=50.450285 lon=30.460650 alt=146.52m yaw=0.56deg | roll=- pitch=- throttle=1542
2026-04-16 17:15:09,691 | Climb to mission altitude | lat=50.450276 lon=30.460641 alt=147.25m yaw=0.56deg | roll=- pitch=- throttle=1542
2026-04-16 17:15:10,042 | Climb to mission altitude | lat=50.450257 lon=30.460623 alt=148.83m yaw=0.56deg | roll=- pitch=- throttle=1542
2026-04-16 17:15:10,394 | Climb to mission altitude | lat=50.450247 lon=30.460614 alt=149.58m yaw=0.56deg | roll=- pitch=- throttle=1542
2026-04-16 17:15:10,744 | Climb to mission altitude | lat=50.450228 lon=30.460596 alt=151.09m yaw=0.56deg | roll=- pitch=- throttle=1542
2026-04-16 17:15:11,096 | Climb to mission altitude | lat=50.450218 lon=30.460587 alt=151.86m yaw=0.56deg | roll=- pitch=- throttle=1542
2026-04-16 17:15:11,446 | Climb to mission altitude | lat=50.450199 lon=30.460570 alt=153.53m yaw=0.56deg | roll=- pitch=- throttle=1542
2026-04-16 17:15:11,797 | Climb to mission altitude | lat=50.450189 lon=30.460561 alt=154.43m yaw=0.56deg | roll=- pitch=- throttle=1542
2026-04-16 17:15:12,148 | Climb to mission altitude | lat=50.450179 lon=30.460552 alt=155.35m yaw=0.56deg | roll=- pitch=- throttle=1542
2026-04-16 17:15:12,499 | Climb to mission altitude | lat=50.450160 lon=30.460534 alt=157.03m yaw=0.57deg | roll=- pitch=- throttle=1542
2026-04-16 17:15:12,850 | Climb to mission altitude | lat=50.450150 lon=30.460525 alt=157.81m yaw=0.56deg | roll=- pitch=- throttle=1542
2026-04-16 17:15:13,200 | Climb to mission altitude | lat=50.450141 lon=30.460516 alt=158.63m yaw=0.57deg | roll=- pitch=- throttle=1542
2026-04-16 17:15:13,551 | Climb to mission altitude | lat=50.450121 lon=30.460498 alt=160.31m yaw=0.57deg | roll=- pitch=- throttle=1542
2026-04-16 17:15:13,902 | Climb to mission altitude | lat=50.450111 lon=30.460490 alt=161.16m yaw=0.58deg | roll=- pitch=- throttle=1542
2026-04-16 17:15:14,253 | Climb to mission altitude | lat=50.450092 lon=30.460472 alt=163.08m yaw=0.58deg | roll=- pitch=- throttle=1542
2026-04-16 17:15:14,604 | Climb to mission altitude | lat=50.450083 lon=30.460463 alt=164.07m yaw=0.57deg | roll=- pitch=- throttle=1542
2026-04-16 17:15:14,955 | Climb to mission altitude | lat=50.450073 lon=30.460454 alt=165.04m yaw=0.57deg | roll=- pitch=- throttle=1542
2026-04-16 17:15:15,306 | Climb to mission altitude | lat=50.450054 lon=30.460436 alt=166.92m yaw=0.55deg | roll=- pitch=- throttle=1542
2026-04-16 17:15:15,657 | Climb to mission altitude | lat=50.450044 lon=30.460427 alt=167.91m yaw=0.54deg | roll=- pitch=- throttle=1542
2026-04-16 17:15:16,008 | Climb to mission altitude | lat=50.450024 lon=30.460409 alt=169.79m yaw=0.52deg | roll=- pitch=- throttle=1542
2026-04-16 17:15:16,359 | Climb to mission altitude | lat=50.450015 lon=30.460400 alt=170.71m yaw=0.53deg | roll=- pitch=- throttle=1542
2026-04-16 17:15:16,710 | Climb to mission altitude | lat=50.449995 lon=30.460383 alt=172.51m yaw=0.55deg | roll=- pitch=- throttle=1542
2026-04-16 17:15:17,061 | Climb to mission altitude | lat=50.449985 lon=30.460373 alt=173.42m yaw=0.54deg | roll=- pitch=- throttle=1542
2026-04-16 17:15:17,412 | Climb to mission altitude | lat=50.449976 lon=30.460365 alt=174.28m yaw=0.54deg | roll=- pitch=- throttle=1542
2026-04-16 17:15:17,762 | Climb to mission altitude | lat=50.449956 lon=30.460347 alt=175.95m yaw=0.56deg | roll=- pitch=- throttle=1542
2026-04-16 17:15:18,114 | Climb to mission altitude | lat=50.449947 lon=30.460338 alt=176.84m yaw=0.56deg | roll=- pitch=- throttle=1542
2026-04-16 17:15:18,465 | Climb to mission altitude | lat=50.449927 lon=30.460320 alt=178.69m yaw=0.56deg | roll=- pitch=- throttle=1542
2026-04-16 17:15:18,815 | Climb to mission altitude | lat=50.449917 lon=30.460311 alt=179.67m yaw=0.56deg | roll=- pitch=- throttle=1542
2026-04-16 17:15:19,167 | Climb to mission altitude | lat=50.449908 lon=30.460302 alt=180.66m yaw=0.55deg | roll=- pitch=- throttle=1538
2026-04-16 17:15:19,518 | Climb to mission altitude | lat=50.449888 lon=30.460284 alt=182.70m yaw=0.55deg | roll=- pitch=- throttle=1538
2026-04-16 17:15:19,869 | Climb to mission altitude | lat=50.449879 lon=30.460275 alt=183.71m yaw=0.54deg | roll=- pitch=- throttle=1538
2026-04-16 17:15:20,220 | Climb to mission altitude | lat=50.449859 lon=30.460257 alt=185.67m yaw=0.53deg | roll=- pitch=- throttle=1538
2026-04-16 17:15:20,571 | Climb to mission altitude | lat=50.449849 lon=30.460248 alt=186.60m yaw=0.53deg | roll=- pitch=- throttle=1538
2026-04-16 17:15:20,922 | Climb to mission altitude | lat=50.449840 lon=30.460239 alt=187.49m yaw=0.53deg | roll=- pitch=- throttle=1538
2026-04-16 17:15:21,273 | Climb to mission altitude | lat=50.449820 lon=30.460222 alt=189.33m yaw=0.52deg | roll=- pitch=- throttle=1538
2026-04-16 17:15:21,624 | Climb to mission altitude | lat=50.449810 lon=30.460213 alt=190.25m yaw=0.52deg | roll=- pitch=- throttle=1538
2026-04-16 17:15:21,975 | Climb to mission altitude | lat=50.449791 lon=30.460195 alt=192.14m yaw=0.52deg | roll=- pitch=- throttle=1538
2026-04-16 17:15:22,326 | Climb to mission altitude | lat=50.449781 lon=30.460186 alt=193.05m yaw=0.52deg | roll=- pitch=- throttle=1538
2026-04-16 17:15:22,678 | Climb to mission altitude | lat=50.449771 lon=30.460177 alt=193.97m yaw=0.54deg | roll=- pitch=- throttle=1538
2026-04-16 17:15:23,029 | Climb to mission altitude | lat=50.449752 lon=30.460159 alt=195.72m yaw=0.56deg | roll=- pitch=- throttle=1538
2026-04-16 17:15:23,380 | Climb to mission altitude | lat=50.449742 lon=30.460151 alt=196.61m yaw=0.55deg | roll=- pitch=- throttle=1538
2026-04-16 17:15:23,731 | Climb to mission altitude | lat=50.449723 lon=30.460133 alt=198.32m yaw=0.54deg | roll=- pitch=- throttle=1538
2026-04-16 17:15:24,081 | Climb to mission altitude | lat=50.449713 lon=30.460124 alt=199.18m yaw=0.55deg | roll=- pitch=- throttle=1538
2026-04-16 17:15:24,432 | Climb to mission altitude | lat=50.449703 lon=30.460115 alt=200.08m yaw=0.56deg | roll=- pitch=- throttle=1538
2026-04-16 17:15:24,783 | Climb to mission altitude | lat=50.449683 lon=30.460097 alt=201.99m yaw=0.56deg | roll=- pitch=- throttle=1538
2026-04-16 17:15:25,134 | Climb to mission altitude | lat=50.449673 lon=30.460088 alt=202.96m yaw=0.56deg | roll=- pitch=- throttle=1538
2026-04-16 17:15:25,485 | Climb to mission altitude | lat=50.449654 lon=30.460071 alt=204.83m yaw=0.57deg | roll=- pitch=- throttle=1538
2026-04-16 17:15:25,836 | Climb to mission altitude | lat=50.449644 lon=30.460062 alt=205.77m yaw=0.56deg | roll=- pitch=- throttle=1538
2026-04-16 17:15:26,187 | Climb to mission altitude | lat=50.449634 lon=30.460053 alt=206.69m yaw=0.56deg | roll=- pitch=- throttle=1538
2026-04-16 17:15:26,538 | Climb to mission altitude | lat=50.449614 lon=30.460035 alt=208.50m yaw=0.56deg | roll=- pitch=- throttle=1538
2026-04-16 17:15:26,889 | Climb to mission altitude | lat=50.449604 lon=30.460027 alt=209.38m yaw=0.56deg | roll=- pitch=- throttle=1538
2026-04-16 17:15:27,239 | Climb to mission altitude | lat=50.449585 lon=30.460009 alt=210.94m yaw=0.57deg | roll=- pitch=- throttle=1538
2026-04-16 17:15:27,590 | Climb to mission altitude | lat=50.449575 lon=30.460000 alt=211.71m yaw=0.57deg | roll=- pitch=- throttle=1538
2026-04-16 17:15:27,941 | Climb to mission altitude | lat=50.449565 lon=30.459991 alt=212.48m yaw=0.58deg | roll=- pitch=- throttle=1538
2026-04-16 17:15:28,292 | Climb to mission altitude | lat=50.449545 lon=30.459974 alt=214.14m yaw=0.57deg | roll=- pitch=- throttle=1538
2026-04-16 17:15:28,643 | Climb to mission altitude | lat=50.449536 lon=30.459965 alt=215.00m yaw=0.56deg | roll=- pitch=- throttle=1538
2026-04-16 17:15:28,994 | Climb to mission altitude | lat=50.449516 lon=30.459947 alt=216.58m yaw=0.55deg | roll=- pitch=- throttle=1538
2026-04-16 17:15:29,345 | Climb to mission altitude | lat=50.449506 lon=30.459939 alt=217.37m yaw=0.55deg | roll=- pitch=- throttle=1538
2026-04-16 17:15:29,697 | Climb to mission altitude | lat=50.449497 lon=30.459930 alt=218.19m yaw=0.54deg | roll=- pitch=- throttle=1538
2026-04-16 17:15:30,048 | Climb to mission altitude | lat=50.449477 lon=30.459913 alt=219.90m yaw=0.53deg | roll=- pitch=- throttle=1538
2026-04-16 17:15:30,399 | Climb to mission altitude | lat=50.449467 lon=30.459904 alt=220.81m yaw=0.53deg | roll=- pitch=- throttle=1532
2026-04-16 17:15:30,749 | Climb to mission altitude | lat=50.449448 lon=30.459886 alt=222.59m yaw=0.54deg | roll=- pitch=- throttle=1532
2026-04-16 17:15:31,100 | Climb to mission altitude | lat=50.449438 lon=30.459878 alt=223.53m yaw=0.54deg | roll=- pitch=- throttle=1532
2026-04-16 17:15:31,451 | Climb to mission altitude | lat=50.449428 lon=30.459869 alt=224.50m yaw=0.54deg | roll=- pitch=- throttle=1532
2026-04-16 17:15:31,802 | Climb to mission altitude | lat=50.449408 lon=30.459852 alt=226.26m yaw=0.52deg | roll=- pitch=- throttle=1532
2026-04-16 17:15:32,153 | Climb to mission altitude | lat=50.449399 lon=30.459843 alt=227.13m yaw=0.53deg | roll=- pitch=- throttle=1532
2026-04-16 17:15:32,504 | Climb to mission altitude | lat=50.449379 lon=30.459825 alt=228.72m yaw=0.54deg | roll=- pitch=- throttle=1532
2026-04-16 17:15:32,855 | Climb to mission altitude | lat=50.449369 lon=30.459816 alt=229.50m yaw=0.54deg | roll=- pitch=- throttle=1532
2026-04-16 17:15:33,206 | Climb to mission altitude | lat=50.449350 lon=30.459799 alt=231.07m yaw=0.53deg | roll=- pitch=- throttle=1532
2026-04-16 17:15:33,557 | Climb to mission altitude | lat=50.449340 lon=30.459790 alt=231.90m yaw=0.54deg | roll=- pitch=- throttle=1532
2026-04-16 17:15:33,908 | Climb to mission altitude | lat=50.449330 lon=30.459781 alt=232.70m yaw=0.56deg | roll=- pitch=- throttle=1532
2026-04-16 17:15:34,259 | Climb to mission altitude | lat=50.449311 lon=30.459764 alt=234.23m yaw=0.56deg | roll=- pitch=- throttle=1532
2026-04-16 17:15:34,610 | Climb to mission altitude | lat=50.449301 lon=30.459755 alt=234.98m yaw=0.56deg | roll=- pitch=- throttle=1532
2026-04-16 17:15:34,961 | Climb to mission altitude | lat=50.449282 lon=30.459737 alt=236.50m yaw=0.56deg | roll=- pitch=- throttle=1532
2026-04-16 17:15:35,312 | Climb to mission altitude | lat=50.449272 lon=30.459728 alt=237.27m yaw=0.57deg | roll=- pitch=- throttle=1532
2026-04-16 17:15:35,663 | Climb to mission altitude | lat=50.449262 lon=30.459720 alt=238.01m yaw=0.58deg | roll=- pitch=- throttle=1532
2026-04-16 17:15:36,014 | Climb to mission altitude | lat=50.449243 lon=30.459702 alt=239.62m yaw=0.58deg | roll=- pitch=- throttle=1532
2026-04-16 17:15:36,365 | Climb to mission altitude | lat=50.449233 lon=30.459693 alt=240.43m yaw=0.58deg | roll=- pitch=- throttle=1532
2026-04-16 17:15:36,716 | Climb to mission altitude | lat=50.449213 lon=30.459676 alt=242.08m yaw=0.57deg | roll=- pitch=- throttle=1532
2026-04-16 17:15:37,067 | Climb to mission altitude | lat=50.449204 lon=30.459667 alt=242.81m yaw=0.57deg | roll=- pitch=- throttle=1532
2026-04-16 17:15:37,418 | Climb to mission altitude | lat=50.449194 lon=30.459658 alt=243.53m yaw=0.57deg | roll=- pitch=- throttle=1532
2026-04-16 17:15:37,769 | Climb to mission altitude | lat=50.449174 lon=30.459641 alt=244.95m yaw=0.57deg | roll=- pitch=- throttle=1532
2026-04-16 17:15:38,120 | Climb to mission altitude | lat=50.449165 lon=30.459632 alt=245.62m yaw=0.57deg | roll=- pitch=- throttle=1532
2026-04-16 17:15:38,471 | Climb to mission altitude | lat=50.449155 lon=30.459623 alt=246.32m yaw=0.57deg | roll=- pitch=- throttle=1532
2026-04-16 17:15:38,823 | Climb to mission altitude | lat=50.449135 lon=30.459606 alt=247.75m yaw=0.57deg | roll=- pitch=- throttle=1532
2026-04-16 17:15:39,174 | Climb to mission altitude | lat=50.449126 lon=30.459597 alt=248.50m yaw=0.57deg | roll=- pitch=- throttle=1532
2026-04-16 17:15:39,525 | Climb to mission altitude | lat=50.449106 lon=30.459580 alt=250.11m yaw=0.58deg | roll=- pitch=- throttle=1526
2026-04-16 17:15:39,876 | Climb to mission altitude | lat=50.449097 lon=30.459571 alt=250.90m yaw=0.57deg | roll=- pitch=- throttle=1526
2026-04-16 17:15:40,226 | Climb to mission altitude | lat=50.449077 lon=30.459553 alt=252.41m yaw=0.57deg | roll=- pitch=- throttle=1526
2026-04-16 17:15:40,577 | Climb to mission altitude | lat=50.449067 lon=30.459545 alt=253.21m yaw=0.57deg | roll=- pitch=- throttle=1526
2026-04-16 17:15:40,928 | Climb to mission altitude | lat=50.449058 lon=30.459536 alt=254.02m yaw=0.57deg | roll=- pitch=- throttle=1526
2026-04-16 17:15:41,280 | Climb to mission altitude | lat=50.449038 lon=30.459518 alt=255.70m yaw=0.57deg | roll=- pitch=- throttle=1526
2026-04-16 17:15:41,630 | Climb to mission altitude | lat=50.449029 lon=30.459509 alt=256.48m yaw=0.56deg | roll=- pitch=- throttle=1526
2026-04-16 17:15:41,982 | Climb to mission altitude | lat=50.449009 lon=30.459492 alt=258.01m yaw=0.57deg | roll=- pitch=- throttle=1526
2026-04-16 17:15:42,332 | Climb to mission altitude | lat=50.448999 lon=30.459483 alt=258.77m yaw=0.56deg | roll=- pitch=- throttle=1526
2026-04-16 17:15:42,683 | Climb to mission altitude | lat=50.448990 lon=30.459474 alt=259.55m yaw=0.56deg | roll=- pitch=- throttle=1526
2026-04-16 17:15:43,035 | Climb to mission altitude | lat=50.448970 lon=30.459456 alt=261.11m yaw=0.54deg | roll=- pitch=- throttle=1526
2026-04-16 17:15:43,386 | Climb to mission altitude | lat=50.448960 lon=30.459447 alt=261.83m yaw=0.53deg | roll=- pitch=- throttle=1526
2026-04-16 17:15:43,737 | Climb to mission altitude | lat=50.448941 lon=30.459429 alt=263.25m yaw=0.54deg | roll=- pitch=- throttle=1526
2026-04-16 17:15:44,088 | Climb to mission altitude | lat=50.448931 lon=30.459421 alt=263.97m yaw=0.55deg | roll=- pitch=- throttle=1526
2026-04-16 17:15:44,439 | Climb to mission altitude | lat=50.448921 lon=30.459412 alt=264.73m yaw=0.55deg | roll=- pitch=- throttle=1526
2026-04-16 17:15:44,790 | Climb to mission altitude | lat=50.448902 lon=30.459394 alt=266.35m yaw=0.54deg | roll=- pitch=- throttle=1526
2026-04-16 17:15:45,141 | Climb to mission altitude | lat=50.448892 lon=30.459385 alt=267.19m yaw=0.54deg | roll=- pitch=- throttle=1526
2026-04-16 17:15:45,492 | Climb to mission altitude | lat=50.448872 lon=30.459367 alt=268.80m yaw=0.55deg | roll=- pitch=- throttle=1526
2026-04-16 17:15:45,843 | Climb to mission altitude | lat=50.448863 lon=30.459359 alt=269.62m yaw=0.57deg | roll=- pitch=- throttle=1526
2026-04-16 17:15:46,194 | Climb to mission altitude | lat=50.448853 lon=30.459350 alt=270.43m yaw=0.57deg | roll=- pitch=- throttle=1526
2026-04-16 17:15:46,545 | Climb to mission altitude | lat=50.448833 lon=30.459332 alt=272.07m yaw=0.58deg | roll=- pitch=- throttle=1526
2026-04-16 17:15:46,896 | Climb to mission altitude | lat=50.448824 lon=30.459323 alt=272.83m yaw=0.58deg | roll=- pitch=- throttle=1526
2026-04-16 17:15:47,247 | Climb to mission altitude | lat=50.448804 lon=30.459306 alt=274.34m yaw=0.59deg | roll=- pitch=- throttle=1526
2026-04-16 17:15:47,598 | Climb to mission altitude | lat=50.448794 lon=30.459297 alt=275.14m yaw=0.59deg | roll=- pitch=- throttle=1526
2026-04-16 17:15:47,949 | Climb to mission altitude | lat=50.448784 lon=30.459288 alt=275.88m yaw=0.59deg | roll=- pitch=- throttle=1526
2026-04-16 17:15:48,300 | Climb to mission altitude | lat=50.448765 lon=30.459270 alt=277.32m yaw=0.59deg | roll=- pitch=- throttle=1526
2026-04-16 17:15:48,651 | Climb to mission altitude | lat=50.448755 lon=30.459262 alt=278.06m yaw=0.57deg | roll=- pitch=- throttle=1526
2026-04-16 17:15:49,002 | Climb to mission altitude | lat=50.448735 lon=30.459244 alt=279.57m yaw=0.58deg | roll=- pitch=- throttle=1526
2026-04-16 17:15:49,354 | Climb to mission altitude | lat=50.448726 lon=30.459236 alt=280.36m yaw=0.58deg | roll=- pitch=- throttle=1520
2026-04-16 17:15:49,705 | Climb to mission altitude | lat=50.448706 lon=30.459218 alt=281.87m yaw=0.58deg | roll=- pitch=- throttle=1520
2026-04-16 17:15:50,057 | Climb to mission altitude | lat=50.448696 lon=30.459210 alt=282.55m yaw=0.57deg | roll=- pitch=- throttle=1520
2026-04-16 17:15:50,408 | Climb to mission altitude | lat=50.448687 lon=30.459201 alt=283.24m yaw=0.58deg | roll=- pitch=- throttle=1520
2026-04-16 17:15:50,759 | Climb to mission altitude | lat=50.448667 lon=30.459184 alt=284.71m yaw=0.57deg | roll=- pitch=- throttle=1520
2026-04-16 17:15:51,111 | Climb to mission altitude | lat=50.448657 lon=30.459175 alt=285.46m yaw=0.58deg | roll=- pitch=- throttle=1520
2026-04-16 17:15:51,461 | Climb to mission altitude | lat=50.448638 lon=30.459158 alt=287.02m yaw=0.57deg | roll=- pitch=- throttle=1520
2026-04-16 17:15:51,813 | Climb to mission altitude | lat=50.448628 lon=30.459149 alt=287.79m yaw=0.57deg | roll=- pitch=- throttle=1520
2026-04-16 17:15:52,165 | Climb to mission altitude reached pre-target zone at 288.52 m
2026-04-16 17:15:53,166 | Mission altitude stabilize at 300.00 m
2026-04-16 17:15:53,166 | Mission altitude stabilize | lat=50.448579 lon=30.459106 alt=291.08m yaw=0.56deg | dist=976.3m | roll=- pitch=- throttle=1504 | alt_err=8.92 vz_down=-2.23 stable=0/6
2026-04-16 17:15:53,518 | Mission altitude stabilize | lat=50.448560 lon=30.459089 alt=292.20m yaw=0.55deg | dist=974.0m | roll=- pitch=- throttle=1504 | alt_err=7.80 vz_down=-2.11 stable=0/6
2026-04-16 17:15:53,869 | Mission altitude stabilize | lat=50.448550 lon=30.459080 alt=292.75m yaw=0.56deg | dist=972.8m | roll=- pitch=- throttle=1504 | alt_err=7.25 vz_down=-2.18 stable=0/6
2026-04-16 17:15:54,219 | Mission altitude stabilize | lat=50.448530 lon=30.459063 alt=293.83m yaw=0.57deg | dist=970.6m | roll=- pitch=- throttle=1498 | alt_err=6.17 vz_down=-2.18 stable=0/6
2026-04-16 17:15:54,570 | Mission altitude stabilize | lat=50.448521 lon=30.459054 alt=294.34m yaw=0.57deg | dist=969.4m | roll=- pitch=- throttle=1498 | alt_err=5.66 vz_down=-2.04 stable=0/6
2026-04-16 17:15:54,921 | Mission altitude stabilize | lat=50.448511 lon=30.459046 alt=294.88m yaw=0.57deg | dist=968.3m | roll=- pitch=- throttle=1498 | alt_err=5.12 vz_down=-2.23 stable=0/6
2026-04-16 17:15:55,272 | Mission altitude stabilize | lat=50.448492 lon=30.459028 alt=295.98m yaw=0.57deg | dist=966.0m | roll=- pitch=- throttle=1498 | alt_err=4.02 vz_down=-2.25 stable=0/6
2026-04-16 17:15:55,623 | Mission altitude stabilize | lat=50.448482 lon=30.459020 alt=296.55m yaw=0.57deg | dist=964.9m | roll=- pitch=- throttle=1498 | alt_err=3.45 vz_down=-2.23 stable=0/6
2026-04-16 17:15:55,974 | Mission altitude stabilize | lat=50.448463 lon=30.459003 alt=297.61m yaw=0.57deg | dist=962.6m | roll=- pitch=- throttle=1492 | alt_err=2.39 vz_down=-2.12 stable=0/6
2026-04-16 17:15:56,325 | Mission altitude stabilize | lat=50.448453 lon=30.458994 alt=298.17m yaw=0.57deg | dist=961.5m | roll=- pitch=- throttle=1492 | alt_err=1.83 vz_down=-2.28 stable=0/6
2026-04-16 17:15:56,676 | Mission altitude stabilize | lat=50.448443 lon=30.458985 alt=298.71m yaw=0.57deg | dist=960.3m | roll=- pitch=- throttle=1492 | alt_err=1.29 vz_down=-2.15 stable=0/6
2026-04-16 17:15:57,027 | Mission altitude stabilize | lat=50.448424 lon=30.458967 alt=299.70m yaw=0.56deg | dist=958.1m | roll=- pitch=- throttle=1476 | alt_err=0.30 vz_down=-1.90 stable=0/6
2026-04-16 17:15:57,377 | Mission altitude stabilize | lat=50.448414 lon=30.458959 alt=300.16m yaw=0.56deg | dist=956.9m | roll=- pitch=- throttle=1476 | alt_err=-0.16 vz_down=-1.75 stable=0/6
2026-04-16 17:15:57,728 | Mission altitude stabilize | lat=50.448395 lon=30.458941 alt=300.97m yaw=0.57deg | dist=954.6m | roll=- pitch=- throttle=1476 | alt_err=-0.97 vz_down=-1.56 stable=0/6
2026-04-16 17:15:58,080 | Mission altitude stabilize | lat=50.448385 lon=30.458932 alt=301.35m yaw=0.57deg | dist=953.5m | roll=- pitch=- throttle=1478 | alt_err=-1.35 vz_down=-1.46 stable=0/6
2026-04-16 17:15:58,431 | Mission altitude stabilize | lat=50.448375 lon=30.458924 alt=301.70m yaw=0.58deg | dist=952.4m | roll=- pitch=- throttle=1478 | alt_err=-1.70 vz_down=-1.35 stable=0/6
2026-04-16 17:15:58,782 | Mission altitude stabilize | lat=50.448356 lon=30.458906 alt=302.42m yaw=0.57deg | dist=950.1m | roll=- pitch=- throttle=1478 | alt_err=-2.42 vz_down=-1.42 stable=0/6
2026-04-16 17:15:59,133 | Mission altitude stabilize | lat=50.448346 lon=30.458897 alt=302.75m yaw=0.57deg | dist=948.9m | roll=- pitch=- throttle=1478 | alt_err=-2.75 vz_down=-1.31 stable=0/6
2026-04-16 17:15:59,484 | Mission altitude stabilize | lat=50.448327 lon=30.458880 alt=303.35m yaw=0.57deg | dist=946.7m | roll=- pitch=- throttle=1468 | alt_err=-3.35 vz_down=-1.12 stable=0/6
2026-04-16 17:15:59,835 | Mission altitude stabilize | lat=50.448317 lon=30.458871 alt=303.63m yaw=0.57deg | dist=945.5m | roll=- pitch=- throttle=1468 | alt_err=-3.63 vz_down=-1.14 stable=0/6
2026-04-16 17:16:00,186 | Mission altitude stabilize | lat=50.448307 lon=30.458863 alt=303.90m yaw=0.57deg | dist=944.4m | roll=- pitch=- throttle=1468 | alt_err=-3.90 vz_down=-1.01 stable=0/6
2026-04-16 17:16:00,537 | Mission altitude stabilize | lat=50.448288 lon=30.458845 alt=304.33m yaw=0.57deg | dist=942.1m | roll=- pitch=- throttle=1468 | alt_err=-4.33 vz_down=-0.55 stable=0/6
2026-04-16 17:16:00,888 | Mission altitude stabilize | lat=50.448278 lon=30.458837 alt=304.44m yaw=0.57deg | dist=941.0m | roll=- pitch=- throttle=1468 | alt_err=-4.44 vz_down=-0.28 stable=0/6
2026-04-16 17:16:01,238 | Mission altitude stabilize | lat=50.448259 lon=30.458819 alt=304.58m yaw=0.57deg | dist=938.7m | roll=- pitch=- throttle=1468 | alt_err=-4.58 vz_down=-0.28 stable=0/6
2026-04-16 17:16:01,589 | Mission altitude stabilize | lat=50.448249 lon=30.458810 alt=304.64m yaw=0.57deg | dist=937.6m | roll=- pitch=- throttle=1468 | alt_err=-4.64 vz_down=-0.26 stable=0/6
2026-04-16 17:16:01,940 | Mission altitude stabilize | lat=50.448239 lon=30.458802 alt=304.70m yaw=0.58deg | dist=936.5m | roll=- pitch=- throttle=1468 | alt_err=-4.70 vz_down=-0.16 stable=0/6
2026-04-16 17:16:02,291 | Mission altitude stabilize | lat=50.448219 lon=30.458784 alt=304.74m yaw=0.58deg | dist=934.2m | roll=- pitch=- throttle=1468 | alt_err=-4.74 vz_down=0.00 stable=0/6
2026-04-16 17:16:02,642 | Mission altitude stabilize | lat=50.448210 lon=30.458776 alt=304.71m yaw=0.58deg | dist=933.0m | roll=- pitch=- throttle=1468 | alt_err=-4.71 vz_down=0.14 stable=0/6
2026-04-16 17:16:02,992 | Mission altitude stabilize | lat=50.448190 lon=30.458758 alt=304.67m yaw=0.58deg | dist=930.8m | roll=- pitch=- throttle=1468 | alt_err=-4.67 vz_down=0.01 stable=0/6
2026-04-16 17:16:03,343 | Mission altitude stabilize | lat=50.448180 lon=30.458749 alt=304.66m yaw=0.57deg | dist=929.6m | roll=- pitch=- throttle=1468 | alt_err=-4.66 vz_down=0.01 stable=0/6
2026-04-16 17:16:03,694 | Mission altitude stabilize | lat=50.448170 lon=30.458741 alt=304.67m yaw=0.57deg | dist=928.5m | roll=- pitch=- throttle=1468 | alt_err=-4.67 vz_down=-0.04 stable=0/6
2026-04-16 17:16:04,046 | Mission altitude stabilize | lat=50.448151 lon=30.458723 alt=304.69m yaw=0.56deg | dist=926.2m | roll=- pitch=- throttle=1468 | alt_err=-4.69 vz_down=0.02 stable=0/6
2026-04-16 17:16:04,397 | Mission altitude stabilize | lat=50.448141 lon=30.458714 alt=304.67m yaw=0.56deg | dist=925.1m | roll=- pitch=- throttle=1468 | alt_err=-4.67 vz_down=0.10 stable=0/6
2026-04-16 17:16:04,747 | Mission altitude stabilize | lat=50.448121 lon=30.458697 alt=304.63m yaw=0.56deg | dist=922.8m | roll=- pitch=- throttle=1468 | alt_err=-4.63 vz_down=-0.05 stable=0/6
2026-04-16 17:16:05,098 | Mission altitude stabilize | lat=50.448112 lon=30.458688 alt=304.64m yaw=0.56deg | dist=921.7m | roll=- pitch=- throttle=1468 | alt_err=-4.64 vz_down=0.00 stable=0/6
2026-04-16 17:16:05,449 | Mission altitude stabilize | lat=50.448102 lon=30.458679 alt=304.64m yaw=0.56deg | dist=920.6m | roll=- pitch=- throttle=1468 | alt_err=-4.64 vz_down=0.08 stable=0/6
2026-04-16 17:16:05,800 | Mission altitude stabilize | lat=50.448082 lon=30.458662 alt=304.59m yaw=0.56deg | dist=918.3m | roll=- pitch=- throttle=1468 | alt_err=-4.59 vz_down=0.26 stable=0/6
2026-04-16 17:16:06,151 | Mission altitude stabilize | lat=50.448073 lon=30.458653 alt=304.51m yaw=0.57deg | dist=917.2m | roll=- pitch=- throttle=1468 | alt_err=-4.51 vz_down=0.29 stable=0/6
2026-04-16 17:16:06,502 | Mission altitude stabilize | lat=50.448053 lon=30.458636 alt=304.35m yaw=0.58deg | dist=914.9m | roll=- pitch=- throttle=1468 | alt_err=-4.35 vz_down=0.31 stable=0/6
2026-04-16 17:16:06,853 | Mission altitude stabilize | lat=50.448043 lon=30.458627 alt=304.29m yaw=0.58deg | dist=913.7m | roll=- pitch=- throttle=1468 | alt_err=-4.29 vz_down=0.19 stable=0/6
2026-04-16 17:16:07,204 | Mission altitude stabilize | lat=50.448034 lon=30.458618 alt=304.24m yaw=0.58deg | dist=912.6m | roll=- pitch=- throttle=1468 | alt_err=-4.24 vz_down=0.22 stable=0/6
2026-04-16 17:16:07,555 | Mission altitude stabilize | lat=50.448014 lon=30.458600 alt=304.12m yaw=0.58deg | dist=910.3m | roll=- pitch=- throttle=1468 | alt_err=-4.12 vz_down=0.19 stable=0/6
2026-04-16 17:16:07,906 | Mission altitude stabilize | lat=50.448004 lon=30.458591 alt=304.10m yaw=0.58deg | dist=909.2m | roll=- pitch=- throttle=1468 | alt_err=-4.10 vz_down=0.00 stable=0/6
2026-04-16 17:16:08,257 | Mission altitude stabilize | lat=50.447985 lon=30.458574 alt=304.10m yaw=0.57deg | dist=906.9m | roll=- pitch=- throttle=1468 | alt_err=-4.10 vz_down=-0.03 stable=0/6
2026-04-16 17:16:08,608 | Mission altitude stabilize | lat=50.447975 lon=30.458565 alt=304.14m yaw=0.57deg | dist=905.8m | roll=- pitch=- throttle=1468 | alt_err=-4.14 vz_down=-0.19 stable=0/6
2026-04-16 17:16:08,959 | Mission altitude stabilize | lat=50.447965 lon=30.458556 alt=304.19m yaw=0.57deg | dist=904.6m | roll=- pitch=- throttle=1468 | alt_err=-4.19 vz_down=-0.20 stable=0/6
2026-04-16 17:16:09,311 | Mission altitude stabilize | lat=50.447946 lon=30.458538 alt=304.26m yaw=0.57deg | dist=902.3m | roll=- pitch=- throttle=1468 | alt_err=-4.26 vz_down=-0.08 stable=0/6
2026-04-16 17:16:09,661 | Mission altitude stabilize | lat=50.447936 lon=30.458529 alt=304.29m yaw=0.57deg | dist=901.2m | roll=- pitch=- throttle=1468 | alt_err=-4.29 vz_down=-0.13 stable=0/6
2026-04-16 17:16:10,012 | Mission altitude stabilize | lat=50.447916 lon=30.458511 alt=304.27m yaw=0.58deg | dist=898.9m | roll=- pitch=- throttle=1468 | alt_err=-4.27 vz_down=0.14 stable=0/6
2026-04-16 17:16:10,363 | Mission altitude stabilize | lat=50.447907 lon=30.458502 alt=304.24m yaw=0.58deg | dist=897.8m | roll=- pitch=- throttle=1468 | alt_err=-4.24 vz_down=0.09 stable=0/6
2026-04-16 17:16:10,714 | Mission altitude stabilize | lat=50.447897 lon=30.458493 alt=304.23m yaw=0.58deg | dist=896.7m | roll=- pitch=- throttle=1468 | alt_err=-4.23 vz_down=0.00 stable=0/6
2026-04-16 17:16:11,065 | Mission altitude stabilize | lat=50.447878 lon=30.458475 alt=304.27m yaw=0.58deg | dist=894.4m | roll=- pitch=- throttle=1468 | alt_err=-4.27 vz_down=-0.08 stable=0/6
2026-04-16 17:16:11,416 | Mission altitude stabilize | lat=50.447868 lon=30.458467 alt=304.27m yaw=0.58deg | dist=893.3m | roll=- pitch=- throttle=1468 | alt_err=-4.27 vz_down=0.02 stable=0/6
2026-04-16 17:16:11,767 | Mission altitude stabilize | lat=50.447849 lon=30.458449 alt=304.25m yaw=0.58deg | dist=891.0m | roll=- pitch=- throttle=1468 | alt_err=-4.25 vz_down=0.02 stable=0/6
2026-04-16 17:16:12,117 | Mission altitude stabilize | lat=50.447839 lon=30.458440 alt=304.26m yaw=0.58deg | dist=889.9m | roll=- pitch=- throttle=1468 | alt_err=-4.26 vz_down=-0.03 stable=0/6
2026-04-16 17:16:12,468 | Mission altitude stabilize | lat=50.447829 lon=30.458431 alt=304.26m yaw=0.59deg | dist=888.8m | roll=- pitch=- throttle=1468 | alt_err=-4.26 vz_down=0.07 stable=0/6
2026-04-16 17:16:12,819 | Mission altitude stabilize | lat=50.447810 lon=30.458413 alt=304.19m yaw=0.59deg | dist=886.5m | roll=- pitch=- throttle=1468 | alt_err=-4.19 vz_down=0.17 stable=0/6
2026-04-16 17:16:13,169 | Mission altitude stabilize | lat=50.447800 lon=30.458405 alt=304.17m yaw=0.59deg | dist=885.4m | roll=- pitch=- throttle=1468 | alt_err=-4.17 vz_down=0.01 stable=0/6
2026-04-16 17:16:13,521 | Mission altitude stabilize | lat=50.447781 lon=30.458387 alt=304.12m yaw=0.58deg | dist=883.1m | roll=- pitch=- throttle=1468 | alt_err=-4.12 vz_down=0.28 stable=0/6
2026-04-16 17:16:13,872 | Mission altitude stabilize | lat=50.447771 lon=30.458378 alt=304.04m yaw=0.57deg | dist=882.0m | roll=- pitch=- throttle=1468 | alt_err=-4.04 vz_down=0.29 stable=0/6
2026-04-16 17:16:14,223 | Mission altitude stabilize | lat=50.447752 lon=30.458361 alt=303.86m yaw=0.56deg | dist=879.8m | roll=- pitch=- throttle=1468 | alt_err=-3.86 vz_down=0.47 stable=0/6
2026-04-16 17:16:14,574 | Mission altitude stabilize | lat=50.447742 lon=30.458352 alt=303.75m yaw=0.55deg | dist=878.6m | roll=- pitch=- throttle=1468 | alt_err=-3.75 vz_down=0.41 stable=0/6
2026-04-16 17:16:14,925 | Mission altitude stabilize | lat=50.447732 lon=30.458343 alt=303.62m yaw=0.55deg | dist=877.5m | roll=- pitch=- throttle=1468 | alt_err=-3.62 vz_down=0.51 stable=0/6
2026-04-16 17:16:15,276 | Mission altitude stabilize | lat=50.447713 lon=30.458326 alt=303.36m yaw=0.57deg | dist=875.3m | roll=- pitch=- throttle=1468 | alt_err=-3.36 vz_down=0.56 stable=0/6
2026-04-16 17:16:15,626 | Mission altitude stabilize | lat=50.447703 lon=30.458317 alt=303.20m yaw=0.57deg | dist=874.2m | roll=- pitch=- throttle=1468 | alt_err=-3.20 vz_down=0.61 stable=0/6
2026-04-16 17:16:15,978 | Mission altitude stabilize | lat=50.447693 lon=30.458308 alt=303.04m yaw=0.57deg | dist=873.0m | roll=- pitch=- throttle=1468 | alt_err=-3.04 vz_down=0.70 stable=0/6
2026-04-16 17:16:16,328 | Mission altitude stabilize | lat=50.447673 lon=30.458291 alt=302.69m yaw=0.56deg | dist=870.8m | roll=- pitch=- throttle=1478 | alt_err=-2.69 vz_down=0.66 stable=0/6
2026-04-16 17:16:16,680 | Mission altitude stabilize | lat=50.447664 lon=30.458282 alt=302.53m yaw=0.56deg | dist=869.7m | roll=- pitch=- throttle=1478 | alt_err=-2.53 vz_down=0.51 stable=0/6
2026-04-16 17:16:17,031 | Mission altitude stabilize | lat=50.447644 lon=30.458264 alt=302.29m yaw=0.56deg | dist=867.4m | roll=- pitch=- throttle=1478 | alt_err=-2.29 vz_down=0.51 stable=0/6
2026-04-16 17:16:17,381 | Mission altitude stabilize | lat=50.447634 lon=30.458255 alt=302.18m yaw=0.56deg | dist=866.3m | roll=- pitch=- throttle=1478 | alt_err=-2.18 vz_down=0.38 stable=0/6
2026-04-16 17:16:17,733 | Mission altitude stabilize | lat=50.447625 lon=30.458247 alt=302.08m yaw=0.56deg | dist=865.2m | roll=- pitch=- throttle=1478 | alt_err=-2.08 vz_down=0.34 stable=0/6
2026-04-16 17:16:18,083 | Mission altitude stabilize | lat=50.447605 lon=30.458229 alt=302.01m yaw=0.55deg | dist=862.9m | roll=- pitch=- throttle=1478 | alt_err=-2.01 vz_down=-0.11 stable=0/6
2026-04-16 17:16:18,434 | Mission altitude stabilize | lat=50.447595 lon=30.458220 alt=302.05m yaw=0.55deg | dist=861.8m | roll=- pitch=- throttle=1478 | alt_err=-2.05 vz_down=-0.19 stable=0/6
2026-04-16 17:16:18,785 | Mission altitude stabilize | lat=50.447575 lon=30.458202 alt=302.12m yaw=0.56deg | dist=859.6m | roll=- pitch=- throttle=1478 | alt_err=-2.12 vz_down=-0.14 stable=0/6
2026-04-16 17:16:19,136 | Mission altitude stabilize | lat=50.447566 lon=30.458194 alt=302.18m yaw=0.57deg | dist=858.4m | roll=- pitch=- throttle=1478 | alt_err=-2.18 vz_down=-0.30 stable=0/6
2026-04-16 17:16:19,488 | Mission altitude stabilize | lat=50.447546 lon=30.458176 alt=302.38m yaw=0.58deg | dist=856.2m | roll=- pitch=- throttle=1478 | alt_err=-2.38 vz_down=-0.45 stable=0/6
2026-04-16 17:16:19,839 | Mission altitude stabilize | lat=50.447536 lon=30.458167 alt=302.50m yaw=0.59deg | dist=855.1m | roll=- pitch=- throttle=1478 | alt_err=-2.50 vz_down=-0.44 stable=0/6
2026-04-16 17:16:20,190 | Mission altitude stabilize | lat=50.447526 lon=30.458158 alt=302.62m yaw=0.59deg | dist=853.9m | roll=- pitch=- throttle=1478 | alt_err=-2.62 vz_down=-0.56 stable=0/6
2026-04-16 17:16:20,541 | Mission altitude stabilize | lat=50.447507 lon=30.458141 alt=302.94m yaw=0.59deg | dist=851.7m | roll=- pitch=- throttle=1478 | alt_err=-2.94 vz_down=-0.60 stable=0/6
2026-04-16 17:16:20,891 | Mission altitude stabilize | lat=50.447497 lon=30.458132 alt=303.08m yaw=0.60deg | dist=850.6m | roll=- pitch=- throttle=1468 | alt_err=-3.08 vz_down=-0.60 stable=0/6
2026-04-16 17:16:21,243 | Mission altitude stabilize | lat=50.447477 lon=30.458115 alt=303.33m yaw=0.58deg | dist=848.4m | roll=- pitch=- throttle=1468 | alt_err=-3.33 vz_down=-0.28 stable=0/6
2026-04-16 17:16:21,593 | Mission altitude stabilize | lat=50.447468 lon=30.458106 alt=303.38m yaw=0.57deg | dist=847.3m | roll=- pitch=- throttle=1468 | alt_err=-3.38 vz_down=-0.09 stable=0/6
2026-04-16 17:16:21,945 | Mission altitude stabilize | lat=50.447458 lon=30.458097 alt=303.39m yaw=0.57deg | dist=846.2m | roll=- pitch=- throttle=1468 | alt_err=-3.39 vz_down=0.13 stable=0/6
2026-04-16 17:16:22,295 | Mission altitude stabilize | lat=50.447438 lon=30.458080 alt=303.31m yaw=0.56deg | dist=843.9m | roll=- pitch=- throttle=1468 | alt_err=-3.31 vz_down=0.19 stable=0/6
2026-04-16 17:16:22,646 | Mission altitude stabilize | lat=50.447428 lon=30.458071 alt=303.25m yaw=0.56deg | dist=842.8m | roll=- pitch=- throttle=1468 | alt_err=-3.25 vz_down=0.31 stable=0/6
2026-04-16 17:16:22,998 | Mission altitude stabilize | lat=50.447409 lon=30.458053 alt=303.08m yaw=0.56deg | dist=840.6m | roll=- pitch=- throttle=1468 | alt_err=-3.08 vz_down=0.33 stable=0/6
2026-04-16 17:16:23,349 | Mission altitude stabilize | lat=50.447399 lon=30.458045 alt=303.00m yaw=0.56deg | dist=839.5m | roll=- pitch=- throttle=1478 | alt_err=-3.00 vz_down=0.32 stable=0/6
2026-04-16 17:16:23,700 | Mission altitude stabilize | lat=50.447389 lon=30.458036 alt=302.91m yaw=0.56deg | dist=838.4m | roll=- pitch=- throttle=1478 | alt_err=-2.91 vz_down=0.35 stable=0/6
2026-04-16 17:16:24,051 | Mission altitude stabilize | lat=50.447369 lon=30.458019 alt=302.72m yaw=0.57deg | dist=836.1m | roll=- pitch=- throttle=1478 | alt_err=-2.72 vz_down=0.33 stable=0/6
2026-04-16 17:16:24,402 | Mission altitude stabilize | lat=50.447359 lon=30.458010 alt=302.66m yaw=0.57deg | dist=835.0m | roll=- pitch=- throttle=1478 | alt_err=-2.66 vz_down=0.13 stable=0/6
2026-04-16 17:16:24,753 | Mission altitude stabilize | lat=50.447340 lon=30.457992 alt=302.60m yaw=0.57deg | dist=832.8m | roll=- pitch=- throttle=1478 | alt_err=-2.60 vz_down=0.01 stable=0/6
2026-04-16 17:16:25,104 | Mission altitude stabilize | lat=50.447330 lon=30.457984 alt=302.60m yaw=0.57deg | dist=831.7m | roll=- pitch=- throttle=1478 | alt_err=-2.60 vz_down=-0.03 stable=0/6
2026-04-16 17:16:25,455 | Mission altitude stabilize | lat=50.447320 lon=30.457975 alt=302.62m yaw=0.58deg | dist=830.6m | roll=- pitch=- throttle=1478 | alt_err=-2.62 vz_down=-0.09 stable=0/6
2026-04-16 17:16:25,806 | Mission altitude stabilize | lat=50.447301 lon=30.457957 alt=302.75m yaw=0.57deg | dist=828.4m | roll=- pitch=- throttle=1478 | alt_err=-2.75 vz_down=-0.38 stable=0/6
2026-04-16 17:16:26,156 | Mission altitude stabilize | lat=50.447291 lon=30.457949 alt=302.85m yaw=0.57deg | dist=827.3m | roll=- pitch=- throttle=1478 | alt_err=-2.85 vz_down=-0.39 stable=0/6
2026-04-16 17:16:26,507 | Mission altitude stabilize | lat=50.447271 lon=30.457931 alt=303.06m yaw=0.57deg | dist=825.1m | roll=- pitch=- throttle=1468 | alt_err=-3.06 vz_down=-0.47 stable=0/6
2026-04-16 17:16:26,858 | Mission altitude stabilize | lat=50.447262 lon=30.457922 alt=303.16m yaw=0.56deg | dist=823.9m | roll=- pitch=- throttle=1468 | alt_err=-3.16 vz_down=-0.25 stable=0/6
2026-04-16 17:16:27,209 | Mission altitude stabilize | lat=50.447252 lon=30.457913 alt=303.21m yaw=0.56deg | dist=822.8m | roll=- pitch=- throttle=1468 | alt_err=-3.21 vz_down=-0.16 stable=0/6
2026-04-16 17:16:27,560 | Mission altitude stabilize | lat=50.447232 lon=30.457895 alt=303.21m yaw=0.56deg | dist=820.6m | roll=- pitch=- throttle=1468 | alt_err=-3.21 vz_down=0.13 stable=0/6
2026-04-16 17:16:27,911 | Mission altitude stabilize | lat=50.447222 lon=30.457887 alt=303.16m yaw=0.57deg | dist=819.5m | roll=- pitch=- throttle=1468 | alt_err=-3.16 vz_down=0.28 stable=0/6
2026-04-16 17:16:28,262 | Mission altitude stabilize | lat=50.447203 lon=30.457869 alt=303.03m yaw=0.59deg | dist=817.3m | roll=- pitch=- throttle=1468 | alt_err=-3.03 vz_down=0.26 stable=0/6
2026-04-16 17:16:28,613 | Mission altitude stabilize | lat=50.447193 lon=30.457860 alt=302.97m yaw=0.59deg | dist=816.2m | roll=- pitch=- throttle=1478 | alt_err=-2.97 vz_down=0.25 stable=0/6
2026-04-16 17:16:28,964 | Mission altitude stabilize | lat=50.447183 lon=30.457851 alt=302.87m yaw=0.60deg | dist=815.0m | roll=- pitch=- throttle=1478 | alt_err=-2.87 vz_down=0.42 stable=0/6
2026-04-16 17:16:29,315 | Mission altitude stabilize | lat=50.447163 lon=30.457833 alt=302.67m yaw=0.60deg | dist=812.8m | roll=- pitch=- throttle=1478 | alt_err=-2.67 vz_down=0.38 stable=0/6
2026-04-16 17:16:29,666 | Mission altitude stabilize | lat=50.447153 lon=30.457824 alt=302.56m yaw=0.60deg | dist=811.7m | roll=- pitch=- throttle=1478 | alt_err=-2.56 vz_down=0.42 stable=0/6
2026-04-16 17:16:30,017 | Mission altitude stabilize | lat=50.447134 lon=30.457807 alt=302.39m yaw=0.60deg | dist=809.5m | roll=- pitch=- throttle=1478 | alt_err=-2.39 vz_down=0.24 stable=0/6
2026-04-16 17:16:30,369 | Mission altitude stabilize | lat=50.447124 lon=30.457798 alt=302.32m yaw=0.60deg | dist=808.4m | roll=- pitch=- throttle=1478 | alt_err=-2.32 vz_down=0.19 stable=0/6
2026-04-16 17:16:30,719 | Mission altitude stabilize | lat=50.447114 lon=30.457789 alt=302.29m yaw=0.58deg | dist=807.3m | roll=- pitch=- throttle=1478 | alt_err=-2.29 vz_down=0.09 stable=0/6
2026-04-16 17:16:31,070 | Mission altitude stabilize | lat=50.447094 lon=30.457771 alt=302.28m yaw=0.58deg | dist=805.1m | roll=- pitch=- throttle=1478 | alt_err=-2.28 vz_down=-0.01 stable=0/6
2026-04-16 17:16:31,421 | Mission altitude stabilize | lat=50.447085 lon=30.457763 alt=302.29m yaw=0.58deg | dist=804.0m | roll=- pitch=- throttle=1478 | alt_err=-2.29 vz_down=-0.05 stable=0/6
2026-04-16 17:16:31,772 | Mission altitude stabilize | lat=50.447065 lon=30.457745 alt=302.33m yaw=0.58deg | dist=801.8m | roll=- pitch=- throttle=1478 | alt_err=-2.33 vz_down=-0.15 stable=0/6
2026-04-16 17:16:32,123 | Mission altitude stabilize | lat=50.447055 lon=30.457737 alt=302.39m yaw=0.58deg | dist=800.7m | roll=- pitch=- throttle=1478 | alt_err=-2.39 vz_down=-0.29 stable=0/6
2026-04-16 17:16:32,474 | Mission altitude stabilize | lat=50.447046 lon=30.457728 alt=302.46m yaw=0.59deg | dist=799.6m | roll=- pitch=- throttle=1478 | alt_err=-2.46 vz_down=-0.29 stable=0/6
2026-04-16 17:16:32,825 | Mission altitude stabilize | lat=50.447026 lon=30.457710 alt=302.64m yaw=0.59deg | dist=797.4m | roll=- pitch=- throttle=1478 | alt_err=-2.64 vz_down=-0.34 stable=0/6
2026-04-16 17:16:33,176 | Mission altitude stabilize | lat=50.447016 lon=30.457701 alt=302.72m yaw=0.59deg | dist=796.3m | roll=- pitch=- throttle=1478 | alt_err=-2.72 vz_down=-0.36 stable=0/6
2026-04-16 17:16:33,528 | Mission altitude stabilize | lat=50.446997 lon=30.457684 alt=302.91m yaw=0.59deg | dist=794.1m | roll=- pitch=- throttle=1478 | alt_err=-2.91 vz_down=-0.21 stable=0/6
2026-04-16 17:16:33,879 | Mission altitude stabilize | lat=50.446987 lon=30.457675 alt=302.95m yaw=0.58deg | dist=793.0m | roll=- pitch=- throttle=1478 | alt_err=-2.95 vz_down=-0.13 stable=0/6
2026-04-16 17:16:34,231 | Mission altitude stabilize | lat=50.446977 lon=30.457666 alt=302.99m yaw=0.58deg | dist=791.9m | roll=- pitch=- throttle=1478 | alt_err=-2.99 vz_down=-0.15 stable=0/6
2026-04-16 17:16:34,582 | Mission altitude stabilize | lat=50.446957 lon=30.457649 alt=303.10m yaw=0.58deg | dist=789.7m | roll=- pitch=- throttle=1468 | alt_err=-3.10 vz_down=-0.28 stable=0/6
2026-04-16 17:16:34,933 | Mission altitude stabilize | lat=50.446948 lon=30.457640 alt=303.19m yaw=0.57deg | dist=788.6m | roll=- pitch=- throttle=1468 | alt_err=-3.19 vz_down=-0.34 stable=0/6
2026-04-16 17:16:35,284 | Mission altitude stabilize | lat=50.446928 lon=30.457622 alt=303.38m yaw=0.57deg | dist=786.5m | roll=- pitch=- throttle=1468 | alt_err=-3.38 vz_down=-0.42 stable=0/6
2026-04-16 17:16:35,635 | Mission altitude stabilize | lat=50.446918 lon=30.457613 alt=303.46m yaw=0.56deg | dist=785.4m | roll=- pitch=- throttle=1468 | alt_err=-3.46 vz_down=-0.23 stable=0/6
2026-04-16 17:16:35,986 | Mission altitude stabilize | lat=50.446908 lon=30.457604 alt=303.53m yaw=0.56deg | dist=784.3m | roll=- pitch=- throttle=1468 | alt_err=-3.53 vz_down=-0.31 stable=0/6
2026-04-16 17:16:36,337 | Mission altitude stabilize | lat=50.446889 lon=30.457586 alt=303.62m yaw=0.55deg | dist=782.1m | roll=- pitch=- throttle=1468 | alt_err=-3.62 vz_down=0.05 stable=0/6
2026-04-16 17:16:36,690 | Mission altitude stabilize | lat=50.446879 lon=30.457577 alt=303.59m yaw=0.55deg | dist=781.0m | roll=- pitch=- throttle=1468 | alt_err=-3.59 vz_down=0.15 stable=0/6
2026-04-16 17:16:37,042 | Mission altitude stabilize | lat=50.446860 lon=30.457560 alt=303.49m yaw=0.57deg | dist=778.8m | roll=- pitch=- throttle=1468 | alt_err=-3.49 vz_down=0.15 stable=0/6
2026-04-16 17:16:37,393 | Mission altitude stabilize | lat=50.446850 lon=30.457551 alt=303.45m yaw=0.58deg | dist=777.7m | roll=- pitch=- throttle=1468 | alt_err=-3.45 vz_down=0.18 stable=0/6
2026-04-16 17:16:37,744 | Mission altitude stabilize | lat=50.446830 lon=30.457533 alt=303.32m yaw=0.58deg | dist=775.5m | roll=- pitch=- throttle=1468 | alt_err=-3.32 vz_down=0.29 stable=0/6
2026-04-16 17:16:38,095 | Mission altitude stabilize | lat=50.446821 lon=30.457525 alt=303.26m yaw=0.58deg | dist=774.5m | roll=- pitch=- throttle=1468 | alt_err=-3.26 vz_down=0.14 stable=0/6
2026-04-16 17:16:38,446 | Mission altitude stabilize | lat=50.446811 lon=30.457516 alt=303.24m yaw=0.59deg | dist=773.4m | roll=- pitch=- throttle=1468 | alt_err=-3.24 vz_down=0.07 stable=0/6
2026-04-16 17:16:38,797 | Mission altitude stabilize | lat=50.446792 lon=30.457498 alt=303.13m yaw=0.59deg | dist=771.2m | roll=- pitch=- throttle=1468 | alt_err=-3.13 vz_down=0.24 stable=0/6
2026-04-16 17:16:39,148 | Mission altitude stabilize | lat=50.446782 lon=30.457489 alt=303.08m yaw=0.58deg | dist=770.1m | roll=- pitch=- throttle=1468 | alt_err=-3.08 vz_down=0.18 stable=0/6
2026-04-16 17:16:39,499 | Mission altitude stabilize | lat=50.446762 lon=30.457471 alt=302.96m yaw=0.56deg | dist=767.9m | roll=- pitch=- throttle=1478 | alt_err=-2.96 vz_down=0.35 stable=0/6
2026-04-16 17:16:39,849 | Mission altitude stabilize | lat=50.446753 lon=30.457462 alt=302.88m yaw=0.55deg | dist=766.8m | roll=- pitch=- throttle=1478 | alt_err=-2.88 vz_down=0.28 stable=0/6
2026-04-16 17:16:40,200 | Mission altitude stabilize | lat=50.446743 lon=30.457453 alt=302.82m yaw=0.55deg | dist=765.7m | roll=- pitch=- throttle=1478 | alt_err=-2.82 vz_down=0.14 stable=0/6
2026-04-16 17:16:40,551 | Mission altitude stabilize | lat=50.446723 lon=30.457436 alt=302.68m yaw=0.55deg | dist=763.6m | roll=- pitch=- throttle=1478 | alt_err=-2.68 vz_down=0.38 stable=0/6
2026-04-16 17:16:40,902 | Mission altitude stabilize | lat=50.446713 lon=30.457427 alt=302.59m yaw=0.55deg | dist=762.5m | roll=- pitch=- throttle=1478 | alt_err=-2.59 vz_down=0.33 stable=0/6
2026-04-16 17:16:41,253 | Mission altitude stabilize | lat=50.446694 lon=30.457410 alt=302.42m yaw=0.56deg | dist=760.4m | roll=- pitch=- throttle=1478 | alt_err=-2.42 vz_down=0.22 stable=0/6
2026-04-16 17:16:41,604 | Mission altitude stabilize | lat=50.446684 lon=30.457401 alt=302.37m yaw=0.56deg | dist=759.3m | roll=- pitch=- throttle=1478 | alt_err=-2.37 vz_down=0.09 stable=0/6
2026-04-16 17:16:41,955 | Mission altitude stabilize | lat=50.446674 lon=30.457392 alt=302.37m yaw=0.56deg | dist=758.2m | roll=- pitch=- throttle=1478 | alt_err=-2.37 vz_down=-0.04 stable=0/6
2026-04-16 17:16:42,306 | Mission altitude stabilize | lat=50.446655 lon=30.457375 alt=302.42m yaw=0.56deg | dist=756.1m | roll=- pitch=- throttle=1478 | alt_err=-2.42 vz_down=-0.13 stable=0/6
2026-04-16 17:16:42,657 | Mission altitude stabilize | lat=50.446645 lon=30.457366 alt=302.46m yaw=0.56deg | dist=755.0m | roll=- pitch=- throttle=1478 | alt_err=-2.46 vz_down=-0.22 stable=0/6
2026-04-16 17:16:43,008 | Mission altitude stabilize | lat=50.446626 lon=30.457349 alt=302.56m yaw=0.56deg | dist=752.9m | roll=- pitch=- throttle=1478 | alt_err=-2.56 vz_down=-0.21 stable=0/6
2026-04-16 17:16:43,359 | Mission altitude stabilize | lat=50.446616 lon=30.457340 alt=302.60m yaw=0.56deg | dist=751.8m | roll=- pitch=- throttle=1478 | alt_err=-2.60 vz_down=-0.18 stable=0/6
2026-04-16 17:16:43,710 | Mission altitude stabilize | lat=50.446606 lon=30.457331 alt=302.65m yaw=0.56deg | dist=750.7m | roll=- pitch=- throttle=1478 | alt_err=-2.65 vz_down=-0.26 stable=0/6
2026-04-16 17:16:44,062 | Mission altitude stabilize | lat=50.446587 lon=30.457313 alt=302.81m yaw=0.55deg | dist=748.6m | roll=- pitch=- throttle=1478 | alt_err=-2.81 vz_down=-0.31 stable=0/6
2026-04-16 17:16:44,413 | Mission altitude stabilize | lat=50.446577 lon=30.457305 alt=302.91m yaw=0.56deg | dist=747.5m | roll=- pitch=- throttle=1478 | alt_err=-2.91 vz_down=-0.44 stable=0/6
2026-04-16 17:16:44,764 | Mission altitude stabilize | lat=50.446557 lon=30.457287 alt=303.17m yaw=0.57deg | dist=745.4m | roll=- pitch=- throttle=1468 | alt_err=-3.17 vz_down=-0.55 stable=0/6
2026-04-16 17:16:45,114 | Mission altitude stabilize | lat=50.446547 lon=30.457278 alt=303.30m yaw=0.57deg | dist=744.3m | roll=- pitch=- throttle=1468 | alt_err=-3.30 vz_down=-0.44 stable=0/6
2026-04-16 17:16:45,466 | Mission altitude stabilize | lat=50.446538 lon=30.457270 alt=303.41m yaw=0.58deg | dist=743.2m | roll=- pitch=- throttle=1468 | alt_err=-3.41 vz_down=-0.42 stable=0/6
2026-04-16 17:16:45,817 | Mission altitude stabilize | lat=50.446518 lon=30.457252 alt=303.63m yaw=0.57deg | dist=741.1m | roll=- pitch=- throttle=1468 | alt_err=-3.63 vz_down=-0.41 stable=0/6
2026-04-16 17:16:46,168 | Mission altitude stabilize | lat=50.446508 lon=30.457244 alt=303.73m yaw=0.58deg | dist=740.0m | roll=- pitch=- throttle=1468 | alt_err=-3.73 vz_down=-0.39 stable=0/6
2026-04-16 17:16:46,518 | Mission altitude stabilize | lat=50.446489 lon=30.457226 alt=303.91m yaw=0.58deg | dist=737.9m | roll=- pitch=- throttle=1468 | alt_err=-3.91 vz_down=-0.30 stable=0/6
2026-04-16 17:16:46,869 | Mission altitude stabilize | lat=50.446479 lon=30.457218 alt=303.96m yaw=0.58deg | dist=736.9m | roll=- pitch=- throttle=1468 | alt_err=-3.96 vz_down=-0.10 stable=0/6
2026-04-16 17:16:47,220 | Mission altitude stabilize | lat=50.446469 lon=30.457209 alt=303.99m yaw=0.58deg | dist=735.8m | roll=- pitch=- throttle=1468 | alt_err=-3.99 vz_down=-0.09 stable=0/6
2026-04-16 17:16:47,571 | Mission altitude stabilize | lat=50.446450 lon=30.457192 alt=304.07m yaw=0.58deg | dist=733.7m | roll=- pitch=- throttle=1468 | alt_err=-4.07 vz_down=-0.13 stable=0/6
2026-04-16 17:16:47,922 | Mission altitude stabilize | lat=50.446440 lon=30.457183 alt=304.12m yaw=0.57deg | dist=732.6m | roll=- pitch=- throttle=1468 | alt_err=-4.12 vz_down=-0.31 stable=0/6
2026-04-16 17:16:48,273 | Mission altitude stabilize | lat=50.446420 lon=30.457165 alt=304.25m yaw=0.57deg | dist=730.5m | roll=- pitch=- throttle=1468 | alt_err=-4.25 vz_down=-0.27 stable=0/6
2026-04-16 17:16:48,625 | Mission altitude stabilize | lat=50.446411 lon=30.457157 alt=304.32m yaw=0.57deg | dist=729.5m | roll=- pitch=- throttle=1468 | alt_err=-4.32 vz_down=-0.30 stable=0/6
2026-04-16 17:16:48,976 | Mission altitude stabilize | lat=50.446401 lon=30.457148 alt=304.38m yaw=0.57deg | dist=728.4m | roll=- pitch=- throttle=1468 | alt_err=-4.38 vz_down=-0.18 stable=0/6
2026-04-16 17:16:49,328 | Mission altitude stabilize | lat=50.446381 lon=30.457131 alt=304.43m yaw=0.57deg | dist=726.3m | roll=- pitch=- throttle=1468 | alt_err=-4.43 vz_down=-0.08 stable=0/6
2026-04-16 17:16:49,679 | Mission altitude stabilize | lat=50.446371 lon=30.457122 alt=304.45m yaw=0.56deg | dist=725.2m | roll=- pitch=- throttle=1468 | alt_err=-4.45 vz_down=-0.04 stable=0/6
2026-04-16 17:16:50,029 | Mission altitude stabilize | lat=50.446352 lon=30.457104 alt=304.41m yaw=0.56deg | dist=723.1m | roll=- pitch=- throttle=1468 | alt_err=-4.41 vz_down=0.19 stable=0/6
2026-04-16 17:16:50,381 | Mission altitude stabilize | lat=50.446342 lon=30.457095 alt=304.35m yaw=0.55deg | dist=722.0m | roll=- pitch=- throttle=1468 | alt_err=-4.35 vz_down=0.20 stable=0/6
2026-04-16 17:16:50,732 | Mission altitude stabilize | lat=50.446323 lon=30.457078 alt=304.23m yaw=0.55deg | dist=719.9m | roll=- pitch=- throttle=1468 | alt_err=-4.23 vz_down=0.15 stable=0/6
2026-04-16 17:16:51,083 | Mission altitude stabilize | lat=50.446313 lon=30.457069 alt=304.21m yaw=0.56deg | dist=718.9m | roll=- pitch=- throttle=1468 | alt_err=-4.21 vz_down=-0.15 stable=0/6
2026-04-16 17:16:51,434 | Mission altitude stabilize | lat=50.446303 lon=30.457060 alt=304.25m yaw=0.57deg | dist=717.8m | roll=- pitch=- throttle=1468 | alt_err=-4.25 vz_down=-0.18 stable=0/6
2026-04-16 17:16:51,785 | Mission altitude stabilize | lat=50.446284 lon=30.457043 alt=304.32m yaw=0.58deg | dist=715.7m | roll=- pitch=- throttle=1468 | alt_err=-4.32 vz_down=-0.14 stable=0/6
2026-04-16 17:16:52,136 | Mission altitude stabilize | lat=50.446274 lon=30.457034 alt=304.38m yaw=0.58deg | dist=714.7m | roll=- pitch=- throttle=1468 | alt_err=-4.38 vz_down=-0.37 stable=0/6
2026-04-16 17:16:52,486 | Mission altitude stabilize | lat=50.446255 lon=30.457017 alt=304.51m yaw=0.59deg | dist=712.6m | roll=- pitch=- throttle=1468 | alt_err=-4.51 vz_down=-0.19 stable=0/6
2026-04-16 17:16:52,837 | Mission altitude stabilize | lat=50.446245 lon=30.457008 alt=304.56m yaw=0.58deg | dist=711.6m | roll=- pitch=- throttle=1468 | alt_err=-4.56 vz_down=-0.20 stable=0/6
2026-04-16 17:16:53,189 | Mission altitude stabilize | lat=50.446235 lon=30.456999 alt=304.59m yaw=0.57deg | dist=710.5m | roll=- pitch=- throttle=1468 | alt_err=-4.59 vz_down=-0.06 stable=0/6
2026-04-16 17:16:53,539 | Mission altitude stabilize | lat=50.446216 lon=30.456982 alt=304.63m yaw=0.57deg | dist=708.4m | roll=- pitch=- throttle=1468 | alt_err=-4.63 vz_down=-0.10 stable=0/6
2026-04-16 17:16:53,890 | Mission altitude stabilize | lat=50.446206 lon=30.456973 alt=304.65m yaw=0.58deg | dist=707.4m | roll=- pitch=- throttle=1468 | alt_err=-4.65 vz_down=-0.10 stable=0/6
2026-04-16 17:16:54,241 | Mission altitude stabilize | lat=50.446186 lon=30.456956 alt=304.62m yaw=0.58deg | dist=705.3m | roll=- pitch=- throttle=1468 | alt_err=-4.62 vz_down=0.10 stable=0/6
2026-04-16 17:16:54,592 | Mission altitude stabilize | lat=50.446176 lon=30.456947 alt=304.61m yaw=0.58deg | dist=704.3m | roll=- pitch=- throttle=1468 | alt_err=-4.61 vz_down=-0.04 stable=0/6
2026-04-16 17:16:54,943 | Mission altitude stabilize | lat=50.446167 lon=30.456939 alt=304.63m yaw=0.58deg | dist=703.2m | roll=- pitch=- throttle=1468 | alt_err=-4.63 vz_down=-0.05 stable=0/6
2026-04-16 17:16:55,294 | Mission altitude stabilize | lat=50.446147 lon=30.456921 alt=304.67m yaw=0.58deg | dist=701.2m | roll=- pitch=- throttle=1468 | alt_err=-4.67 vz_down=0.01 stable=0/6
2026-04-16 17:16:55,646 | Mission altitude stabilize | lat=50.446138 lon=30.456913 alt=304.68m yaw=0.58deg | dist=700.1m | roll=- pitch=- throttle=1468 | alt_err=-4.68 vz_down=-0.15 stable=0/6
2026-04-16 17:16:55,997 | Mission altitude stabilize | lat=50.446118 lon=30.456896 alt=304.75m yaw=0.58deg | dist=698.1m | roll=- pitch=- throttle=1468 | alt_err=-4.75 vz_down=-0.07 stable=0/6
2026-04-16 17:16:56,348 | Mission altitude stabilize | lat=50.446108 lon=30.456887 alt=304.76m yaw=0.58deg | dist=697.0m | roll=- pitch=- throttle=1468 | alt_err=-4.76 vz_down=-0.05 stable=0/6
2026-04-16 17:16:56,699 | Mission altitude stabilize | lat=50.446099 lon=30.456878 alt=304.77m yaw=0.58deg | dist=696.0m | roll=- pitch=- throttle=1468 | alt_err=-4.77 vz_down=-0.01 stable=0/6
2026-04-16 17:16:57,050 | Mission altitude stabilize | lat=50.446079 lon=30.456861 alt=304.77m yaw=0.57deg | dist=693.9m | roll=- pitch=- throttle=1468 | alt_err=-4.77 vz_down=0.09 stable=0/6
2026-04-16 17:16:57,401 | Mission altitude stabilize | lat=50.446069 lon=30.456852 alt=304.75m yaw=0.56deg | dist=692.9m | roll=- pitch=- throttle=1468 | alt_err=-4.75 vz_down=0.01 stable=0/6
2026-04-16 17:16:57,751 | Mission altitude stabilize | lat=50.446050 lon=30.456835 alt=304.81m yaw=0.56deg | dist=690.9m | roll=- pitch=- throttle=1468 | alt_err=-4.81 vz_down=-0.22 stable=0/6
2026-04-16 17:16:58,103 | Mission altitude stabilize | lat=50.446040 lon=30.456826 alt=304.87m yaw=0.55deg | dist=689.8m | roll=- pitch=- throttle=1468 | alt_err=-4.87 vz_down=-0.29 stable=0/6
2026-04-16 17:16:58,454 | Mission altitude stabilize | lat=50.446031 lon=30.456817 alt=304.92m yaw=0.55deg | dist=688.8m | roll=- pitch=- throttle=1468 | alt_err=-4.92 vz_down=-0.16 stable=0/6
2026-04-16 17:16:58,805 | Mission altitude stabilize | lat=50.446011 lon=30.456800 alt=305.00m yaw=0.56deg | dist=686.8m | roll=- pitch=- throttle=1468 | alt_err=-5.00 vz_down=-0.17 stable=0/6
2026-04-16 17:16:59,156 | Mission altitude stabilize | lat=50.446001 lon=30.456791 alt=305.05m yaw=0.56deg | dist=685.7m | roll=- pitch=- throttle=1468 | alt_err=-5.05 vz_down=-0.22 stable=0/6
2026-04-16 17:16:59,507 | Mission altitude stabilize | lat=50.445982 lon=30.456774 alt=305.15m yaw=0.56deg | dist=683.7m | roll=- pitch=- throttle=1468 | alt_err=-5.15 vz_down=-0.06 stable=0/6
2026-04-16 17:16:59,858 | Mission altitude stabilize | lat=50.445972 lon=30.456765 alt=305.17m yaw=0.56deg | dist=682.7m | roll=- pitch=- throttle=1468 | alt_err=-5.17 vz_down=-0.09 stable=0/6
2026-04-16 17:17:00,209 | Mission altitude stabilize | lat=50.445962 lon=30.456757 alt=305.20m yaw=0.55deg | dist=681.6m | roll=- pitch=- throttle=1468 | alt_err=-5.20 vz_down=-0.25 stable=0/6
2026-04-16 17:17:00,560 | Mission altitude stabilize | lat=50.445943 lon=30.456739 alt=305.35m yaw=0.55deg | dist=679.6m | roll=- pitch=- throttle=1468 | alt_err=-5.35 vz_down=-0.20 stable=0/6
2026-04-16 17:17:00,911 | Mission altitude stabilize | lat=50.445933 lon=30.456730 alt=305.40m yaw=0.55deg | dist=678.6m | roll=- pitch=- throttle=1468 | alt_err=-5.40 vz_down=-0.20 stable=0/6
2026-04-16 17:17:01,262 | Mission altitude stabilize | lat=50.445914 lon=30.456713 alt=305.47m yaw=0.57deg | dist=676.5m | roll=- pitch=- throttle=1468 | alt_err=-5.47 vz_down=0.07 stable=0/6
2026-04-16 17:17:01,613 | Mission altitude stabilize | lat=50.445904 lon=30.456704 alt=305.44m yaw=0.58deg | dist=675.5m | roll=- pitch=- throttle=1468 | alt_err=-5.44 vz_down=0.09 stable=0/6
2026-04-16 17:17:01,964 | Mission altitude stabilize | lat=50.445894 lon=30.456695 alt=305.42m yaw=0.58deg | dist=674.5m | roll=- pitch=- throttle=1468 | alt_err=-5.42 vz_down=0.10 stable=0/6
2026-04-16 17:17:02,315 | Mission altitude stabilize | lat=50.445875 lon=30.456678 alt=305.38m yaw=0.59deg | dist=672.4m | roll=- pitch=- throttle=1468 | alt_err=-5.38 vz_down=0.01 stable=0/6
2026-04-16 17:17:02,666 | Mission altitude stabilize | lat=50.445865 lon=30.456669 alt=305.39m yaw=0.59deg | dist=671.4m | roll=- pitch=- throttle=1468 | alt_err=-5.39 vz_down=0.03 stable=0/6
2026-04-16 17:17:03,017 | Mission altitude stabilize | lat=50.445846 lon=30.456651 alt=305.29m yaw=0.59deg | dist=669.4m | roll=- pitch=- throttle=1468 | alt_err=-5.29 vz_down=0.27 stable=0/6
2026-04-16 17:17:03,368 | Mission altitude stabilize | lat=50.445836 lon=30.456643 alt=305.24m yaw=0.59deg | dist=668.3m | roll=- pitch=- throttle=1468 | alt_err=-5.24 vz_down=0.11 stable=0/6
2026-04-16 17:17:03,719 | Mission altitude stabilize | lat=50.445826 lon=30.456634 alt=305.20m yaw=0.59deg | dist=667.3m | roll=- pitch=- throttle=1468 | alt_err=-5.20 vz_down=0.22 stable=0/6
2026-04-16 17:17:04,071 | Mission altitude stabilize | lat=50.445807 lon=30.456616 alt=305.05m yaw=0.59deg | dist=665.3m | roll=- pitch=- throttle=1468 | alt_err=-5.05 vz_down=0.19 stable=0/6
2026-04-16 17:17:04,422 | Mission altitude stabilize | lat=50.445797 lon=30.456607 alt=304.99m yaw=0.59deg | dist=664.3m | roll=- pitch=- throttle=1468 | alt_err=-4.99 vz_down=0.29 stable=0/6
2026-04-16 17:17:04,773 | Mission altitude stabilize | lat=50.445777 lon=30.456590 alt=304.82m yaw=0.59deg | dist=662.2m | roll=- pitch=- throttle=1468 | alt_err=-4.82 vz_down=0.37 stable=0/6
2026-04-16 17:17:05,124 | Mission altitude stabilize | lat=50.445768 lon=30.456581 alt=304.74m yaw=0.57deg | dist=661.2m | roll=- pitch=- throttle=1468 | alt_err=-4.74 vz_down=0.30 stable=0/6
2026-04-16 17:17:05,475 | Mission altitude stabilize | lat=50.445758 lon=30.456572 alt=304.66m yaw=0.56deg | dist=660.2m | roll=- pitch=- throttle=1468 | alt_err=-4.66 vz_down=0.22 stable=0/6
2026-04-16 17:17:05,826 | Mission altitude stabilize | lat=50.445738 lon=30.456554 alt=304.54m yaw=0.56deg | dist=658.2m | roll=- pitch=- throttle=1468 | alt_err=-4.54 vz_down=0.26 stable=0/6
2026-04-16 17:17:06,177 | Mission altitude stabilize | lat=50.445729 lon=30.456546 alt=304.46m yaw=0.56deg | dist=657.1m | roll=- pitch=- throttle=1468 | alt_err=-4.46 vz_down=0.33 stable=0/6
2026-04-16 17:17:06,528 | Mission altitude stabilize | lat=50.445709 lon=30.456528 alt=304.28m yaw=0.57deg | dist=655.1m | roll=- pitch=- throttle=1468 | alt_err=-4.28 vz_down=0.36 stable=0/6
2026-04-16 17:17:06,880 | Mission altitude stabilize | lat=50.445699 lon=30.456519 alt=304.19m yaw=0.57deg | dist=654.1m | roll=- pitch=- throttle=1468 | alt_err=-4.19 vz_down=0.38 stable=0/6
2026-04-16 17:17:07,230 | Mission altitude stabilize | lat=50.445690 lon=30.456510 alt=304.10m yaw=0.57deg | dist=653.1m | roll=- pitch=- throttle=1468 | alt_err=-4.10 vz_down=0.31 stable=0/6
2026-04-16 17:17:07,581 | Mission altitude stabilize | lat=50.445670 lon=30.456493 alt=304.00m yaw=0.57deg | dist=651.1m | roll=- pitch=- throttle=1468 | alt_err=-4.00 vz_down=0.12 stable=0/6
2026-04-16 17:17:07,932 | Mission altitude stabilize | lat=50.445660 lon=30.456484 alt=303.98m yaw=0.57deg | dist=650.1m | roll=- pitch=- throttle=1468 | alt_err=-3.98 vz_down=0.09 stable=0/6
2026-04-16 17:17:08,283 | Mission altitude stabilize | lat=50.445641 lon=30.456466 alt=303.93m yaw=0.58deg | dist=648.1m | roll=- pitch=- throttle=1468 | alt_err=-3.93 vz_down=0.07 stable=0/6
2026-04-16 17:17:08,634 | Mission altitude stabilize | lat=50.445631 lon=30.456457 alt=303.91m yaw=0.58deg | dist=647.1m | roll=- pitch=- throttle=1468 | alt_err=-3.91 vz_down=0.12 stable=0/6
2026-04-16 17:17:08,985 | Mission altitude stabilize | lat=50.445621 lon=30.456449 alt=303.89m yaw=0.58deg | dist=646.1m | roll=- pitch=- throttle=1468 | alt_err=-3.89 vz_down=0.06 stable=0/6
2026-04-16 17:17:09,335 | Mission altitude stabilize | lat=50.445602 lon=30.456431 alt=303.82m yaw=0.58deg | dist=644.0m | roll=- pitch=- throttle=1468 | alt_err=-3.82 vz_down=0.09 stable=0/6
2026-04-16 17:17:09,686 | Mission altitude stabilize | lat=50.445592 lon=30.456422 alt=303.80m yaw=0.58deg | dist=643.0m | roll=- pitch=- throttle=1468 | alt_err=-3.80 vz_down=0.06 stable=0/6
2026-04-16 17:17:10,038 | Mission altitude stabilize | lat=50.445572 lon=30.456404 alt=303.70m yaw=0.58deg | dist=641.0m | roll=- pitch=- throttle=1468 | alt_err=-3.70 vz_down=0.26 stable=0/6
2026-04-16 17:17:10,389 | Mission altitude stabilize | lat=50.445562 lon=30.456395 alt=303.62m yaw=0.58deg | dist=640.0m | roll=- pitch=- throttle=1468 | alt_err=-3.62 vz_down=0.44 stable=0/6
2026-04-16 17:17:10,741 | Mission altitude stabilize | lat=50.445543 lon=30.456377 alt=303.40m yaw=0.58deg | dist=638.0m | roll=- pitch=- throttle=1468 | alt_err=-3.40 vz_down=0.41 stable=0/6
2026-04-16 17:17:11,091 | Mission altitude stabilize | lat=50.445533 lon=30.456369 alt=303.31m yaw=0.58deg | dist=637.0m | roll=- pitch=- throttle=1468 | alt_err=-3.31 vz_down=0.46 stable=0/6
2026-04-16 17:17:11,442 | Mission altitude stabilize | lat=50.445523 lon=30.456360 alt=303.18m yaw=0.59deg | dist=636.0m | roll=- pitch=- throttle=1468 | alt_err=-3.18 vz_down=0.57 stable=0/6
2026-04-16 17:17:11,793 | Mission altitude stabilize | lat=50.445504 lon=30.456342 alt=302.87m yaw=0.58deg | dist=634.0m | roll=- pitch=- throttle=1478 | alt_err=-2.87 vz_down=0.59 stable=0/6
2026-04-16 17:17:12,145 | Mission altitude stabilize | lat=50.445494 lon=30.456333 alt=302.71m yaw=0.57deg | dist=633.0m | roll=- pitch=- throttle=1478 | alt_err=-2.71 vz_down=0.61 stable=0/6
2026-04-16 17:17:12,495 | Mission altitude stabilize | lat=50.445484 lon=30.456324 alt=302.57m yaw=0.56deg | dist=632.0m | roll=- pitch=- throttle=1478 | alt_err=-2.57 vz_down=0.51 stable=0/6
2026-04-16 17:17:12,846 | Mission altitude stabilize | lat=50.445465 lon=30.456307 alt=302.29m yaw=0.56deg | dist=630.1m | roll=- pitch=- throttle=1478 | alt_err=-2.29 vz_down=0.60 stable=0/6
2026-04-16 17:17:13,197 | Mission altitude stabilize | lat=50.445455 lon=30.456298 alt=302.11m yaw=0.56deg | dist=629.1m | roll=- pitch=- throttle=1478 | alt_err=-2.11 vz_down=0.68 stable=0/6
2026-04-16 17:17:13,548 | Mission altitude stabilize | lat=50.445436 lon=30.456280 alt=301.85m yaw=0.57deg | dist=627.1m | roll=- pitch=- throttle=1478 | alt_err=-1.85 vz_down=0.42 stable=0/6
2026-04-16 17:17:13,899 | Mission altitude stabilize | lat=50.445427 lon=30.456271 alt=301.74m yaw=0.57deg | dist=626.1m | roll=- pitch=- throttle=1478 | alt_err=-1.74 vz_down=0.41 stable=1/6
2026-04-16 17:17:14,250 | Mission altitude stabilize | lat=50.445407 lon=30.456254 alt=301.58m yaw=0.57deg | dist=624.2m | roll=- pitch=- throttle=1478 | alt_err=-1.58 vz_down=0.29 stable=2/6
2026-04-16 17:17:14,601 | Mission altitude stabilize | lat=50.445397 lon=30.456245 alt=301.51m yaw=0.58deg | dist=623.2m | roll=- pitch=- throttle=1478 | alt_err=-1.51 vz_down=0.21 stable=3/6
2026-04-16 17:17:14,951 | Mission altitude stabilize | lat=50.445388 lon=30.456236 alt=301.47m yaw=0.58deg | dist=622.2m | roll=- pitch=- throttle=1478 | alt_err=-1.47 vz_down=0.16 stable=4/6
2026-04-16 17:17:15,302 | Mission altitude stabilize | lat=50.445368 lon=30.456218 alt=301.44m yaw=0.57deg | dist=620.2m | roll=- pitch=- throttle=1478 | alt_err=-1.44 vz_down=0.07 stable=5/6
2026-04-16 17:17:15,653 | Mission altitude stabilize stabilized
2026-04-16 17:17:15,654 | Cruising toward target B at target altitude...
2026-04-16 17:17:15,654 | Cruise | lat=50.445359 lon=30.456209 alt=301.43m yaw=0.57deg | dist=619.3m | forward=-240.7 | right=-570.6 | roll=1480 pitch=1480 throttle=1478 | alt=301.43
2026-04-16 17:17:16,005 | Cruise | lat=50.445339 lon=30.456191 alt=301.29m yaw=0.56deg | dist=617.3m | forward=-238.4 | right=-569.4 | roll=1480 pitch=1480 throttle=1478 | alt=301.29
2026-04-16 17:17:16,357 | Cruise | lat=50.445329 lon=30.456183 alt=301.26m yaw=0.56deg | dist=616.3m | forward=-237.3 | right=-568.8 | roll=1480 pitch=1480 throttle=1478 | alt=301.26
2026-04-16 17:17:16,707 | Cruise | lat=50.445319 lon=30.456174 alt=301.26m yaw=0.56deg | dist=615.3m | forward=-236.2 | right=-568.2 | roll=1480 pitch=1480 throttle=1478 | alt=301.26
2026-04-16 17:17:17,058 | Cruise | lat=50.445300 lon=30.456156 alt=301.31m yaw=0.55deg | dist=613.4m | forward=-234.0 | right=-567.0 | roll=1480 pitch=1480 throttle=1478 | alt=301.31
2026-04-16 17:17:17,409 | Cruise | lat=50.445290 lon=30.456147 alt=301.32m yaw=0.55deg | dist=612.4m | forward=-232.9 | right=-566.4 | roll=1480 pitch=1480 throttle=1478 | alt=301.32
2026-04-16 17:17:17,760 | Cruise | lat=50.445280 lon=30.456138 alt=301.30m yaw=0.55deg | dist=611.4m | forward=-231.8 | right=-565.8 | roll=1480 pitch=1480 throttle=1478 | alt=301.30
2026-04-16 17:17:18,111 | Cruise | lat=50.445261 lon=30.456121 alt=301.24m yaw=0.56deg | dist=609.5m | forward=-229.6 | right=-564.6 | roll=1480 pitch=1480 throttle=1478 | alt=301.24
2026-04-16 17:17:18,463 | Cruise | lat=50.445251 lon=30.456112 alt=301.26m yaw=0.56deg | dist=608.5m | forward=-228.5 | right=-564.0 | roll=1480 pitch=1480 throttle=1478 | alt=301.26
2026-04-16 17:17:18,813 | Cruise | lat=50.445232 lon=30.456094 alt=301.33m yaw=0.56deg | dist=606.6m | forward=-226.3 | right=-562.8 | roll=1480 pitch=1480 throttle=1478 | alt=301.33
2026-04-16 17:17:19,164 | Cruise | lat=50.445222 lon=30.456086 alt=301.38m yaw=0.56deg | dist=605.6m | forward=-225.2 | right=-562.2 | roll=1480 pitch=1480 throttle=1478 | alt=301.38
2026-04-16 17:17:19,515 | Cruise | lat=50.445203 lon=30.456068 alt=301.55m yaw=0.55deg | dist=603.7m | forward=-223.0 | right=-561.0 | roll=1480 pitch=1480 throttle=1478 | alt=301.55
2026-04-16 17:17:19,866 | Cruise | lat=50.445193 lon=30.456059 alt=301.66m yaw=0.55deg | dist=602.7m | forward=-222.0 | right=-560.4 | roll=1480 pitch=1480 throttle=1478 | alt=301.66
2026-04-16 17:17:20,218 | Cruise | lat=50.445183 lon=30.456050 alt=301.78m yaw=0.55deg | dist=601.8m | forward=-220.9 | right=-559.8 | roll=1480 pitch=1480 throttle=1478 | alt=301.78
2026-04-16 17:17:20,569 | Cruise | lat=50.445164 lon=30.456032 alt=302.06m yaw=0.57deg | dist=599.9m | forward=-218.7 | right=-558.6 | roll=1480 pitch=1480 throttle=1478 | alt=302.06
2026-04-16 17:17:20,920 | Cruise | lat=50.445154 lon=30.456024 alt=302.19m yaw=0.58deg | dist=598.9m | forward=-217.6 | right=-558.0 | roll=1480 pitch=1480 throttle=1478 | alt=302.19
2026-04-16 17:17:21,271 | Cruise | lat=50.445135 lon=30.456006 alt=302.37m yaw=0.59deg | dist=597.0m | forward=-215.4 | right=-556.8 | roll=1480 pitch=1480 throttle=1478 | alt=302.37
2026-04-16 17:17:21,622 | Cruise | lat=50.445125 lon=30.455997 alt=302.42m yaw=0.59deg | dist=596.0m | forward=-214.3 | right=-556.2 | roll=1480 pitch=1480 throttle=1478 | alt=302.42
2026-04-16 17:17:21,973 | Cruise | lat=50.445115 lon=30.455989 alt=302.45m yaw=0.58deg | dist=595.1m | forward=-213.2 | right=-555.6 | roll=1480 pitch=1480 throttle=1478 | alt=302.45
2026-04-16 17:17:22,324 | Cruise | lat=50.445095 lon=30.455971 alt=302.51m yaw=0.58deg | dist=593.2m | forward=-210.9 | right=-554.4 | roll=1480 pitch=1480 throttle=1478 | alt=302.51
2026-04-16 17:17:22,676 | Cruise | lat=50.445086 lon=30.455962 alt=302.56m yaw=0.58deg | dist=592.3m | forward=-209.9 | right=-553.8 | roll=1480 pitch=1480 throttle=1478 | alt=302.56
2026-04-16 17:17:23,027 | Cruise | lat=50.445066 lon=30.455945 alt=302.74m yaw=0.57deg | dist=590.4m | forward=-207.7 | right=-552.7 | roll=1480 pitch=1480 throttle=1478 | alt=302.74
2026-04-16 17:17:23,378 | Cruise | lat=50.445056 lon=30.455936 alt=302.79m yaw=0.57deg | dist=589.5m | forward=-206.6 | right=-552.1 | roll=1480 pitch=1480 throttle=1478 | alt=302.79
2026-04-16 17:17:23,729 | Cruise | lat=50.445047 lon=30.455928 alt=302.83m yaw=0.56deg | dist=588.5m | forward=-205.4 | right=-551.5 | roll=1480 pitch=1480 throttle=1478 | alt=302.83
2026-04-16 17:17:24,080 | Cruise | lat=50.445027 lon=30.455910 alt=302.96m yaw=0.56deg | dist=586.6m | forward=-203.3 | right=-550.3 | roll=1480 pitch=1480 throttle=1478 | alt=302.96
2026-04-16 17:17:24,431 | Cruise | lat=50.445017 lon=30.455901 alt=303.01m yaw=0.56deg | dist=585.7m | forward=-202.2 | right=-549.7 | roll=1480 pitch=1480 throttle=1468 | alt=303.01
2026-04-16 17:17:24,782 | Cruise | lat=50.444998 lon=30.455884 alt=303.05m yaw=0.57deg | dist=583.8m | forward=-200.0 | right=-548.5 | roll=1480 pitch=1481 throttle=1468 | alt=303.05
2026-04-16 17:17:25,135 | Cruise | lat=50.444988 lon=30.455875 alt=303.11m yaw=0.58deg | dist=582.9m | forward=-198.9 | right=-547.9 | roll=1480 pitch=1481 throttle=1468 | alt=303.11
2026-04-16 17:17:25,487 | Cruise | lat=50.444978 lon=30.455867 alt=303.14m yaw=0.59deg | dist=582.0m | forward=-197.8 | right=-547.4 | roll=1480 pitch=1481 throttle=1468 | alt=303.14
2026-04-16 17:17:25,838 | Cruise | lat=50.444959 lon=30.455849 alt=303.31m yaw=0.57deg | dist=580.1m | forward=-195.6 | right=-546.2 | roll=1480 pitch=1481 throttle=1468 | alt=303.31
2026-04-16 17:17:26,189 | Cruise | lat=50.444949 lon=30.455841 alt=303.38m yaw=0.57deg | dist=579.2m | forward=-194.5 | right=-545.6 | roll=1480 pitch=1481 throttle=1468 | alt=303.38
2026-04-16 17:17:26,539 | Cruise | lat=50.444930 lon=30.455823 alt=303.52m yaw=0.56deg | dist=577.3m | forward=-192.3 | right=-544.4 | roll=1480 pitch=1481 throttle=1468 | alt=303.52
2026-04-16 17:17:26,890 | Cruise | lat=50.444920 lon=30.455814 alt=303.63m yaw=0.56deg | dist=576.4m | forward=-191.2 | right=-543.8 | roll=1480 pitch=1481 throttle=1468 | alt=303.63
2026-04-16 17:17:27,241 | Cruise | lat=50.444910 lon=30.455806 alt=303.71m yaw=0.56deg | dist=575.5m | forward=-190.1 | right=-543.2 | roll=1480 pitch=1481 throttle=1468 | alt=303.71
2026-04-16 17:17:27,592 | Cruise | lat=50.444891 lon=30.455788 alt=303.78m yaw=0.56deg | dist=573.7m | forward=-187.8 | right=-542.0 | roll=1480 pitch=1482 throttle=1468 | alt=303.78
2026-04-16 17:17:27,944 | Cruise | lat=50.444881 lon=30.455779 alt=303.79m yaw=0.56deg | dist=572.7m | forward=-186.7 | right=-541.4 | roll=1480 pitch=1482 throttle=1468 | alt=303.79
2026-04-16 17:17:28,295 | Cruise | lat=50.444861 lon=30.455762 alt=303.71m yaw=0.56deg | dist=570.9m | forward=-184.5 | right=-540.3 | roll=1480 pitch=1482 throttle=1468 | alt=303.71
2026-04-16 17:17:28,645 | Cruise | lat=50.444852 lon=30.455753 alt=303.64m yaw=0.56deg | dist=570.0m | forward=-183.4 | right=-539.7 | roll=1480 pitch=1482 throttle=1468 | alt=303.64
2026-04-16 17:17:28,996 | Cruise | lat=50.444842 lon=30.455744 alt=303.57m yaw=0.56deg | dist=569.1m | forward=-182.3 | right=-539.1 | roll=1480 pitch=1482 throttle=1468 | alt=303.57
2026-04-16 17:17:29,349 | Cruise | lat=50.444822 lon=30.455727 alt=303.35m yaw=0.55deg | dist=567.2m | forward=-180.1 | right=-537.9 | roll=1480 pitch=1482 throttle=1468 | alt=303.35
2026-04-16 17:17:29,701 | Cruise | lat=50.444812 lon=30.455718 alt=303.24m yaw=0.55deg | dist=566.3m | forward=-179.0 | right=-537.3 | roll=1480 pitch=1483 throttle=1468 | alt=303.24
2026-04-16 17:17:30,052 | Cruise | lat=50.444793 lon=30.455700 alt=302.96m yaw=0.57deg | dist=564.5m | forward=-176.8 | right=-536.1 | roll=1480 pitch=1483 throttle=1478 | alt=302.96
2026-04-16 17:17:30,403 | Cruise | lat=50.444783 lon=30.455691 alt=302.80m yaw=0.58deg | dist=563.6m | forward=-175.7 | right=-535.5 | roll=1480 pitch=1483 throttle=1478 | alt=302.80
2026-04-16 17:17:30,754 | Cruise | lat=50.444773 lon=30.455682 alt=302.66m yaw=0.59deg | dist=562.6m | forward=-174.6 | right=-534.9 | roll=1480 pitch=1483 throttle=1478 | alt=302.66
2026-04-16 17:17:31,105 | Cruise | lat=50.444753 lon=30.455665 alt=302.49m yaw=0.59deg | dist=560.8m | forward=-172.4 | right=-533.7 | roll=1480 pitch=1483 throttle=1478 | alt=302.49
2026-04-16 17:17:31,456 | Cruise | lat=50.444744 lon=30.455656 alt=302.44m yaw=0.59deg | dist=559.9m | forward=-171.2 | right=-533.1 | roll=1480 pitch=1483 throttle=1478 | alt=302.44
2026-04-16 17:17:31,807 | Cruise | lat=50.444724 lon=30.455638 alt=302.31m yaw=0.60deg | dist=558.1m | forward=-169.0 | right=-531.9 | roll=1480 pitch=1484 throttle=1478 | alt=302.31
2026-04-16 17:17:32,158 | Cruise | lat=50.444714 lon=30.455630 alt=302.25m yaw=0.60deg | dist=557.2m | forward=-167.9 | right=-531.3 | roll=1480 pitch=1484 throttle=1478 | alt=302.25
2026-04-16 17:17:32,509 | Cruise | lat=50.444695 lon=30.455612 alt=302.21m yaw=0.59deg | dist=555.4m | forward=-165.7 | right=-530.1 | roll=1480 pitch=1484 throttle=1478 | alt=302.21
2026-04-16 17:17:32,860 | Cruise | lat=50.444685 lon=30.455603 alt=302.20m yaw=0.58deg | dist=554.5m | forward=-164.6 | right=-529.5 | roll=1480 pitch=1484 throttle=1478 | alt=302.20
2026-04-16 17:17:33,211 | Cruise | lat=50.444675 lon=30.455595 alt=302.19m yaw=0.57deg | dist=553.6m | forward=-163.5 | right=-528.9 | roll=1480 pitch=1484 throttle=1478 | alt=302.19
2026-04-16 17:17:33,562 | Cruise | lat=50.444656 lon=30.455577 alt=302.32m yaw=0.56deg | dist=551.8m | forward=-161.3 | right=-527.7 | roll=1480 pitch=1484 throttle=1478 | alt=302.32
2026-04-16 17:17:33,913 | Cruise | lat=50.444646 lon=30.455568 alt=302.36m yaw=0.56deg | dist=550.9m | forward=-160.2 | right=-527.1 | roll=1480 pitch=1484 throttle=1478 | alt=302.36
2026-04-16 17:17:34,263 | Cruise | lat=50.444626 lon=30.455551 alt=302.48m yaw=0.56deg | dist=549.2m | forward=-158.0 | right=-525.9 | roll=1480 pitch=1485 throttle=1478 | alt=302.48
2026-04-16 17:17:34,614 | Cruise | lat=50.444617 lon=30.455542 alt=302.58m yaw=0.56deg | dist=548.3m | forward=-156.9 | right=-525.3 | roll=1480 pitch=1485 throttle=1478 | alt=302.58
2026-04-16 17:17:34,965 | Cruise | lat=50.444607 lon=30.455533 alt=302.67m yaw=0.56deg | dist=547.4m | forward=-155.8 | right=-524.8 | roll=1480 pitch=1485 throttle=1478 | alt=302.67
2026-04-16 17:17:35,316 | Cruise | lat=50.444587 lon=30.455516 alt=302.87m yaw=0.56deg | dist=545.6m | forward=-153.6 | right=-523.6 | roll=1480 pitch=1485 throttle=1478 | alt=302.87
2026-04-16 17:17:35,669 | Cruise | lat=50.444577 lon=30.455507 alt=303.00m yaw=0.56deg | dist=544.7m | forward=-152.5 | right=-523.0 | roll=1480 pitch=1485 throttle=1478 | alt=303.00
2026-04-16 17:17:36,021 | Cruise | lat=50.444558 lon=30.455489 alt=303.25m yaw=0.55deg | dist=543.0m | forward=-150.2 | right=-521.8 | roll=1480 pitch=1485 throttle=1468 | alt=303.25
2026-04-16 17:17:36,372 | Cruise | lat=50.444548 lon=30.455480 alt=303.38m yaw=0.56deg | dist=542.1m | forward=-149.1 | right=-521.2 | roll=1480 pitch=1486 throttle=1468 | alt=303.38
2026-04-16 17:17:36,723 | Cruise | lat=50.444538 lon=30.455472 alt=303.48m yaw=0.57deg | dist=541.2m | forward=-148.0 | right=-520.6 | roll=1480 pitch=1486 throttle=1468 | alt=303.48
2026-04-16 17:17:37,074 | Cruise | lat=50.444518 lon=30.455454 alt=303.67m yaw=0.58deg | dist=539.5m | forward=-145.8 | right=-519.4 | roll=1480 pitch=1486 throttle=1468 | alt=303.67
2026-04-16 17:17:37,425 | Cruise | lat=50.444508 lon=30.455445 alt=303.75m yaw=0.58deg | dist=538.6m | forward=-144.7 | right=-518.8 | roll=1480 pitch=1486 throttle=1468 | alt=303.75
2026-04-16 17:17:37,776 | Cruise | lat=50.444489 lon=30.455428 alt=303.94m yaw=0.57deg | dist=536.9m | forward=-142.5 | right=-517.6 | roll=1480 pitch=1486 throttle=1468 | alt=303.94
2026-04-16 17:17:38,127 | Cruise | lat=50.444479 lon=30.455419 alt=304.04m yaw=0.57deg | dist=536.0m | forward=-141.4 | right=-517.0 | roll=1480 pitch=1486 throttle=1468 | alt=304.04
2026-04-16 17:17:38,478 | Cruise | lat=50.444469 lon=30.455410 alt=304.15m yaw=0.57deg | dist=535.2m | forward=-140.3 | right=-516.4 | roll=1480 pitch=1486 throttle=1468 | alt=304.15
2026-04-16 17:17:38,829 | Cruise | lat=50.444450 lon=30.455393 alt=304.34m yaw=0.57deg | dist=533.4m | forward=-138.1 | right=-515.3 | roll=1480 pitch=1487 throttle=1468 | alt=304.34
2026-04-16 17:17:39,180 | Cruise | lat=50.444440 lon=30.455384 alt=304.37m yaw=0.57deg | dist=532.6m | forward=-137.0 | right=-514.7 | roll=1480 pitch=1487 throttle=1468 | alt=304.37
2026-04-16 17:17:39,530 | Cruise | lat=50.444420 lon=30.455367 alt=304.45m yaw=0.58deg | dist=530.9m | forward=-134.8 | right=-513.5 | roll=1480 pitch=1487 throttle=1468 | alt=304.45
2026-04-16 17:17:39,881 | Cruise | lat=50.444411 lon=30.455358 alt=304.49m yaw=0.58deg | dist=530.0m | forward=-133.7 | right=-512.9 | roll=1480 pitch=1487 throttle=1468 | alt=304.49
2026-04-16 17:17:40,232 | Cruise | lat=50.444401 lon=30.455350 alt=304.53m yaw=0.58deg | dist=529.2m | forward=-132.6 | right=-512.3 | roll=1480 pitch=1487 throttle=1468 | alt=304.53
2026-04-16 17:17:40,583 | Cruise | lat=50.444381 lon=30.455332 alt=304.62m yaw=0.58deg | dist=527.5m | forward=-130.4 | right=-511.2 | roll=1480 pitch=1487 throttle=1468 | alt=304.62
2026-04-16 17:17:40,934 | Cruise | lat=50.444372 lon=30.455324 alt=304.68m yaw=0.58deg | dist=526.7m | forward=-129.3 | right=-510.6 | roll=1480 pitch=1488 throttle=1468 | alt=304.68
2026-04-16 17:17:41,285 | Cruise | lat=50.444352 lon=30.455306 alt=304.75m yaw=0.58deg | dist=525.0m | forward=-127.0 | right=-509.4 | roll=1480 pitch=1488 throttle=1468 | alt=304.75
2026-04-16 17:17:41,636 | Cruise | lat=50.444342 lon=30.455297 alt=304.78m yaw=0.57deg | dist=524.1m | forward=-125.9 | right=-508.8 | roll=1480 pitch=1488 throttle=1468 | alt=304.78
2026-04-16 17:17:41,987 | Cruise | lat=50.444332 lon=30.455289 alt=304.80m yaw=0.57deg | dist=523.3m | forward=-124.8 | right=-508.2 | roll=1480 pitch=1488 throttle=1468 | alt=304.80
2026-04-16 17:17:42,338 | Cruise | lat=50.444313 lon=30.455271 alt=304.84m yaw=0.57deg | dist=521.6m | forward=-122.6 | right=-507.0 | roll=1480 pitch=1488 throttle=1468 | alt=304.84
2026-04-16 17:17:42,689 | Cruise | lat=50.444303 lon=30.455262 alt=304.82m yaw=0.56deg | dist=520.8m | forward=-121.5 | right=-506.4 | roll=1480 pitch=1488 throttle=1468 | alt=304.82
2026-04-16 17:17:43,040 | Cruise | lat=50.444283 lon=30.455245 alt=304.85m yaw=0.56deg | dist=519.1m | forward=-119.3 | right=-505.2 | roll=1480 pitch=1489 throttle=1468 | alt=304.85
2026-04-16 17:17:43,392 | Cruise | lat=50.444274 lon=30.455236 alt=304.89m yaw=0.56deg | dist=518.3m | forward=-118.2 | right=-504.6 | roll=1480 pitch=1489 throttle=1468 | alt=304.89
2026-04-16 17:17:43,743 | Cruise | lat=50.444264 lon=30.455227 alt=304.93m yaw=0.56deg | dist=517.5m | forward=-117.1 | right=-504.0 | roll=1480 pitch=1489 throttle=1468 | alt=304.93
2026-04-16 17:17:44,094 | Cruise | lat=50.444244 lon=30.455210 alt=304.91m yaw=0.56deg | dist=515.8m | forward=-114.8 | right=-502.8 | roll=1480 pitch=1489 throttle=1468 | alt=304.91
2026-04-16 17:17:44,445 | Cruise | lat=50.444234 lon=30.455201 alt=304.90m yaw=0.55deg | dist=515.0m | forward=-113.7 | right=-502.3 | roll=1480 pitch=1489 throttle=1468 | alt=304.90
2026-04-16 17:17:44,796 | Cruise | lat=50.444215 lon=30.455183 alt=304.84m yaw=0.55deg | dist=513.3m | forward=-111.5 | right=-501.1 | roll=1480 pitch=1489 throttle=1468 | alt=304.84
2026-04-16 17:17:45,147 | Cruise | lat=50.444205 lon=30.455174 alt=304.83m yaw=0.55deg | dist=512.5m | forward=-110.4 | right=-500.5 | roll=1480 pitch=1489 throttle=1468 | alt=304.83
2026-04-16 17:17:45,498 | Cruise | lat=50.444195 lon=30.455165 alt=304.86m yaw=0.55deg | dist=511.7m | forward=-109.3 | right=-499.9 | roll=1480 pitch=1490 throttle=1468 | alt=304.86
2026-04-16 17:17:45,849 | Cruise | lat=50.444176 lon=30.455148 alt=304.92m yaw=0.58deg | dist=510.0m | forward=-107.1 | right=-498.7 | roll=1480 pitch=1490 throttle=1468 | alt=304.92
2026-04-16 17:17:46,200 | Cruise | lat=50.444166 lon=30.455139 alt=304.83m yaw=0.59deg | dist=509.2m | forward=-106.0 | right=-498.1 | roll=1480 pitch=1490 throttle=1468 | alt=304.83
2026-04-16 17:17:46,551 | Cruise | lat=50.444146 lon=30.455122 alt=304.72m yaw=0.58deg | dist=507.6m | forward=-103.8 | right=-496.9 | roll=1480 pitch=1490 throttle=1468 | alt=304.72
2026-04-16 17:17:46,902 | Cruise | lat=50.444136 lon=30.455113 alt=304.68m yaw=0.58deg | dist=506.8m | forward=-102.7 | right=-496.3 | roll=1480 pitch=1490 throttle=1468 | alt=304.68
2026-04-16 17:17:47,252 | Cruise | lat=50.444127 lon=30.455104 alt=304.66m yaw=0.57deg | dist=506.0m | forward=-101.6 | right=-495.7 | roll=1480 pitch=1490 throttle=1468 | alt=304.66
2026-04-16 17:17:47,604 | Cruise | lat=50.444107 lon=30.455087 alt=304.61m yaw=0.57deg | dist=504.4m | forward=-99.4 | right=-494.5 | roll=1480 pitch=1491 throttle=1468 | alt=304.61
2026-04-16 17:17:47,955 | Cruise | lat=50.444097 lon=30.455078 alt=304.56m yaw=0.57deg | dist=503.6m | forward=-98.3 | right=-493.9 | roll=1480 pitch=1491 throttle=1468 | alt=304.56
2026-04-16 17:17:48,306 | Cruise | lat=50.444078 lon=30.455060 alt=304.52m yaw=0.57deg | dist=502.0m | forward=-96.1 | right=-492.7 | roll=1480 pitch=1491 throttle=1468 | alt=304.52
2026-04-16 17:17:48,657 | Cruise | lat=50.444068 lon=30.455052 alt=304.53m yaw=0.58deg | dist=501.2m | forward=-95.0 | right=-492.1 | roll=1480 pitch=1491 throttle=1468 | alt=304.53
2026-04-16 17:17:49,008 | Cruise | lat=50.444058 lon=30.455043 alt=304.51m yaw=0.58deg | dist=500.4m | forward=-93.8 | right=-491.6 | roll=1480 pitch=1491 throttle=1468 | alt=304.51
2026-04-16 17:17:49,359 | Cruise | lat=50.444038 lon=30.455026 alt=304.46m yaw=0.58deg | dist=498.9m | forward=-91.6 | right=-490.4 | roll=1484 pitch=1493 throttle=1468 | alt=304.46
2026-04-16 17:17:49,710 | Cruise | lat=50.444029 lon=30.455017 alt=304.41m yaw=0.58deg | dist=498.1m | forward=-90.5 | right=-489.8 | roll=1484 pitch=1493 throttle=1468 | alt=304.41
2026-04-16 17:17:50,060 | Cruise | lat=50.444009 lon=30.455000 alt=304.24m yaw=0.58deg | dist=496.5m | forward=-88.3 | right=-488.6 | roll=1484 pitch=1493 throttle=1468 | alt=304.24
2026-04-16 17:17:50,411 | Cruise | lat=50.443999 lon=30.454991 alt=304.17m yaw=0.58deg | dist=495.8m | forward=-87.2 | right=-488.0 | roll=1484 pitch=1494 throttle=1468 | alt=304.17
2026-04-16 17:17:50,762 | Cruise | lat=50.443979 lon=30.454974 alt=304.09m yaw=0.58deg | dist=494.2m | forward=-85.0 | right=-486.9 | roll=1484 pitch=1494 throttle=1468 | alt=304.09
2026-04-16 17:17:51,113 | Cruise | lat=50.443970 lon=30.454965 alt=304.07m yaw=0.57deg | dist=493.5m | forward=-83.9 | right=-486.3 | roll=1484 pitch=1494 throttle=1468 | alt=304.07
2026-04-16 17:17:51,464 | Cruise | lat=50.443960 lon=30.454956 alt=304.09m yaw=0.57deg | dist=492.7m | forward=-82.8 | right=-485.7 | roll=1484 pitch=1494 throttle=1468 | alt=304.09
2026-04-16 17:17:51,815 | Cruise | lat=50.443940 lon=30.454939 alt=304.16m yaw=0.57deg | dist=491.1m | forward=-80.5 | right=-484.5 | roll=1484 pitch=1494 throttle=1468 | alt=304.16
2026-04-16 17:17:52,166 | Cruise | lat=50.443930 lon=30.454930 alt=304.19m yaw=0.57deg | dist=490.4m | forward=-79.4 | right=-483.9 | roll=1484 pitch=1494 throttle=1468 | alt=304.19
2026-04-16 17:17:52,517 | Cruise | lat=50.443911 lon=30.454912 alt=304.21m yaw=0.57deg | dist=488.8m | forward=-77.2 | right=-482.7 | roll=1484 pitch=1494 throttle=1468 | alt=304.21
2026-04-16 17:17:52,868 | Cruise | lat=50.443901 lon=30.454904 alt=304.19m yaw=0.58deg | dist=488.1m | forward=-76.1 | right=-482.1 | roll=1484 pitch=1494 throttle=1468 | alt=304.19
2026-04-16 17:17:53,219 | Cruise | lat=50.443891 lon=30.454895 alt=304.17m yaw=0.58deg | dist=487.3m | forward=-75.0 | right=-481.5 | roll=1484 pitch=1494 throttle=1468 | alt=304.17
2026-04-16 17:17:53,570 | Cruise | lat=50.443872 lon=30.454877 alt=304.20m yaw=0.59deg | dist=485.8m | forward=-72.8 | right=-480.3 | roll=1484 pitch=1495 throttle=1468 | alt=304.20
2026-04-16 17:17:53,920 | Cruise | lat=50.443862 lon=30.454868 alt=304.21m yaw=0.60deg | dist=485.1m | forward=-71.7 | right=-479.7 | roll=1484 pitch=1495 throttle=1468 | alt=304.21
2026-04-16 17:17:54,271 | Cruise | lat=50.443852 lon=30.454860 alt=304.23m yaw=0.59deg | dist=484.3m | forward=-70.6 | right=-479.2 | roll=1484 pitch=1495 throttle=1468 | alt=304.23
2026-04-16 17:17:54,622 | Cruise | lat=50.443833 lon=30.454843 alt=304.33m yaw=0.57deg | dist=482.9m | forward=-68.4 | right=-478.0 | roll=1484 pitch=1495 throttle=1468 | alt=304.33
2026-04-16 17:17:54,973 | Cruise | lat=50.443823 lon=30.454834 alt=304.39m yaw=0.57deg | dist=482.1m | forward=-67.3 | right=-477.4 | roll=1484 pitch=1495 throttle=1468 | alt=304.39
2026-04-16 17:17:55,324 | Cruise | lat=50.443804 lon=30.454816 alt=304.47m yaw=0.56deg | dist=480.7m | forward=-65.1 | right=-476.2 | roll=1484 pitch=1495 throttle=1468 | alt=304.47
2026-04-16 17:17:55,675 | Cruise | lat=50.443794 lon=30.454808 alt=304.52m yaw=0.56deg | dist=479.9m | forward=-64.0 | right=-475.6 | roll=1484 pitch=1495 throttle=1468 | alt=304.52
2026-04-16 17:17:56,026 | Cruise | lat=50.443774 lon=30.454790 alt=304.58m yaw=0.55deg | dist=478.4m | forward=-61.8 | right=-474.4 | roll=1484 pitch=1496 throttle=1468 | alt=304.58
2026-04-16 17:17:56,377 | Cruise | lat=50.443765 lon=30.454781 alt=304.61m yaw=0.55deg | dist=477.7m | forward=-60.7 | right=-473.8 | roll=1484 pitch=1496 throttle=1468 | alt=304.61
2026-04-16 17:17:56,727 | Cruise | lat=50.443755 lon=30.454772 alt=304.62m yaw=0.55deg | dist=477.0m | forward=-59.6 | right=-473.2 | roll=1484 pitch=1496 throttle=1468 | alt=304.62
2026-04-16 17:17:57,078 | Cruise | lat=50.443735 lon=30.454755 alt=304.61m yaw=0.57deg | dist=475.5m | forward=-57.4 | right=-472.0 | roll=1484 pitch=1496 throttle=1468 | alt=304.61
2026-04-16 17:17:57,430 | Cruise | lat=50.443726 lon=30.454746 alt=304.59m yaw=0.58deg | dist=474.8m | forward=-56.3 | right=-471.4 | roll=1484 pitch=1496 throttle=1468 | alt=304.59
2026-04-16 17:17:57,781 | Cruise | lat=50.443706 lon=30.454728 alt=304.61m yaw=0.59deg | dist=473.3m | forward=-54.1 | right=-470.2 | roll=1484 pitch=1496 throttle=1468 | alt=304.61
2026-04-16 17:17:58,132 | Cruise | lat=50.443696 lon=30.454719 alt=304.66m yaw=0.59deg | dist=472.6m | forward=-53.0 | right=-469.6 | roll=1484 pitch=1496 throttle=1468 | alt=304.66
2026-04-16 17:17:58,483 | Cruise | lat=50.443686 lon=30.454711 alt=304.72m yaw=0.59deg | dist=471.9m | forward=-51.9 | right=-469.0 | roll=1484 pitch=1496 throttle=1468 | alt=304.72
2026-04-16 17:17:58,835 | Cruise | lat=50.443667 lon=30.454693 alt=304.85m yaw=0.59deg | dist=470.5m | forward=-49.7 | right=-467.9 | roll=1484 pitch=1497 throttle=1468 | alt=304.85
2026-04-16 17:17:59,186 | Cruise | lat=50.443657 lon=30.454684 alt=304.94m yaw=0.59deg | dist=469.8m | forward=-48.6 | right=-467.3 | roll=1484 pitch=1497 throttle=1468 | alt=304.94
2026-04-16 17:17:59,537 | Cruise | lat=50.443638 lon=30.454667 alt=305.16m yaw=0.59deg | dist=468.4m | forward=-46.4 | right=-466.1 | roll=1484 pitch=1497 throttle=1468 | alt=305.16
2026-04-16 17:17:59,888 | Cruise | lat=50.443628 lon=30.454658 alt=305.25m yaw=0.59deg | dist=467.7m | forward=-45.3 | right=-465.5 | roll=1484 pitch=1497 throttle=1468 | alt=305.25
2026-04-16 17:18:00,239 | Cruise | lat=50.443618 lon=30.454649 alt=305.29m yaw=0.59deg | dist=467.0m | forward=-44.2 | right=-464.9 | roll=1484 pitch=1497 throttle=1468 | alt=305.29
2026-04-16 17:18:00,589 | Cruise | lat=50.443599 lon=30.454631 alt=305.37m yaw=0.60deg | dist=465.6m | forward=-42.0 | right=-463.7 | roll=1484 pitch=1497 throttle=1468 | alt=305.37
2026-04-16 17:18:00,940 | Cruise | lat=50.443589 lon=30.454622 alt=305.42m yaw=0.60deg | dist=464.9m | forward=-40.9 | right=-463.1 | roll=1484 pitch=1497 throttle=1468 | alt=305.42
2026-04-16 17:18:01,292 | Cruise | lat=50.443569 lon=30.454605 alt=305.48m yaw=0.59deg | dist=463.5m | forward=-38.7 | right=-461.9 | roll=1484 pitch=1497 throttle=1468 | alt=305.48
2026-04-16 17:18:01,643 | Cruise | lat=50.443560 lon=30.454596 alt=305.50m yaw=0.58deg | dist=462.8m | forward=-37.6 | right=-461.3 | roll=1484 pitch=1497 throttle=1468 | alt=305.50
2026-04-16 17:18:01,994 | Cruise | lat=50.443550 lon=30.454587 alt=305.51m yaw=0.57deg | dist=462.1m | forward=-36.5 | right=-460.7 | roll=1484 pitch=1498 throttle=1468 | alt=305.51
2026-04-16 17:18:02,344 | Cruise | lat=50.443530 lon=30.454570 alt=305.58m yaw=0.57deg | dist=460.8m | forward=-34.3 | right=-459.5 | roll=1484 pitch=1498 throttle=1468 | alt=305.58
2026-04-16 17:18:02,695 | Cruise | lat=50.443521 lon=30.454561 alt=305.63m yaw=0.56deg | dist=460.1m | forward=-33.2 | right=-458.9 | roll=1484 pitch=1498 throttle=1468 | alt=305.63
2026-04-16 17:18:03,047 | Cruise | lat=50.443501 lon=30.454543 alt=305.74m yaw=0.56deg | dist=458.7m | forward=-31.0 | right=-457.7 | roll=1484 pitch=1498 throttle=1468 | alt=305.74
2026-04-16 17:18:03,397 | Cruise | lat=50.443491 lon=30.454534 alt=305.74m yaw=0.56deg | dist=458.1m | forward=-29.9 | right=-457.1 | roll=1484 pitch=1498 throttle=1468 | alt=305.74
2026-04-16 17:18:03,748 | Cruise | lat=50.443481 lon=30.454525 alt=305.71m yaw=0.56deg | dist=457.4m | forward=-28.8 | right=-456.5 | roll=1484 pitch=1498 throttle=1468 | alt=305.71
2026-04-16 17:18:04,099 | Cruise | lat=50.443462 lon=30.454508 alt=305.59m yaw=0.56deg | dist=456.1m | forward=-26.5 | right=-455.3 | roll=1484 pitch=1498 throttle=1468 | alt=305.59
2026-04-16 17:18:04,450 | Cruise | lat=50.443452 lon=30.454499 alt=305.59m yaw=0.56deg | dist=455.4m | forward=-25.5 | right=-454.7 | roll=1484 pitch=1498 throttle=1468 | alt=305.59
2026-04-16 17:18:04,802 | Cruise | lat=50.443433 lon=30.454481 alt=305.57m yaw=0.57deg | dist=454.1m | forward=-23.2 | right=-453.5 | roll=1484 pitch=1499 throttle=1468 | alt=305.57
2026-04-16 17:18:05,153 | Cruise | lat=50.443423 lon=30.454473 alt=305.55m yaw=0.57deg | dist=453.5m | forward=-22.1 | right=-452.9 | roll=1484 pitch=1499 throttle=1468 | alt=305.55
2026-04-16 17:18:05,504 | Cruise | lat=50.443413 lon=30.454464 alt=305.56m yaw=0.56deg | dist=452.8m | forward=-21.0 | right=-452.3 | roll=1484 pitch=1499 throttle=1468 | alt=305.56
2026-04-16 17:18:05,856 | Cruise | lat=50.443393 lon=30.454446 alt=305.67m yaw=0.56deg | dist=451.5m | forward=-18.8 | right=-451.1 | roll=1484 pitch=1499 throttle=1468 | alt=305.67
2026-04-16 17:18:06,208 | Cruise | lat=50.443383 lon=30.454437 alt=305.71m yaw=0.56deg | dist=450.9m | forward=-17.7 | right=-450.5 | roll=1484 pitch=1499 throttle=1468 | alt=305.71
2026-04-16 17:18:06,559 | Cruise | lat=50.443364 lon=30.454419 alt=305.70m yaw=0.56deg | dist=449.6m | forward=-15.5 | right=-449.3 | roll=1484 pitch=1499 throttle=1468 | alt=305.70
2026-04-16 17:18:06,910 | Cruise | lat=50.443354 lon=30.454411 alt=305.69m yaw=0.56deg | dist=448.9m | forward=-14.4 | right=-448.7 | roll=1484 pitch=1499 throttle=1468 | alt=305.69
2026-04-16 17:18:07,261 | Cruise | lat=50.443344 lon=30.454402 alt=305.65m yaw=0.56deg | dist=448.3m | forward=-13.3 | right=-448.1 | roll=1484 pitch=1499 throttle=1468 | alt=305.65
2026-04-16 17:18:07,612 | Cruise | lat=50.443325 lon=30.454384 alt=305.61m yaw=0.55deg | dist=447.1m | forward=-11.0 | right=-446.9 | roll=1484 pitch=1500 throttle=1468 | alt=305.61
2026-04-16 17:18:07,963 | Cruise | lat=50.443315 lon=30.454375 alt=305.67m yaw=0.55deg | dist=446.4m | forward=-9.9 | right=-446.3 | roll=1484 pitch=1500 throttle=1468 | alt=305.67
2026-04-16 17:18:08,314 | Cruise | lat=50.443295 lon=30.454357 alt=305.81m yaw=0.56deg | dist=445.2m | forward=-7.7 | right=-445.1 | roll=1484 pitch=1500 throttle=1468 | alt=305.81
2026-04-16 17:18:08,665 | Cruise | lat=50.443285 lon=30.454348 alt=305.86m yaw=0.56deg | dist=444.5m | forward=-6.6 | right=-444.5 | roll=1484 pitch=1500 throttle=1468 | alt=305.86
2026-04-16 17:18:09,016 | Cruise | lat=50.443266 lon=30.454331 alt=305.88m yaw=0.56deg | dist=443.3m | forward=-4.4 | right=-443.3 | roll=1484 pitch=1500 throttle=1468 | alt=305.88
2026-04-16 17:18:09,367 | Cruise | lat=50.443256 lon=30.454322 alt=305.86m yaw=0.56deg | dist=442.7m | forward=-3.3 | right=-442.7 | roll=1484 pitch=1500 throttle=1468 | alt=305.86
2026-04-16 17:18:09,718 | Cruise | lat=50.443246 lon=30.454313 alt=305.79m yaw=0.56deg | dist=442.1m | forward=-2.2 | right=-442.1 | roll=1484 pitch=1500 throttle=1468 | alt=305.79
2026-04-16 17:18:10,069 | Cruise | lat=50.443227 lon=30.454295 alt=305.65m yaw=0.57deg | dist=440.9m | forward=0.0 | right=-440.9 | roll=1484 pitch=1500 throttle=1468 | alt=305.65
2026-04-16 17:18:10,420 | Cruise | lat=50.443217 lon=30.454286 alt=305.62m yaw=0.57deg | dist=440.3m | forward=1.1 | right=-440.3 | roll=1484 pitch=1500 throttle=1468 | alt=305.62
2026-04-16 17:18:10,771 | Cruise | lat=50.443207 lon=30.454277 alt=305.57m yaw=0.57deg | dist=439.7m | forward=2.2 | right=-439.7 | roll=1484 pitch=1500 throttle=1468 | alt=305.57
2026-04-16 17:18:11,122 | Cruise | lat=50.443187 lon=30.454260 alt=305.49m yaw=0.58deg | dist=438.5m | forward=4.4 | right=-438.5 | roll=1484 pitch=1500 throttle=1468 | alt=305.49
2026-04-16 17:18:11,474 | Cruise | lat=50.443178 lon=30.454251 alt=305.43m yaw=0.58deg | dist=437.9m | forward=5.5 | right=-437.9 | roll=1484 pitch=1500 throttle=1468 | alt=305.43
2026-04-16 17:18:11,826 | Cruise | lat=50.443158 lon=30.454233 alt=305.29m yaw=0.59deg | dist=436.8m | forward=7.7 | right=-436.7 | roll=1484 pitch=1500 throttle=1468 | alt=305.29
2026-04-16 17:18:12,177 | Cruise | lat=50.443148 lon=30.454224 alt=305.21m yaw=0.60deg | dist=436.2m | forward=8.8 | right=-436.1 | roll=1484 pitch=1500 throttle=1468 | alt=305.21
2026-04-16 17:18:12,528 | Cruise | lat=50.443139 lon=30.454215 alt=305.11m yaw=0.60deg | dist=435.6m | forward=9.9 | right=-435.5 | roll=1484 pitch=1500 throttle=1468 | alt=305.11
2026-04-16 17:18:12,879 | Cruise | lat=50.443119 lon=30.454198 alt=304.89m yaw=0.57deg | dist=434.5m | forward=12.1 | right=-434.3 | roll=1484 pitch=1500 throttle=1468 | alt=304.89
2026-04-16 17:18:13,230 | Cruise | lat=50.443109 lon=30.454189 alt=304.83m yaw=0.56deg | dist=433.9m | forward=13.2 | right=-433.7 | roll=1484 pitch=1501 throttle=1468 | alt=304.83
2026-04-16 17:18:13,581 | Cruise | lat=50.443090 lon=30.454171 alt=304.72m yaw=0.55deg | dist=432.7m | forward=15.4 | right=-432.5 | roll=1484 pitch=1501 throttle=1468 | alt=304.72
2026-04-16 17:18:13,932 | Cruise | lat=50.443080 lon=30.454162 alt=304.67m yaw=0.55deg | dist=432.2m | forward=16.5 | right=-431.9 | roll=1484 pitch=1501 throttle=1468 | alt=304.67
2026-04-16 17:18:14,283 | Cruise | lat=50.443061 lon=30.454144 alt=304.57m yaw=0.56deg | dist=431.1m | forward=18.7 | right=-430.7 | roll=1484 pitch=1501 throttle=1468 | alt=304.57
2026-04-16 17:18:14,634 | Cruise | lat=50.443051 lon=30.454135 alt=304.58m yaw=0.56deg | dist=430.5m | forward=19.8 | right=-430.1 | roll=1484 pitch=1501 throttle=1468 | alt=304.58
2026-04-16 17:18:14,985 | Cruise | lat=50.443041 lon=30.454127 alt=304.60m yaw=0.56deg | dist=430.0m | forward=20.9 | right=-429.5 | roll=1484 pitch=1501 throttle=1468 | alt=304.60
2026-04-16 17:18:15,336 | Cruise | lat=50.443022 lon=30.454109 alt=304.60m yaw=0.57deg | dist=428.9m | forward=23.1 | right=-428.3 | roll=1484 pitch=1501 throttle=1468 | alt=304.60
2026-04-16 17:18:15,687 | Cruise | lat=50.443012 lon=30.454100 alt=304.59m yaw=0.57deg | dist=428.4m | forward=24.2 | right=-427.7 | roll=1484 pitch=1501 throttle=1468 | alt=304.59
2026-04-16 17:18:16,038 | Cruise | lat=50.442993 lon=30.454083 alt=304.51m yaw=0.57deg | dist=427.3m | forward=26.4 | right=-426.5 | roll=1484 pitch=1502 throttle=1468 | alt=304.51
2026-04-16 17:18:16,388 | Cruise | lat=50.442983 lon=30.454074 alt=304.46m yaw=0.57deg | dist=426.8m | forward=27.5 | right=-425.9 | roll=1484 pitch=1502 throttle=1468 | alt=304.46
2026-04-16 17:18:16,739 | Cruise | lat=50.442973 lon=30.454065 alt=304.45m yaw=0.56deg | dist=426.3m | forward=28.6 | right=-425.3 | roll=1484 pitch=1502 throttle=1468 | alt=304.45
2026-04-16 17:18:17,091 | Cruise | lat=50.442954 lon=30.454048 alt=304.47m yaw=0.56deg | dist=425.2m | forward=30.8 | right=-424.1 | roll=1484 pitch=1502 throttle=1468 | alt=304.47
2026-04-16 17:18:17,442 | Cruise | lat=50.442944 lon=30.454039 alt=304.48m yaw=0.56deg | dist=424.7m | forward=31.9 | right=-423.5 | roll=1484 pitch=1502 throttle=1468 | alt=304.48
2026-04-16 17:18:17,793 | Cruise | lat=50.442925 lon=30.454021 alt=304.44m yaw=0.55deg | dist=423.7m | forward=34.1 | right=-422.3 | roll=1484 pitch=1502 throttle=1468 | alt=304.44
2026-04-16 17:18:18,145 | Cruise | lat=50.442915 lon=30.454012 alt=304.39m yaw=0.55deg | dist=423.2m | forward=35.2 | right=-421.7 | roll=1484 pitch=1502 throttle=1468 | alt=304.39
2026-04-16 17:18:18,496 | Cruise | lat=50.442905 lon=30.454003 alt=304.34m yaw=0.56deg | dist=422.7m | forward=36.3 | right=-421.1 | roll=1484 pitch=1502 throttle=1468 | alt=304.34
2026-04-16 17:18:18,847 | Cruise | lat=50.442886 lon=30.453986 alt=304.30m yaw=0.59deg | dist=421.7m | forward=38.5 | right=-419.9 | roll=1484 pitch=1503 throttle=1468 | alt=304.30
2026-04-16 17:18:19,198 | Cruise | lat=50.442876 lon=30.453977 alt=304.31m yaw=0.59deg | dist=421.2m | forward=39.6 | right=-419.3 | roll=1484 pitch=1503 throttle=1468 | alt=304.31
2026-04-16 17:18:19,549 | Cruise | lat=50.442856 lon=30.453959 alt=304.32m yaw=0.59deg | dist=420.2m | forward=41.8 | right=-418.1 | roll=1484 pitch=1503 throttle=1468 | alt=304.32
2026-04-16 17:18:19,900 | Cruise | lat=50.442846 lon=30.453951 alt=304.31m yaw=0.59deg | dist=419.7m | forward=42.9 | right=-417.5 | roll=1484 pitch=1503 throttle=1468 | alt=304.31
2026-04-16 17:18:20,251 | Cruise | lat=50.442836 lon=30.453942 alt=304.28m yaw=0.58deg | dist=419.3m | forward=44.0 | right=-416.9 | roll=1484 pitch=1503 throttle=1468 | alt=304.28
2026-04-16 17:18:20,603 | Cruise | lat=50.442817 lon=30.453924 alt=304.25m yaw=0.58deg | dist=418.3m | forward=46.3 | right=-415.7 | roll=1484 pitch=1503 throttle=1468 | alt=304.25
2026-04-16 17:18:20,953 | Cruise | lat=50.442807 lon=30.453915 alt=304.21m yaw=0.57deg | dist=417.8m | forward=47.4 | right=-415.1 | roll=1484 pitch=1503 throttle=1468 | alt=304.21
2026-04-16 17:18:21,304 | Cruise | lat=50.442788 lon=30.453898 alt=304.14m yaw=0.57deg | dist=416.9m | forward=49.6 | right=-413.9 | roll=1484 pitch=1503 throttle=1468 | alt=304.14
2026-04-16 17:18:21,655 | Cruise | lat=50.442778 lon=30.453889 alt=304.11m yaw=0.57deg | dist=416.4m | forward=50.7 | right=-413.3 | roll=1484 pitch=1504 throttle=1468 | alt=304.11
2026-04-16 17:18:22,006 | Cruise | lat=50.442768 lon=30.453880 alt=304.07m yaw=0.57deg | dist=416.0m | forward=51.8 | right=-412.8 | roll=1484 pitch=1504 throttle=1468 | alt=304.07
2026-04-16 17:18:22,357 | Cruise | lat=50.442748 lon=30.453862 alt=304.04m yaw=0.56deg | dist=415.1m | forward=54.0 | right=-411.6 | roll=1484 pitch=1504 throttle=1468 | alt=304.04
2026-04-16 17:18:22,708 | Cruise | lat=50.442739 lon=30.453854 alt=303.99m yaw=0.56deg | dist=414.7m | forward=55.1 | right=-411.0 | roll=1484 pitch=1504 throttle=1468 | alt=303.99
2026-04-16 17:18:23,059 | Cruise | lat=50.442719 lon=30.453836 alt=303.92m yaw=0.56deg | dist=413.8m | forward=57.3 | right=-409.8 | roll=1484 pitch=1504 throttle=1468 | alt=303.92
2026-04-16 17:18:23,410 | Cruise | lat=50.442709 lon=30.453827 alt=303.88m yaw=0.56deg | dist=413.3m | forward=58.4 | right=-409.2 | roll=1484 pitch=1504 throttle=1468 | alt=303.88
2026-04-16 17:18:23,761 | Cruise | lat=50.442699 lon=30.453819 alt=303.84m yaw=0.57deg | dist=412.9m | forward=59.5 | right=-408.6 | roll=1484 pitch=1504 throttle=1468 | alt=303.84
2026-04-16 17:18:24,112 | Cruise | lat=50.442680 lon=30.453801 alt=303.83m yaw=0.57deg | dist=412.0m | forward=61.7 | right=-407.4 | roll=1484 pitch=1504 throttle=1468 | alt=303.83
2026-04-16 17:18:24,463 | Cruise | lat=50.442670 lon=30.453792 alt=303.82m yaw=0.56deg | dist=411.6m | forward=62.8 | right=-406.8 | roll=1484 pitch=1505 throttle=1468 | alt=303.82
2026-04-16 17:18:24,814 | Cruise | lat=50.442650 lon=30.453774 alt=303.79m yaw=0.56deg | dist=410.8m | forward=65.1 | right=-405.6 | roll=1484 pitch=1505 throttle=1468 | alt=303.79
2026-04-16 17:18:25,165 | Cruise | lat=50.442640 lon=30.453766 alt=303.75m yaw=0.56deg | dist=410.4m | forward=66.2 | right=-405.0 | roll=1484 pitch=1505 throttle=1468 | alt=303.75
2026-04-16 17:18:25,517 | Cruise | lat=50.442631 lon=30.453757 alt=303.67m yaw=0.56deg | dist=410.0m | forward=67.3 | right=-404.4 | roll=1484 pitch=1505 throttle=1468 | alt=303.67
2026-04-16 17:18:25,868 | Cruise | lat=50.442611 lon=30.453739 alt=303.65m yaw=0.56deg | dist=409.2m | forward=69.5 | right=-403.2 | roll=1484 pitch=1505 throttle=1468 | alt=303.65
2026-04-16 17:18:26,219 | Cruise | lat=50.442601 lon=30.453730 alt=303.65m yaw=0.56deg | dist=408.8m | forward=70.6 | right=-402.6 | roll=1484 pitch=1505 throttle=1468 | alt=303.65
2026-04-16 17:18:26,571 | Cruise | lat=50.442582 lon=30.453713 alt=303.66m yaw=0.56deg | dist=408.0m | forward=72.8 | right=-401.4 | roll=1484 pitch=1505 throttle=1468 | alt=303.66
2026-04-16 17:18:26,922 | Cruise | lat=50.442572 lon=30.453704 alt=303.64m yaw=0.57deg | dist=407.6m | forward=73.9 | right=-400.8 | roll=1484 pitch=1505 throttle=1468 | alt=303.64
2026-04-16 17:18:27,273 | Cruise | lat=50.442552 lon=30.453686 alt=303.52m yaw=0.57deg | dist=406.8m | forward=76.2 | right=-399.6 | roll=1484 pitch=1506 throttle=1468 | alt=303.52
2026-04-16 17:18:27,624 | Cruise | lat=50.442542 lon=30.453678 alt=303.43m yaw=0.57deg | dist=406.5m | forward=77.3 | right=-399.0 | roll=1484 pitch=1506 throttle=1468 | alt=303.43
2026-04-16 17:18:27,974 | Cruise | lat=50.442532 lon=30.453669 alt=303.33m yaw=0.58deg | dist=406.1m | forward=78.4 | right=-398.4 | roll=1484 pitch=1506 throttle=1468 | alt=303.33
2026-04-16 17:18:28,326 | Cruise | lat=50.442513 lon=30.453651 alt=303.05m yaw=0.58deg | dist=405.4m | forward=80.6 | right=-397.3 | roll=1484 pitch=1506 throttle=1468 | alt=303.05
2026-04-16 17:18:28,677 | Cruise | lat=50.442503 lon=30.453643 alt=302.94m yaw=0.58deg | dist=405.0m | forward=81.7 | right=-396.7 | roll=1484 pitch=1506 throttle=1478 | alt=302.94
2026-04-16 17:18:29,028 | Cruise | lat=50.442483 lon=30.453625 alt=302.72m yaw=0.59deg | dist=404.3m | forward=83.9 | right=-395.5 | roll=1484 pitch=1506 throttle=1478 | alt=302.72
2026-04-16 17:18:29,379 | Cruise | lat=50.442473 lon=30.453616 alt=302.63m yaw=0.59deg | dist=403.9m | forward=85.0 | right=-394.9 | roll=1484 pitch=1506 throttle=1478 | alt=302.63
2026-04-16 17:18:29,730 | Cruise | lat=50.442463 lon=30.453608 alt=302.55m yaw=0.60deg | dist=403.6m | forward=86.2 | right=-394.3 | roll=1484 pitch=1506 throttle=1478 | alt=302.55
2026-04-16 17:18:30,081 | Cruise | lat=50.442444 lon=30.453590 alt=302.39m yaw=0.60deg | dist=402.9m | forward=88.4 | right=-393.1 | roll=1484 pitch=1507 throttle=1478 | alt=302.39
2026-04-16 17:18:30,432 | Cruise | lat=50.442434 lon=30.453581 alt=302.33m yaw=0.60deg | dist=402.6m | forward=89.5 | right=-392.5 | roll=1484 pitch=1507 throttle=1478 | alt=302.33
2026-04-16 17:18:30,783 | Cruise | lat=50.442414 lon=30.453564 alt=302.38m yaw=0.59deg | dist=402.0m | forward=91.7 | right=-391.4 | roll=1484 pitch=1507 throttle=1478 | alt=302.38
2026-04-16 17:18:31,134 | Cruise | lat=50.442405 lon=30.453556 alt=302.46m yaw=0.58deg | dist=401.6m | forward=92.8 | right=-390.8 | roll=1484 pitch=1507 throttle=1478 | alt=302.46
2026-04-16 17:18:31,485 | Cruise | lat=50.442395 lon=30.453547 alt=302.54m yaw=0.57deg | dist=401.3m | forward=93.9 | right=-390.2 | roll=1484 pitch=1507 throttle=1478 | alt=302.54
2026-04-16 17:18:31,836 | Cruise | lat=50.442375 lon=30.453530 alt=302.64m yaw=0.57deg | dist=400.7m | forward=96.1 | right=-389.0 | roll=1484 pitch=1507 throttle=1478 | alt=302.64
2026-04-16 17:18:32,187 | Cruise | lat=50.442366 lon=30.453521 alt=302.69m yaw=0.57deg | dist=400.4m | forward=97.2 | right=-388.4 | roll=1484 pitch=1507 throttle=1478 | alt=302.69
2026-04-16 17:18:32,538 | Cruise | lat=50.442346 lon=30.453504 alt=302.82m yaw=0.57deg | dist=399.8m | forward=99.4 | right=-387.3 | roll=1484 pitch=1507 throttle=1478 | alt=302.82
2026-04-16 17:18:32,890 | Cruise | lat=50.442336 lon=30.453495 alt=302.89m yaw=0.57deg | dist=399.5m | forward=100.5 | right=-386.7 | roll=1484 pitch=1508 throttle=1478 | alt=302.89
2026-04-16 17:18:33,241 | Cruise | lat=50.442326 lon=30.453486 alt=302.96m yaw=0.57deg | dist=399.2m | forward=101.6 | right=-386.1 | roll=1484 pitch=1508 throttle=1478 | alt=302.96
2026-04-16 17:18:33,592 | Cruise | lat=50.442307 lon=30.453468 alt=303.08m yaw=0.56deg | dist=398.6m | forward=103.8 | right=-384.9 | roll=1484 pitch=1508 throttle=1468 | alt=303.08
2026-04-16 17:18:33,943 | Cruise | lat=50.442297 lon=30.453460 alt=303.11m yaw=0.57deg | dist=398.3m | forward=104.9 | right=-384.3 | roll=1484 pitch=1508 throttle=1468 | alt=303.11
2026-04-16 17:18:34,294 | Cruise | lat=50.442278 lon=30.453442 alt=303.10m yaw=0.58deg | dist=397.8m | forward=107.1 | right=-383.1 | roll=1484 pitch=1508 throttle=1468 | alt=303.10
2026-04-16 17:18:34,645 | Cruise | lat=50.442268 lon=30.453433 alt=303.04m yaw=0.59deg | dist=397.5m | forward=108.2 | right=-382.5 | roll=1484 pitch=1508 throttle=1468 | alt=303.04
2026-04-16 17:18:34,996 | Cruise | lat=50.442258 lon=30.453425 alt=302.98m yaw=0.59deg | dist=397.2m | forward=109.3 | right=-381.9 | roll=1484 pitch=1508 throttle=1478 | alt=302.98
2026-04-16 17:18:35,348 | Cruise | lat=50.442239 lon=30.453407 alt=302.86m yaw=0.58deg | dist=396.7m | forward=111.5 | right=-380.7 | roll=1484 pitch=1508 throttle=1478 | alt=302.86
2026-04-16 17:18:35,698 | Cruise | lat=50.442229 lon=30.453398 alt=302.80m yaw=0.57deg | dist=396.5m | forward=112.6 | right=-380.1 | roll=1484 pitch=1509 throttle=1478 | alt=302.80
2026-04-16 17:18:36,049 | Cruise | lat=50.442209 lon=30.453381 alt=302.76m yaw=0.57deg | dist=396.0m | forward=114.8 | right=-378.9 | roll=1484 pitch=1509 throttle=1478 | alt=302.76
2026-04-16 17:18:36,400 | Cruise | lat=50.442200 lon=30.453372 alt=302.81m yaw=0.57deg | dist=395.7m | forward=115.9 | right=-378.3 | roll=1484 pitch=1509 throttle=1478 | alt=302.81
2026-04-16 17:18:36,751 | Cruise | lat=50.442190 lon=30.453363 alt=302.87m yaw=0.56deg | dist=395.5m | forward=117.0 | right=-377.7 | roll=1484 pitch=1509 throttle=1478 | alt=302.87
2026-04-16 17:18:37,102 | Cruise | lat=50.442170 lon=30.453346 alt=303.01m yaw=0.56deg | dist=395.0m | forward=119.3 | right=-376.5 | roll=1484 pitch=1509 throttle=1468 | alt=303.01
2026-04-16 17:18:37,453 | Cruise | lat=50.442160 lon=30.453337 alt=303.12m yaw=0.56deg | dist=394.8m | forward=120.4 | right=-375.9 | roll=1484 pitch=1509 throttle=1468 | alt=303.12
2026-04-16 17:18:37,804 | Cruise | lat=50.442141 lon=30.453319 alt=303.32m yaw=0.58deg | dist=394.3m | forward=122.6 | right=-374.7 | roll=1484 pitch=1509 throttle=1468 | alt=303.32
2026-04-16 17:18:38,155 | Cruise | lat=50.442131 lon=30.453310 alt=303.39m yaw=0.58deg | dist=394.1m | forward=123.7 | right=-374.1 | roll=1484 pitch=1509 throttle=1468 | alt=303.39
2026-04-16 17:18:38,506 | Cruise | lat=50.442121 lon=30.453301 alt=303.45m yaw=0.58deg | dist=393.8m | forward=124.8 | right=-373.5 | roll=1484 pitch=1509 throttle=1468 | alt=303.45
2026-04-16 17:18:38,858 | Cruise | lat=50.442101 lon=30.453283 alt=303.54m yaw=0.58deg | dist=393.4m | forward=127.0 | right=-372.3 | roll=1484 pitch=1510 throttle=1468 | alt=303.54
2026-04-16 17:18:39,209 | Cruise | lat=50.442091 lon=30.453274 alt=303.54m yaw=0.58deg | dist=393.2m | forward=128.1 | right=-371.7 | roll=1484 pitch=1510 throttle=1468 | alt=303.54
2026-04-16 17:18:39,560 | Cruise | lat=50.442072 lon=30.453257 alt=303.55m yaw=0.58deg | dist=392.8m | forward=130.4 | right=-370.5 | roll=1484 pitch=1510 throttle=1468 | alt=303.55
2026-04-16 17:18:39,911 | Cruise | lat=50.442062 lon=30.453248 alt=303.56m yaw=0.58deg | dist=392.6m | forward=131.5 | right=-369.9 | roll=1484 pitch=1510 throttle=1468 | alt=303.56
2026-04-16 17:18:40,262 | Cruise | lat=50.442052 lon=30.453239 alt=303.53m yaw=0.59deg | dist=392.4m | forward=132.6 | right=-369.3 | roll=1484 pitch=1510 throttle=1468 | alt=303.53
2026-04-16 17:18:40,613 | Cruise | lat=50.442033 lon=30.453221 alt=303.47m yaw=0.58deg | dist=392.0m | forward=134.8 | right=-368.1 | roll=1484 pitch=1510 throttle=1468 | alt=303.47
2026-04-16 17:18:40,964 | Cruise | lat=50.442023 lon=30.453212 alt=303.47m yaw=0.57deg | dist=391.8m | forward=135.8 | right=-367.5 | roll=1484 pitch=1510 throttle=1468 | alt=303.47
2026-04-16 17:18:41,314 | Cruise | lat=50.442004 lon=30.453195 alt=303.47m yaw=0.56deg | dist=391.5m | forward=138.1 | right=-366.3 | roll=1484 pitch=1511 throttle=1468 | alt=303.47
2026-04-16 17:18:41,665 | Cruise | lat=50.441994 lon=30.453186 alt=303.44m yaw=0.56deg | dist=391.3m | forward=139.2 | right=-365.7 | roll=1484 pitch=1511 throttle=1468 | alt=303.44
2026-04-16 17:18:42,016 | Cruise | lat=50.441984 lon=30.453177 alt=303.42m yaw=0.56deg | dist=391.1m | forward=140.3 | right=-365.1 | roll=1484 pitch=1511 throttle=1468 | alt=303.42
2026-04-16 17:18:42,367 | Cruise | lat=50.441965 lon=30.453160 alt=303.32m yaw=0.56deg | dist=390.8m | forward=142.4 | right=-363.9 | roll=1484 pitch=1511 throttle=1468 | alt=303.32
2026-04-16 17:18:42,719 | Cruise | lat=50.441955 lon=30.453151 alt=303.27m yaw=0.56deg | dist=390.7m | forward=143.5 | right=-363.4 | roll=1484 pitch=1511 throttle=1468 | alt=303.27
2026-04-16 17:18:43,070 | Cruise | lat=50.441936 lon=30.453133 alt=303.18m yaw=0.56deg | dist=390.4m | forward=145.7 | right=-362.2 | roll=1484 pitch=1511 throttle=1468 | alt=303.18
2026-04-16 17:18:43,421 | Cruise | lat=50.441926 lon=30.453125 alt=303.11m yaw=0.56deg | dist=390.3m | forward=146.8 | right=-361.6 | roll=1484 pitch=1511 throttle=1468 | alt=303.11
2026-04-16 17:18:43,771 | Cruise | lat=50.441916 lon=30.453116 alt=303.03m yaw=0.56deg | dist=390.1m | forward=147.9 | right=-361.0 | roll=1484 pitch=1511 throttle=1468 | alt=303.03
2026-04-16 17:18:44,122 | Cruise | lat=50.441897 lon=30.453098 alt=302.90m yaw=0.55deg | dist=389.9m | forward=150.1 | right=-359.8 | roll=1484 pitch=1512 throttle=1478 | alt=302.90
2026-04-16 17:18:44,474 | Cruise | lat=50.441887 lon=30.453090 alt=302.88m yaw=0.56deg | dist=389.7m | forward=151.2 | right=-359.2 | roll=1484 pitch=1512 throttle=1478 | alt=302.88
2026-04-16 17:18:44,825 | Cruise | lat=50.441868 lon=30.453072 alt=302.86m yaw=0.57deg | dist=389.5m | forward=153.4 | right=-358.0 | roll=1484 pitch=1512 throttle=1478 | alt=302.86
2026-04-16 17:18:45,176 | Cruise | lat=50.441858 lon=30.453063 alt=302.86m yaw=0.57deg | dist=389.4m | forward=154.5 | right=-357.4 | roll=1484 pitch=1512 throttle=1478 | alt=302.86
2026-04-16 17:18:45,527 | Cruise | lat=50.441838 lon=30.453046 alt=302.83m yaw=0.58deg | dist=389.2m | forward=156.7 | right=-356.2 | roll=1484 pitch=1512 throttle=1478 | alt=302.83
2026-04-16 17:18:45,878 | Cruise | lat=50.441829 lon=30.453037 alt=302.81m yaw=0.57deg | dist=389.1m | forward=157.8 | right=-355.6 | roll=1484 pitch=1512 throttle=1478 | alt=302.81
2026-04-16 17:18:46,229 | Cruise | lat=50.441819 lon=30.453028 alt=302.80m yaw=0.57deg | dist=389.0m | forward=158.9 | right=-355.0 | roll=1484 pitch=1512 throttle=1478 | alt=302.80
2026-04-16 17:18:46,580 | Cruise | lat=50.441799 lon=30.453011 alt=302.82m yaw=0.57deg | dist=388.8m | forward=161.1 | right=-353.8 | roll=1484 pitch=1512 throttle=1478 | alt=302.82
2026-04-16 17:18:46,931 | Cruise | lat=50.441790 lon=30.453002 alt=302.85m yaw=0.56deg | dist=388.7m | forward=162.2 | right=-353.2 | roll=1484 pitch=1512 throttle=1478 | alt=302.85
2026-04-16 17:18:47,282 | Cruise | lat=50.441770 lon=30.452984 alt=302.95m yaw=0.56deg | dist=388.6m | forward=164.4 | right=-352.0 | roll=1484 pitch=1513 throttle=1478 | alt=302.95
2026-04-16 17:18:47,633 | Cruise | lat=50.441760 lon=30.452975 alt=303.01m yaw=0.55deg | dist=388.5m | forward=165.5 | right=-351.5 | roll=1484 pitch=1513 throttle=1468 | alt=303.01
2026-04-16 17:18:47,984 | Cruise | lat=50.441750 lon=30.452966 alt=303.07m yaw=0.55deg | dist=388.4m | forward=166.6 | right=-350.8 | roll=1484 pitch=1513 throttle=1468 | alt=303.07
2026-04-16 17:18:48,335 | Cruise | lat=50.441731 lon=30.452949 alt=303.20m yaw=0.58deg | dist=388.3m | forward=168.8 | right=-349.7 | roll=1484 pitch=1513 throttle=1468 | alt=303.20
2026-04-16 17:18:48,686 | Cruise | lat=50.441721 lon=30.452940 alt=303.29m yaw=0.59deg | dist=388.2m | forward=170.0 | right=-349.1 | roll=1484 pitch=1513 throttle=1468 | alt=303.29
2026-04-16 17:18:49,036 | Cruise | lat=50.441702 lon=30.452922 alt=303.45m yaw=0.58deg | dist=388.1m | forward=172.2 | right=-347.9 | roll=1484 pitch=1513 throttle=1468 | alt=303.45
2026-04-16 17:18:49,388 | Cruise | lat=50.441692 lon=30.452914 alt=303.50m yaw=0.57deg | dist=388.1m | forward=173.3 | right=-347.3 | roll=1484 pitch=1513 throttle=1468 | alt=303.50
2026-04-16 17:18:49,739 | Cruise | lat=50.441682 lon=30.452905 alt=303.53m yaw=0.56deg | dist=388.1m | forward=174.4 | right=-346.7 | roll=1484 pitch=1513 throttle=1468 | alt=303.53
2026-04-16 17:18:50,090 | Cruise | lat=50.441662 lon=30.452888 alt=303.56m yaw=0.58deg | dist=388.0m | forward=176.6 | right=-345.5 | roll=1484 pitch=1514 throttle=1468 | alt=303.56
2026-04-16 17:18:50,442 | Cruise | lat=50.441652 lon=30.452879 alt=303.52m yaw=0.58deg | dist=388.0m | forward=177.7 | right=-344.9 | roll=1484 pitch=1514 throttle=1468 | alt=303.52
2026-04-16 17:18:50,792 | Cruise | lat=50.441633 lon=30.452862 alt=303.39m yaw=0.58deg | dist=388.0m | forward=179.9 | right=-343.8 | roll=1484 pitch=1514 throttle=1468 | alt=303.39
2026-04-16 17:18:51,143 | Cruise | lat=50.441623 lon=30.452853 alt=303.30m yaw=0.58deg | dist=388.0m | forward=181.0 | right=-343.2 | roll=1484 pitch=1514 throttle=1468 | alt=303.30
2026-04-16 17:18:51,494 | Cruise | lat=50.441614 lon=30.452844 alt=303.20m yaw=0.58deg | dist=388.0m | forward=182.1 | right=-342.6 | roll=1484 pitch=1514 throttle=1468 | alt=303.20
2026-04-16 17:18:51,845 | Cruise | lat=50.441594 lon=30.452827 alt=303.09m yaw=0.57deg | dist=388.0m | forward=184.3 | right=-341.4 | roll=1484 pitch=1514 throttle=1468 | alt=303.09
2026-04-16 17:18:52,196 | Cruise | lat=50.441584 lon=30.452818 alt=303.04m yaw=0.57deg | dist=388.0m | forward=185.4 | right=-340.8 | roll=1484 pitch=1514 throttle=1468 | alt=303.04
2026-04-16 17:18:52,547 | Cruise | lat=50.441564 lon=30.452800 alt=302.91m yaw=0.56deg | dist=388.0m | forward=187.6 | right=-339.6 | roll=1484 pitch=1515 throttle=1478 | alt=302.91
2026-04-16 17:18:52,898 | Cruise | lat=50.441555 lon=30.452792 alt=302.87m yaw=0.56deg | dist=388.0m | forward=188.7 | right=-339.0 | roll=1484 pitch=1515 throttle=1478 | alt=302.87
2026-04-16 17:18:53,249 | Cruise | lat=50.441545 lon=30.452783 alt=302.83m yaw=0.56deg | dist=388.0m | forward=189.8 | right=-338.4 | roll=1484 pitch=1515 throttle=1478 | alt=302.83
2026-04-16 17:18:53,600 | Cruise | lat=50.441525 lon=30.452766 alt=302.72m yaw=0.56deg | dist=388.1m | forward=192.1 | right=-337.2 | roll=1484 pitch=1515 throttle=1478 | alt=302.72
2026-04-16 17:18:53,952 | Cruise | lat=50.441516 lon=30.452757 alt=302.68m yaw=0.55deg | dist=388.1m | forward=193.2 | right=-336.7 | roll=1484 pitch=1515 throttle=1478 | alt=302.68
2026-04-16 17:18:54,302 | Cruise | lat=50.441496 lon=30.452739 alt=302.69m yaw=0.55deg | dist=388.2m | forward=195.4 | right=-335.5 | roll=1484 pitch=1515 throttle=1478 | alt=302.69
2026-04-16 17:18:54,654 | Cruise | lat=50.441486 lon=30.452731 alt=302.73m yaw=0.55deg | dist=388.3m | forward=196.5 | right=-334.9 | roll=1484 pitch=1515 throttle=1478 | alt=302.73
2026-04-16 17:18:55,005 | Cruise | lat=50.441476 lon=30.452722 alt=302.78m yaw=0.55deg | dist=388.3m | forward=197.6 | right=-334.3 | roll=1484 pitch=1515 throttle=1478 | alt=302.78
2026-04-16 17:18:55,356 | Cruise | lat=50.441456 lon=30.452704 alt=302.94m yaw=0.55deg | dist=388.5m | forward=199.8 | right=-333.1 | roll=1484 pitch=1515 throttle=1478 | alt=302.94
2026-04-16 17:18:55,707 | Cruise | lat=50.441446 lon=30.452696 alt=303.06m yaw=0.56deg | dist=388.5m | forward=200.9 | right=-332.5 | roll=1484 pitch=1516 throttle=1468 | alt=303.06
2026-04-16 17:18:56,058 | Cruise | lat=50.441427 lon=30.452678 alt=303.28m yaw=0.58deg | dist=388.7m | forward=203.2 | right=-331.3 | roll=1484 pitch=1516 throttle=1468 | alt=303.28
2026-04-16 17:18:56,409 | Cruise | lat=50.441417 lon=30.452669 alt=303.38m yaw=0.59deg | dist=388.7m | forward=204.3 | right=-330.7 | roll=1484 pitch=1516 throttle=1468 | alt=303.38
2026-04-16 17:18:56,759 | Cruise | lat=50.441407 lon=30.452661 alt=303.48m yaw=0.59deg | dist=388.8m | forward=205.4 | right=-330.2 | roll=1484 pitch=1516 throttle=1468 | alt=303.48
2026-04-16 17:18:57,110 | Cruise | lat=50.441387 lon=30.452643 alt=303.65m yaw=0.57deg | dist=389.0m | forward=207.6 | right=-329.0 | roll=1484 pitch=1516 throttle=1468 | alt=303.65
2026-04-16 17:18:57,462 | Cruise | lat=50.441378 lon=30.452635 alt=303.74m yaw=0.56deg | dist=389.1m | forward=208.7 | right=-328.4 | roll=1484 pitch=1516 throttle=1468 | alt=303.74
2026-04-16 17:18:57,812 | Cruise | lat=50.441358 lon=30.452617 alt=303.96m yaw=0.58deg | dist=389.3m | forward=210.9 | right=-327.2 | roll=1484 pitch=1516 throttle=1468 | alt=303.96
2026-04-16 17:18:58,163 | Cruise | lat=50.441348 lon=30.452609 alt=304.05m yaw=0.58deg | dist=389.4m | forward=212.0 | right=-326.6 | roll=1484 pitch=1516 throttle=1468 | alt=304.05
2026-04-16 17:18:58,514 | Cruise | lat=50.441339 lon=30.452600 alt=304.10m yaw=0.59deg | dist=389.5m | forward=213.1 | right=-326.0 | roll=1484 pitch=1516 throttle=1468 | alt=304.10
2026-04-16 17:18:58,866 | Cruise | lat=50.441319 lon=30.452582 alt=304.21m yaw=0.59deg | dist=389.8m | forward=215.4 | right=-324.9 | roll=1484 pitch=1516 throttle=1468 | alt=304.21
2026-04-16 17:18:59,222 | Cruise | lat=50.441309 lon=30.452574 alt=304.26m yaw=0.59deg | dist=389.9m | forward=216.5 | right=-324.3 | roll=1484 pitch=1516 throttle=1468 | alt=304.26
2026-04-16 17:18:59,572 | Cruise | lat=50.441289 lon=30.452556 alt=304.30m yaw=0.60deg | dist=390.2m | forward=218.7 | right=-323.1 | roll=1484 pitch=1516 throttle=1468 | alt=304.30
2026-04-16 17:18:59,923 | Cruise | lat=50.441279 lon=30.452548 alt=304.29m yaw=0.60deg | dist=390.3m | forward=219.8 | right=-322.5 | roll=1484 pitch=1516 throttle=1468 | alt=304.29
2026-04-16 17:19:00,275 | Cruise | lat=50.441269 lon=30.452539 alt=304.24m yaw=0.58deg | dist=390.4m | forward=220.9 | right=-321.9 | roll=1484 pitch=1516 throttle=1468 | alt=304.24
2026-04-16 17:19:00,627 | Cruise | lat=50.441250 lon=30.452521 alt=304.15m yaw=0.57deg | dist=390.7m | forward=223.2 | right=-320.7 | roll=1484 pitch=1516 throttle=1468 | alt=304.15
2026-04-16 17:19:00,978 | Cruise | lat=50.441240 lon=30.452513 alt=304.07m yaw=0.56deg | dist=390.9m | forward=224.3 | right=-320.1 | roll=1484 pitch=1516 throttle=1468 | alt=304.07
2026-04-16 17:19:01,329 | Cruise | lat=50.441221 lon=30.452495 alt=303.91m yaw=0.57deg | dist=391.2m | forward=226.5 | right=-318.9 | roll=1484 pitch=1516 throttle=1468 | alt=303.91
2026-04-16 17:19:01,680 | Cruise | lat=50.441211 lon=30.452486 alt=303.86m yaw=0.58deg | dist=391.3m | forward=227.5 | right=-318.4 | roll=1484 pitch=1516 throttle=1468 | alt=303.86
2026-04-16 17:19:02,031 | Cruise | lat=50.441201 lon=30.452478 alt=303.79m yaw=0.58deg | dist=391.5m | forward=228.6 | right=-317.8 | roll=1484 pitch=1516 throttle=1468 | alt=303.79
2026-04-16 17:19:02,382 | Cruise | lat=50.441182 lon=30.452460 alt=303.67m yaw=0.59deg | dist=391.8m | forward=230.8 | right=-316.6 | roll=1484 pitch=1516 throttle=1468 | alt=303.67
2026-04-16 17:19:02,733 | Cruise | lat=50.441172 lon=30.452452 alt=303.63m yaw=0.59deg | dist=392.0m | forward=231.9 | right=-316.0 | roll=1484 pitch=1516 throttle=1468 | alt=303.63
2026-04-16 17:19:03,083 | Cruise | lat=50.441153 lon=30.452434 alt=303.53m yaw=0.57deg | dist=392.3m | forward=234.1 | right=-314.8 | roll=1484 pitch=1516 throttle=1468 | alt=303.53
2026-04-16 17:19:03,434 | Cruise | lat=50.441143 lon=30.452426 alt=303.45m yaw=0.57deg | dist=392.5m | forward=235.2 | right=-314.2 | roll=1484 pitch=1516 throttle=1468 | alt=303.45
2026-04-16 17:19:03,785 | Cruise | lat=50.441133 lon=30.452417 alt=303.36m yaw=0.56deg | dist=392.7m | forward=236.3 | right=-313.7 | roll=1484 pitch=1516 throttle=1468 | alt=303.36
2026-04-16 17:19:04,137 | Cruise | lat=50.441114 lon=30.452400 alt=303.27m yaw=0.57deg | dist=393.1m | forward=238.5 | right=-312.5 | roll=1484 pitch=1516 throttle=1468 | alt=303.27
2026-04-16 17:19:04,490 | Cruise | lat=50.441104 lon=30.452391 alt=303.23m yaw=0.58deg | dist=393.3m | forward=239.6 | right=-311.9 | roll=1484 pitch=1516 throttle=1468 | alt=303.23
2026-04-16 17:19:04,840 | Cruise | lat=50.441085 lon=30.452373 alt=303.15m yaw=0.58deg | dist=393.7m | forward=241.8 | right=-310.7 | roll=1484 pitch=1516 throttle=1468 | alt=303.15
2026-04-16 17:19:05,192 | Cruise | lat=50.441075 lon=30.452364 alt=303.08m yaw=0.57deg | dist=393.9m | forward=242.9 | right=-310.1 | roll=1484 pitch=1516 throttle=1468 | alt=303.08
2026-04-16 17:19:05,543 | Cruise | lat=50.441055 lon=30.452347 alt=302.89m yaw=0.57deg | dist=394.3m | forward=245.1 | right=-308.9 | roll=1484 pitch=1516 throttle=1478 | alt=302.89
2026-04-16 17:19:05,894 | Cruise | lat=50.441046 lon=30.452338 alt=302.79m yaw=0.56deg | dist=394.5m | forward=246.2 | right=-308.3 | roll=1484 pitch=1516 throttle=1478 | alt=302.79
2026-04-16 17:19:06,245 | Cruise | lat=50.441036 lon=30.452329 alt=302.67m yaw=0.56deg | dist=394.7m | forward=247.3 | right=-307.7 | roll=1484 pitch=1516 throttle=1478 | alt=302.67
2026-04-16 17:19:06,597 | Cruise | lat=50.441016 lon=30.452311 alt=302.49m yaw=0.56deg | dist=395.2m | forward=249.5 | right=-306.5 | roll=1484 pitch=1516 throttle=1478 | alt=302.49
2026-04-16 17:19:06,947 | Cruise | lat=50.441007 lon=30.452302 alt=302.44m yaw=0.56deg | dist=395.4m | forward=250.6 | right=-305.9 | roll=1484 pitch=1516 throttle=1478 | alt=302.44
2026-04-16 17:19:07,298 | Cruise | lat=50.440987 lon=30.452285 alt=302.25m yaw=0.55deg | dist=395.9m | forward=252.8 | right=-304.7 | roll=1484 pitch=1516 throttle=1478 | alt=302.25
2026-04-16 17:19:07,649 | Cruise | lat=50.440978 lon=30.452276 alt=302.16m yaw=0.55deg | dist=396.1m | forward=253.9 | right=-304.1 | roll=1484 pitch=1516 throttle=1478 | alt=302.16
2026-04-16 17:19:08,000 | Cruise | lat=50.440968 lon=30.452267 alt=302.07m yaw=0.55deg | dist=396.4m | forward=255.0 | right=-303.5 | roll=1484 pitch=1516 throttle=1478 | alt=302.07
2026-04-16 17:19:08,351 | Cruise | lat=50.440948 lon=30.452250 alt=301.99m yaw=0.55deg | dist=396.9m | forward=257.2 | right=-302.3 | roll=1484 pitch=1516 throttle=1478 | alt=301.99
2026-04-16 17:19:08,701 | Cruise | lat=50.440939 lon=30.452241 alt=301.95m yaw=0.55deg | dist=397.2m | forward=258.3 | right=-301.7 | roll=1484 pitch=1516 throttle=1478 | alt=301.95
2026-04-16 17:19:09,053 | Cruise | lat=50.440929 lon=30.452232 alt=301.90m yaw=0.54deg | dist=397.4m | forward=259.4 | right=-301.1 | roll=1484 pitch=1516 throttle=1478 | alt=301.90
2026-04-16 17:19:09,404 | Cruise | lat=50.440909 lon=30.452214 alt=301.78m yaw=0.54deg | dist=398.0m | forward=261.6 | right=-299.9 | roll=1484 pitch=1516 throttle=1478 | alt=301.78
2026-04-16 17:19:09,755 | Cruise | lat=50.440900 lon=30.452206 alt=301.77m yaw=0.55deg | dist=398.2m | forward=262.7 | right=-299.3 | roll=1484 pitch=1516 throttle=1478 | alt=301.77
2026-04-16 17:19:10,106 | Cruise | lat=50.440880 lon=30.452188 alt=301.77m yaw=0.58deg | dist=398.8m | forward=264.9 | right=-298.1 | roll=1484 pitch=1516 throttle=1478 | alt=301.77
2026-04-16 17:19:10,457 | Cruise | lat=50.440870 lon=30.452179 alt=301.79m yaw=0.58deg | dist=399.1m | forward=266.0 | right=-297.5 | roll=1484 pitch=1516 throttle=1478 | alt=301.79
2026-04-16 17:19:10,808 | Cruise | lat=50.440851 lon=30.452161 alt=301.83m yaw=0.58deg | dist=399.7m | forward=268.2 | right=-296.3 | roll=1484 pitch=1516 throttle=1478 | alt=301.83
2026-04-16 17:19:11,159 | Cruise | lat=50.440841 lon=30.452152 alt=301.86m yaw=0.58deg | dist=399.9m | forward=269.3 | right=-295.7 | roll=1484 pitch=1516 throttle=1478 | alt=301.86
2026-04-16 17:19:11,510 | Cruise | lat=50.440831 lon=30.452143 alt=301.89m yaw=0.58deg | dist=400.3m | forward=270.4 | right=-295.1 | roll=1484 pitch=1516 throttle=1478 | alt=301.89
2026-04-16 17:19:11,861 | Cruise | lat=50.440812 lon=30.452126 alt=301.96m yaw=0.58deg | dist=400.9m | forward=272.6 | right=-293.9 | roll=1484 pitch=1516 throttle=1478 | alt=301.96
2026-04-16 17:19:12,211 | Cruise | lat=50.440802 lon=30.452117 alt=301.97m yaw=0.58deg | dist=401.2m | forward=273.7 | right=-293.3 | roll=1484 pitch=1516 throttle=1478 | alt=301.97
2026-04-16 17:19:12,562 | Cruise | lat=50.440782 lon=30.452099 alt=302.00m yaw=0.59deg | dist=401.8m | forward=275.9 | right=-292.1 | roll=1484 pitch=1516 throttle=1478 | alt=302.00
2026-04-16 17:19:12,913 | Cruise | lat=50.440773 lon=30.452091 alt=302.03m yaw=0.59deg | dist=402.2m | forward=277.0 | right=-291.5 | roll=1484 pitch=1516 throttle=1478 | alt=302.03
2026-04-16 17:19:13,265 | Cruise | lat=50.440763 lon=30.452082 alt=302.07m yaw=0.59deg | dist=402.5m | forward=278.1 | right=-290.9 | roll=1484 pitch=1516 throttle=1478 | alt=302.07
2026-04-16 17:19:13,616 | Cruise | lat=50.440743 lon=30.452064 alt=302.22m yaw=0.59deg | dist=403.1m | forward=280.3 | right=-289.7 | roll=1484 pitch=1516 throttle=1478 | alt=302.22
2026-04-16 17:19:13,967 | Cruise | lat=50.440734 lon=30.452055 alt=302.28m yaw=0.59deg | dist=403.5m | forward=281.4 | right=-289.1 | roll=1484 pitch=1516 throttle=1478 | alt=302.28
2026-04-16 17:19:14,318 | Cruise | lat=50.440714 lon=30.452038 alt=302.41m yaw=0.60deg | dist=404.2m | forward=283.6 | right=-288.0 | roll=1484 pitch=1516 throttle=1478 | alt=302.41
2026-04-16 17:19:14,669 | Cruise | lat=50.440704 lon=30.452029 alt=302.48m yaw=0.58deg | dist=404.5m | forward=284.7 | right=-287.4 | roll=1484 pitch=1516 throttle=1478 | alt=302.48
2026-04-16 17:19:15,020 | Cruise | lat=50.440694 lon=30.452020 alt=302.60m yaw=0.57deg | dist=404.9m | forward=285.9 | right=-286.8 | roll=1484 pitch=1516 throttle=1478 | alt=302.60
2026-04-16 17:19:15,371 | Cruise | lat=50.440675 lon=30.452003 alt=302.83m yaw=0.56deg | dist=405.6m | forward=288.1 | right=-285.6 | roll=1484 pitch=1516 throttle=1478 | alt=302.83
2026-04-16 17:19:15,722 | Cruise | lat=50.440665 lon=30.451994 alt=302.98m yaw=0.56deg | dist=406.0m | forward=289.2 | right=-285.0 | roll=1484 pitch=1516 throttle=1478 | alt=302.98
2026-04-16 17:19:16,072 | Cruise | lat=50.440645 lon=30.451976 alt=303.33m yaw=0.56deg | dist=406.7m | forward=291.4 | right=-283.8 | roll=1484 pitch=1516 throttle=1468 | alt=303.33
2026-04-16 17:19:16,423 | Cruise | lat=50.440635 lon=30.451968 alt=303.52m yaw=0.57deg | dist=407.1m | forward=292.5 | right=-283.2 | roll=1484 pitch=1516 throttle=1468 | alt=303.52
2026-04-16 17:19:16,775 | Cruise | lat=50.440626 lon=30.451959 alt=303.70m yaw=0.58deg | dist=407.5m | forward=293.6 | right=-282.6 | roll=1484 pitch=1516 throttle=1468 | alt=303.70
2026-04-16 17:19:17,126 | Cruise | lat=50.440606 lon=30.451941 alt=304.00m yaw=0.58deg | dist=408.3m | forward=295.8 | right=-281.4 | roll=1484 pitch=1516 throttle=1468 | alt=304.00
2026-04-16 17:19:17,476 | Cruise | lat=50.440596 lon=30.451932 alt=304.14m yaw=0.59deg | dist=408.7m | forward=296.9 | right=-280.8 | roll=1484 pitch=1516 throttle=1468 | alt=304.14
2026-04-16 17:19:17,827 | Cruise | lat=50.440577 lon=30.451914 alt=304.43m yaw=0.59deg | dist=409.4m | forward=299.1 | right=-279.6 | roll=1484 pitch=1516 throttle=1468 | alt=304.43
2026-04-16 17:19:18,178 | Cruise | lat=50.440567 lon=30.451906 alt=304.61m yaw=0.58deg | dist=409.8m | forward=300.2 | right=-279.0 | roll=1484 pitch=1516 throttle=1468 | alt=304.61
2026-04-16 17:19:18,529 | Cruise | lat=50.440557 lon=30.451897 alt=304.75m yaw=0.58deg | dist=410.2m | forward=301.3 | right=-278.4 | roll=1484 pitch=1516 throttle=1468 | alt=304.75
2026-04-16 17:19:18,880 | Cruise | lat=50.440538 lon=30.451879 alt=304.90m yaw=0.57deg | dist=411.0m | forward=303.5 | right=-277.2 | roll=1484 pitch=1516 throttle=1468 | alt=304.90
2026-04-16 17:19:19,231 | Cruise | lat=50.440528 lon=30.451870 alt=304.95m yaw=0.57deg | dist=411.5m | forward=304.6 | right=-276.6 | roll=1484 pitch=1516 throttle=1468 | alt=304.95
2026-04-16 17:19:19,582 | Cruise | lat=50.440509 lon=30.451853 alt=305.04m yaw=0.57deg | dist=412.3m | forward=306.8 | right=-275.4 | roll=1484 pitch=1516 throttle=1468 | alt=305.04
2026-04-16 17:19:19,933 | Cruise | lat=50.440499 lon=30.451844 alt=305.07m yaw=0.57deg | dist=412.7m | forward=307.9 | right=-274.8 | roll=1484 pitch=1516 throttle=1468 | alt=305.07
2026-04-16 17:19:20,284 | Cruise | lat=50.440489 lon=30.451835 alt=305.09m yaw=0.57deg | dist=413.1m | forward=309.0 | right=-274.2 | roll=1484 pitch=1516 throttle=1468 | alt=305.09
2026-04-16 17:19:20,634 | Cruise | lat=50.440470 lon=30.451817 alt=305.01m yaw=0.56deg | dist=414.0m | forward=311.2 | right=-273.0 | roll=1484 pitch=1516 throttle=1468 | alt=305.01
2026-04-16 17:19:20,986 | Cruise | lat=50.440460 lon=30.451808 alt=304.93m yaw=0.56deg | dist=414.4m | forward=312.3 | right=-272.4 | roll=1484 pitch=1516 throttle=1468 | alt=304.93
2026-04-16 17:19:21,337 | Cruise | lat=50.440440 lon=30.451791 alt=304.81m yaw=0.56deg | dist=415.3m | forward=314.5 | right=-271.2 | roll=1484 pitch=1516 throttle=1468 | alt=304.81
2026-04-16 17:19:21,688 | Cruise | lat=50.440430 lon=30.451782 alt=304.77m yaw=0.56deg | dist=415.8m | forward=315.6 | right=-270.6 | roll=1484 pitch=1516 throttle=1468 | alt=304.77
2026-04-16 17:19:22,040 | Cruise | lat=50.440411 lon=30.451764 alt=304.80m yaw=0.56deg | dist=416.7m | forward=317.9 | right=-269.4 | roll=1484 pitch=1516 throttle=1468 | alt=304.80
2026-04-16 17:19:22,390 | Cruise | lat=50.440401 lon=30.451755 alt=304.86m yaw=0.56deg | dist=417.1m | forward=319.0 | right=-268.8 | roll=1484 pitch=1516 throttle=1468 | alt=304.86
2026-04-16 17:19:22,741 | Cruise | lat=50.440391 lon=30.451747 alt=304.91m yaw=0.56deg | dist=417.6m | forward=320.1 | right=-268.2 | roll=1484 pitch=1516 throttle=1468 | alt=304.91
2026-04-16 17:19:23,093 | Cruise | lat=50.440372 lon=30.451729 alt=304.95m yaw=0.56deg | dist=418.5m | forward=322.2 | right=-267.0 | roll=1484 pitch=1516 throttle=1468 | alt=304.95
2026-04-16 17:19:23,444 | Cruise | lat=50.440362 lon=30.451720 alt=304.99m yaw=0.56deg | dist=419.0m | forward=323.3 | right=-266.4 | roll=1484 pitch=1516 throttle=1468 | alt=304.99
2026-04-16 17:19:23,795 | Cruise | lat=50.440353 lon=30.451711 alt=305.01m yaw=0.56deg | dist=419.4m | forward=324.4 | right=-265.8 | roll=1484 pitch=1516 throttle=1468 | alt=305.01
2026-04-16 17:19:24,146 | Cruise | lat=50.440333 lon=30.451694 alt=304.98m yaw=0.56deg | dist=420.4m | forward=326.6 | right=-264.7 | roll=1484 pitch=1516 throttle=1468 | alt=304.98
2026-04-16 17:19:24,497 | Cruise | lat=50.440323 lon=30.451685 alt=304.94m yaw=0.56deg | dist=420.9m | forward=327.7 | right=-264.1 | roll=1484 pitch=1516 throttle=1468 | alt=304.94
2026-04-16 17:19:24,848 | Cruise | lat=50.440304 lon=30.451668 alt=304.87m yaw=0.55deg | dist=421.9m | forward=330.0 | right=-262.9 | roll=1484 pitch=1516 throttle=1468 | alt=304.87
2026-04-16 17:19:25,199 | Cruise | lat=50.440294 lon=30.451659 alt=304.86m yaw=0.57deg | dist=422.4m | forward=331.1 | right=-262.3 | roll=1484 pitch=1516 throttle=1468 | alt=304.86
2026-04-16 17:19:25,550 | Cruise | lat=50.440274 lon=30.451642 alt=304.87m yaw=0.58deg | dist=423.4m | forward=333.3 | right=-261.1 | roll=1484 pitch=1516 throttle=1468 | alt=304.87
2026-04-16 17:19:25,901 | Cruise | lat=50.440264 lon=30.451633 alt=304.86m yaw=0.58deg | dist=423.9m | forward=334.4 | right=-260.5 | roll=1484 pitch=1516 throttle=1468 | alt=304.86
2026-04-16 17:19:26,252 | Cruise | lat=50.440255 lon=30.451624 alt=304.83m yaw=0.58deg | dist=424.4m | forward=335.5 | right=-259.9 | roll=1484 pitch=1516 throttle=1468 | alt=304.83
2026-04-16 17:19:26,603 | Cruise | lat=50.440235 lon=30.451606 alt=304.83m yaw=0.58deg | dist=425.4m | forward=337.7 | right=-258.7 | roll=1484 pitch=1516 throttle=1468 | alt=304.83
2026-04-16 17:19:26,954 | Cruise | lat=50.440225 lon=30.451598 alt=304.79m yaw=0.58deg | dist=425.9m | forward=338.8 | right=-258.1 | roll=1484 pitch=1516 throttle=1468 | alt=304.79
2026-04-16 17:19:27,305 | Cruise | lat=50.440205 lon=30.451580 alt=304.75m yaw=0.58deg | dist=427.0m | forward=341.0 | right=-256.9 | roll=1484 pitch=1516 throttle=1468 | alt=304.75
2026-04-16 17:19:27,656 | Cruise | lat=50.440196 lon=30.451571 alt=304.74m yaw=0.58deg | dist=427.5m | forward=342.1 | right=-256.3 | roll=1484 pitch=1516 throttle=1468 | alt=304.74
2026-04-16 17:19:28,006 | Cruise | lat=50.440186 lon=30.451563 alt=304.72m yaw=0.58deg | dist=428.0m | forward=343.2 | right=-255.7 | roll=1484 pitch=1516 throttle=1468 | alt=304.72
2026-04-16 17:19:28,357 | Cruise | lat=50.440167 lon=30.451545 alt=304.67m yaw=0.59deg | dist=429.1m | forward=345.4 | right=-254.5 | roll=1484 pitch=1516 throttle=1468 | alt=304.67
2026-04-16 17:19:28,708 | Cruise | lat=50.440157 lon=30.451536 alt=304.60m yaw=0.59deg | dist=429.6m | forward=346.5 | right=-253.9 | roll=1484 pitch=1516 throttle=1468 | alt=304.60
2026-04-16 17:19:29,059 | Cruise | lat=50.440137 lon=30.451519 alt=304.40m yaw=0.59deg | dist=430.7m | forward=348.7 | right=-252.8 | roll=1484 pitch=1516 throttle=1468 | alt=304.40
2026-04-16 17:19:29,410 | Cruise | lat=50.440128 lon=30.451510 alt=304.33m yaw=0.59deg | dist=431.2m | forward=349.8 | right=-252.2 | roll=1484 pitch=1516 throttle=1468 | alt=304.33
2026-04-16 17:19:29,762 | Cruise | lat=50.440118 lon=30.451501 alt=304.27m yaw=0.58deg | dist=431.8m | forward=350.9 | right=-251.6 | roll=1484 pitch=1516 throttle=1468 | alt=304.27
2026-04-16 17:19:30,113 | Cruise | lat=50.440098 lon=30.451483 alt=304.22m yaw=0.56deg | dist=432.9m | forward=353.1 | right=-250.4 | roll=1484 pitch=1516 throttle=1468 | alt=304.22
2026-04-16 17:19:30,464 | Cruise | lat=50.440088 lon=30.451475 alt=304.16m yaw=0.57deg | dist=433.5m | forward=354.3 | right=-249.8 | roll=1484 pitch=1516 throttle=1468 | alt=304.16
2026-04-16 17:19:30,815 | Cruise | lat=50.440069 lon=30.451457 alt=303.97m yaw=0.57deg | dist=434.6m | forward=356.5 | right=-248.6 | roll=1484 pitch=1516 throttle=1468 | alt=303.97
2026-04-16 17:19:31,167 | Cruise | lat=50.440059 lon=30.451449 alt=303.82m yaw=0.58deg | dist=435.2m | forward=357.6 | right=-248.0 | roll=1484 pitch=1516 throttle=1468 | alt=303.82
2026-04-16 17:19:31,518 | Cruise | lat=50.440049 lon=30.451440 alt=303.65m yaw=0.58deg | dist=435.7m | forward=358.7 | right=-247.4 | roll=1484 pitch=1516 throttle=1468 | alt=303.65
2026-04-16 17:19:31,869 | Cruise | lat=50.440030 lon=30.451422 alt=303.33m yaw=0.58deg | dist=436.9m | forward=360.9 | right=-246.2 | roll=1484 pitch=1516 throttle=1468 | alt=303.33
2026-04-16 17:19:32,220 | Cruise | lat=50.440020 lon=30.451413 alt=303.23m yaw=0.58deg | dist=437.5m | forward=362.0 | right=-245.6 | roll=1484 pitch=1516 throttle=1468 | alt=303.23
2026-04-16 17:19:32,571 | Cruise | lat=50.440000 lon=30.451396 alt=303.05m yaw=0.58deg | dist=438.6m | forward=364.2 | right=-244.4 | roll=1484 pitch=1516 throttle=1468 | alt=303.05
2026-04-16 17:19:32,922 | Cruise | lat=50.439990 lon=30.451387 alt=302.96m yaw=0.58deg | dist=439.2m | forward=365.3 | right=-243.8 | roll=1484 pitch=1516 throttle=1478 | alt=302.96
2026-04-16 17:19:33,273 | Cruise | lat=50.439981 lon=30.451378 alt=302.92m yaw=0.57deg | dist=439.8m | forward=366.4 | right=-243.2 | roll=1484 pitch=1516 throttle=1478 | alt=302.92
2026-04-16 17:19:33,624 | Cruise | lat=50.439961 lon=30.451361 alt=302.91m yaw=0.57deg | dist=441.0m | forward=368.6 | right=-242.1 | roll=1484 pitch=1516 throttle=1478 | alt=302.91
2026-04-16 17:19:33,974 | Cruise | lat=50.439951 lon=30.451352 alt=302.94m yaw=0.58deg | dist=441.6m | forward=369.7 | right=-241.5 | roll=1484 pitch=1516 throttle=1478 | alt=302.94
2026-04-16 17:19:34,326 | Cruise | lat=50.439932 lon=30.451334 alt=303.01m yaw=0.58deg | dist=442.8m | forward=371.9 | right=-240.3 | roll=1484 pitch=1516 throttle=1468 | alt=303.01
2026-04-16 17:19:34,677 | Cruise | lat=50.439922 lon=30.451325 alt=303.03m yaw=0.57deg | dist=443.4m | forward=373.0 | right=-239.7 | roll=1484 pitch=1516 throttle=1468 | alt=303.03
2026-04-16 17:19:35,028 | Cruise | lat=50.439912 lon=30.451317 alt=303.05m yaw=0.56deg | dist=444.0m | forward=374.1 | right=-239.1 | roll=1484 pitch=1516 throttle=1468 | alt=303.05
2026-04-16 17:19:35,379 | Cruise | lat=50.439893 lon=30.451299 alt=303.14m yaw=0.56deg | dist=445.2m | forward=376.3 | right=-237.9 | roll=1484 pitch=1516 throttle=1468 | alt=303.14
2026-04-16 17:19:35,730 | Cruise | lat=50.439883 lon=30.451290 alt=303.18m yaw=0.57deg | dist=445.8m | forward=377.5 | right=-237.3 | roll=1484 pitch=1516 throttle=1468 | alt=303.18
2026-04-16 17:19:36,082 | Cruise | lat=50.439863 lon=30.451273 alt=303.24m yaw=0.58deg | dist=447.1m | forward=379.7 | right=-236.1 | roll=1484 pitch=1516 throttle=1468 | alt=303.24
2026-04-16 17:19:36,433 | Cruise | lat=50.439853 lon=30.451264 alt=303.24m yaw=0.58deg | dist=447.7m | forward=380.8 | right=-235.5 | roll=1484 pitch=1516 throttle=1468 | alt=303.24
2026-04-16 17:19:36,783 | Cruise | lat=50.439844 lon=30.451255 alt=303.22m yaw=0.58deg | dist=448.4m | forward=381.9 | right=-234.9 | roll=1484 pitch=1516 throttle=1468 | alt=303.22
2026-04-16 17:19:37,134 | Cruise | lat=50.439824 lon=30.451237 alt=303.16m yaw=0.58deg | dist=449.6m | forward=384.1 | right=-233.7 | roll=1484 pitch=1516 throttle=1468 | alt=303.16
2026-04-16 17:19:37,485 | Cruise | lat=50.439814 lon=30.451228 alt=303.12m yaw=0.58deg | dist=450.3m | forward=385.2 | right=-233.1 | roll=1484 pitch=1516 throttle=1468 | alt=303.12
2026-04-16 17:19:37,836 | Cruise | lat=50.439794 lon=30.451210 alt=302.92m yaw=0.58deg | dist=451.6m | forward=387.5 | right=-231.9 | roll=1484 pitch=1516 throttle=1478 | alt=302.92
2026-04-16 17:19:38,188 | Cruise | lat=50.439784 lon=30.451202 alt=302.84m yaw=0.58deg | dist=452.2m | forward=388.6 | right=-231.3 | roll=1484 pitch=1516 throttle=1478 | alt=302.84
2026-04-16 17:19:38,539 | Cruise | lat=50.439774 lon=30.451193 alt=302.77m yaw=0.57deg | dist=452.9m | forward=389.7 | right=-230.7 | roll=1484 pitch=1516 throttle=1478 | alt=302.77
2026-04-16 17:19:38,889 | Cruise | lat=50.439755 lon=30.451176 alt=302.64m yaw=0.58deg | dist=454.2m | forward=391.9 | right=-229.5 | roll=1484 pitch=1516 throttle=1478 | alt=302.64
2026-04-16 17:19:39,240 | Cruise | lat=50.439745 lon=30.451167 alt=302.58m yaw=0.58deg | dist=454.8m | forward=393.0 | right=-228.9 | roll=1484 pitch=1516 throttle=1478 | alt=302.58
2026-04-16 17:19:39,591 | Cruise | lat=50.439726 lon=30.451149 alt=302.56m yaw=0.58deg | dist=456.1m | forward=395.2 | right=-227.7 | roll=1484 pitch=1516 throttle=1478 | alt=302.56
2026-04-16 17:19:39,942 | Cruise | lat=50.439716 lon=30.451140 alt=302.55m yaw=0.59deg | dist=456.8m | forward=396.3 | right=-227.1 | roll=1484 pitch=1516 throttle=1478 | alt=302.55
2026-04-16 17:19:40,294 | Cruise | lat=50.439706 lon=30.451132 alt=302.56m yaw=0.59deg | dist=457.4m | forward=397.4 | right=-226.5 | roll=1484 pitch=1516 throttle=1478 | alt=302.56
2026-04-16 17:19:40,645 | Cruise | lat=50.439687 lon=30.451114 alt=302.59m yaw=0.58deg | dist=458.8m | forward=399.6 | right=-225.4 | roll=1484 pitch=1516 throttle=1478 | alt=302.59
2026-04-16 17:19:40,995 | Cruise | lat=50.439677 lon=30.451105 alt=302.61m yaw=0.57deg | dist=459.5m | forward=400.7 | right=-224.8 | roll=1484 pitch=1516 throttle=1478 | alt=302.61
2026-04-16 17:19:41,346 | Cruise | lat=50.439657 lon=30.451088 alt=302.71m yaw=0.57deg | dist=460.8m | forward=402.9 | right=-223.6 | roll=1484 pitch=1516 throttle=1478 | alt=302.71
2026-04-16 17:19:41,698 | Cruise | lat=50.439647 lon=30.451079 alt=302.80m yaw=0.57deg | dist=461.5m | forward=404.0 | right=-223.0 | roll=1484 pitch=1516 throttle=1478 | alt=302.80
2026-04-16 17:19:42,049 | Cruise | lat=50.439637 lon=30.451070 alt=302.88m yaw=0.56deg | dist=462.2m | forward=405.2 | right=-222.4 | roll=1484 pitch=1516 throttle=1478 | alt=302.88
2026-04-16 17:19:42,401 | Cruise | lat=50.439618 lon=30.451053 alt=303.00m yaw=0.56deg | dist=463.6m | forward=407.4 | right=-221.2 | roll=1484 pitch=1516 throttle=1468 | alt=303.00
2026-04-16 17:19:42,752 | Cruise | lat=50.439608 lon=30.451044 alt=303.07m yaw=0.56deg | dist=464.2m | forward=408.5 | right=-220.6 | roll=1484 pitch=1516 throttle=1468 | alt=303.07
2026-04-16 17:19:43,103 | Cruise | lat=50.439588 lon=30.451026 alt=303.20m yaw=0.56deg | dist=465.6m | forward=410.7 | right=-219.4 | roll=1484 pitch=1516 throttle=1468 | alt=303.20
2026-04-16 17:19:43,454 | Cruise | lat=50.439579 lon=30.451017 alt=303.21m yaw=0.56deg | dist=466.3m | forward=411.8 | right=-218.8 | roll=1484 pitch=1516 throttle=1468 | alt=303.21
2026-04-16 17:19:43,805 | Cruise | lat=50.439569 lon=30.451009 alt=303.22m yaw=0.56deg | dist=467.0m | forward=412.9 | right=-218.2 | roll=1484 pitch=1516 throttle=1468 | alt=303.22
2026-04-16 17:19:44,157 | Cruise | lat=50.439549 lon=30.450991 alt=303.22m yaw=0.56deg | dist=468.4m | forward=415.1 | right=-217.0 | roll=1484 pitch=1516 throttle=1468 | alt=303.22
2026-04-16 17:19:44,507 | Cruise | lat=50.439540 lon=30.450982 alt=303.25m yaw=0.56deg | dist=469.1m | forward=416.2 | right=-216.4 | roll=1484 pitch=1516 throttle=1468 | alt=303.25
2026-04-16 17:19:44,859 | Cruise | lat=50.439520 lon=30.450964 alt=303.35m yaw=0.57deg | dist=470.5m | forward=418.4 | right=-215.2 | roll=1484 pitch=1516 throttle=1468 | alt=303.35
2026-04-16 17:19:45,209 | Cruise | lat=50.439510 lon=30.450956 alt=303.40m yaw=0.57deg | dist=471.2m | forward=419.5 | right=-214.6 | roll=1484 pitch=1516 throttle=1468 | alt=303.40
2026-04-16 17:19:45,561 | Cruise | lat=50.439500 lon=30.450947 alt=303.46m yaw=0.57deg | dist=472.0m | forward=420.6 | right=-214.0 | roll=1484 pitch=1516 throttle=1468 | alt=303.46
2026-04-16 17:19:45,912 | Cruise | lat=50.439481 lon=30.450929 alt=303.51m yaw=0.57deg | dist=473.4m | forward=422.9 | right=-212.8 | roll=1484 pitch=1516 throttle=1468 | alt=303.51
2026-04-16 17:19:46,263 | Cruise | lat=50.439471 lon=30.450920 alt=303.56m yaw=0.56deg | dist=474.1m | forward=424.0 | right=-212.2 | roll=1484 pitch=1516 throttle=1468 | alt=303.56
2026-04-16 17:19:46,614 | Cruise | lat=50.439451 lon=30.450903 alt=303.65m yaw=0.56deg | dist=475.6m | forward=426.2 | right=-211.0 | roll=1484 pitch=1516 throttle=1468 | alt=303.65
2026-04-16 17:19:46,964 | Cruise | lat=50.439441 lon=30.450894 alt=303.67m yaw=0.56deg | dist=476.3m | forward=427.3 | right=-210.4 | roll=1484 pitch=1516 throttle=1468 | alt=303.67
2026-04-16 17:19:47,316 | Cruise | lat=50.439431 lon=30.450885 alt=303.67m yaw=0.56deg | dist=477.0m | forward=428.4 | right=-209.8 | roll=1484 pitch=1516 throttle=1468 | alt=303.67
2026-04-16 17:19:47,667 | Cruise | lat=50.439412 lon=30.450868 alt=303.71m yaw=0.56deg | dist=478.5m | forward=430.6 | right=-208.6 | roll=1484 pitch=1516 throttle=1468 | alt=303.71
2026-04-16 17:19:48,018 | Cruise | lat=50.439402 lon=30.450859 alt=303.74m yaw=0.56deg | dist=479.2m | forward=431.7 | right=-208.0 | roll=1484 pitch=1516 throttle=1468 | alt=303.74
2026-04-16 17:19:48,369 | Cruise | lat=50.439382 lon=30.450841 alt=303.77m yaw=0.56deg | dist=480.7m | forward=433.9 | right=-206.8 | roll=1484 pitch=1516 throttle=1468 | alt=303.77
2026-04-16 17:19:48,721 | Cruise | lat=50.439373 lon=30.450832 alt=303.78m yaw=0.56deg | dist=481.5m | forward=435.1 | right=-206.3 | roll=1484 pitch=1516 throttle=1468 | alt=303.78
2026-04-16 17:19:49,071 | Cruise | lat=50.439363 lon=30.450823 alt=303.79m yaw=0.57deg | dist=482.2m | forward=436.2 | right=-205.7 | roll=1484 pitch=1516 throttle=1468 | alt=303.79
2026-04-16 17:19:49,422 | Cruise | lat=50.439343 lon=30.450806 alt=303.78m yaw=0.57deg | dist=483.7m | forward=438.4 | right=-204.5 | roll=1484 pitch=1516 throttle=1468 | alt=303.78
2026-04-16 17:19:49,774 | Cruise | lat=50.439333 lon=30.450797 alt=303.76m yaw=0.57deg | dist=484.5m | forward=439.5 | right=-203.9 | roll=1484 pitch=1516 throttle=1468 | alt=303.76
2026-04-16 17:19:50,125 | Cruise | lat=50.439314 lon=30.450779 alt=303.71m yaw=0.57deg | dist=486.0m | forward=441.7 | right=-202.7 | roll=1484 pitch=1516 throttle=1468 | alt=303.71
2026-04-16 17:19:50,476 | Cruise | lat=50.439304 lon=30.450771 alt=303.69m yaw=0.57deg | dist=486.7m | forward=442.8 | right=-202.1 | roll=1484 pitch=1516 throttle=1468 | alt=303.69
2026-04-16 17:19:50,827 | Cruise | lat=50.439284 lon=30.450753 alt=303.66m yaw=0.58deg | dist=488.2m | forward=445.0 | right=-200.9 | roll=1484 pitch=1516 throttle=1468 | alt=303.66
2026-04-16 17:19:51,178 | Cruise | lat=50.439275 lon=30.450744 alt=303.68m yaw=0.58deg | dist=489.0m | forward=446.1 | right=-200.3 | roll=1484 pitch=1516 throttle=1468 | alt=303.68
2026-04-16 17:19:51,529 | Cruise | lat=50.439265 lon=30.450735 alt=303.69m yaw=0.58deg | dist=489.8m | forward=447.2 | right=-199.7 | roll=1485 pitch=1516 throttle=1468 | alt=303.69
2026-04-16 17:19:51,880 | Cruise | lat=50.439245 lon=30.450717 alt=303.69m yaw=0.58deg | dist=491.3m | forward=449.4 | right=-198.5 | roll=1485 pitch=1516 throttle=1468 | alt=303.69
2026-04-16 17:19:52,231 | Cruise | lat=50.439235 lon=30.450708 alt=303.64m yaw=0.58deg | dist=492.1m | forward=450.5 | right=-197.9 | roll=1485 pitch=1516 throttle=1468 | alt=303.64
2026-04-16 17:19:52,583 | Cruise | lat=50.439216 lon=30.450691 alt=303.49m yaw=0.57deg | dist=493.6m | forward=452.8 | right=-196.7 | roll=1485 pitch=1516 throttle=1468 | alt=303.49
2026-04-16 17:19:52,933 | Cruise | lat=50.439206 lon=30.450682 alt=303.39m yaw=0.57deg | dist=494.4m | forward=453.9 | right=-196.1 | roll=1485 pitch=1516 throttle=1468 | alt=303.39
2026-04-16 17:19:53,284 | Cruise | lat=50.439196 lon=30.450673 alt=303.26m yaw=0.58deg | dist=495.2m | forward=455.0 | right=-195.5 | roll=1485 pitch=1516 throttle=1468 | alt=303.26
2026-04-16 17:19:53,635 | Cruise | lat=50.439177 lon=30.450655 alt=303.11m yaw=0.58deg | dist=496.7m | forward=457.2 | right=-194.3 | roll=1485 pitch=1516 throttle=1468 | alt=303.11
2026-04-16 17:19:53,986 | Cruise | lat=50.439167 lon=30.450646 alt=303.02m yaw=0.58deg | dist=497.5m | forward=458.3 | right=-193.7 | roll=1485 pitch=1516 throttle=1468 | alt=303.02
2026-04-16 17:19:54,337 | Cruise | lat=50.439147 lon=30.450629 alt=302.85m yaw=0.59deg | dist=499.1m | forward=460.5 | right=-192.5 | roll=1485 pitch=1516 throttle=1478 | alt=302.85
2026-04-16 17:19:54,689 | Cruise | lat=50.439137 lon=30.450620 alt=302.80m yaw=0.57deg | dist=499.9m | forward=461.6 | right=-191.9 | roll=1485 pitch=1516 throttle=1478 | alt=302.80
2026-04-16 17:19:55,040 | Cruise | lat=50.439128 lon=30.450611 alt=302.78m yaw=0.57deg | dist=500.7m | forward=462.7 | right=-191.3 | roll=1481 pitch=1520 throttle=1478 | alt=302.78
2026-04-16 17:19:55,391 | Cruise | lat=50.439108 lon=30.450593 alt=302.69m yaw=0.57deg | dist=502.3m | forward=464.9 | right=-190.1 | roll=1481 pitch=1520 throttle=1478 | alt=302.69
2026-04-16 17:19:55,741 | Cruise | lat=50.439098 lon=30.450585 alt=302.65m yaw=0.57deg | dist=503.1m | forward=466.0 | right=-189.5 | roll=1482 pitch=1520 throttle=1478 | alt=302.65
2026-04-16 17:19:56,092 | Cruise | lat=50.439079 lon=30.450567 alt=302.60m yaw=0.57deg | dist=504.7m | forward=468.2 | right=-188.3 | roll=1482 pitch=1520 throttle=1478 | alt=302.60
2026-04-16 17:19:56,443 | Cruise | lat=50.439069 lon=30.450558 alt=302.59m yaw=0.58deg | dist=505.5m | forward=469.3 | right=-187.7 | roll=1482 pitch=1520 throttle=1478 | alt=302.59
2026-04-16 17:19:56,794 | Cruise | lat=50.439059 lon=30.450549 alt=302.58m yaw=0.58deg | dist=506.3m | forward=470.4 | right=-187.1 | roll=1482 pitch=1520 throttle=1478 | alt=302.58
2026-04-16 17:19:57,145 | Cruise | lat=50.439040 lon=30.450531 alt=302.39m yaw=0.58deg | dist=507.9m | forward=472.6 | right=-185.9 | roll=1482 pitch=1520 throttle=1478 | alt=302.39
2026-04-16 17:19:57,496 | Cruise | lat=50.439030 lon=30.450522 alt=302.31m yaw=0.59deg | dist=508.7m | forward=473.7 | right=-185.3 | roll=1482 pitch=1520 throttle=1478 | alt=302.31
2026-04-16 17:19:57,847 | Cruise | lat=50.439010 lon=30.450505 alt=302.26m yaw=0.57deg | dist=510.3m | forward=475.9 | right=-184.0 | roll=1482 pitch=1520 throttle=1478 | alt=302.26
2026-04-16 17:19:58,197 | Cruise | lat=50.439001 lon=30.450496 alt=302.29m yaw=0.57deg | dist=511.1m | forward=477.0 | right=-183.4 | roll=1482 pitch=1520 throttle=1478 | alt=302.29
2026-04-16 17:19:58,548 | Cruise | lat=50.438991 lon=30.450487 alt=302.34m yaw=0.57deg | dist=511.9m | forward=478.1 | right=-182.8 | roll=1482 pitch=1520 throttle=1478 | alt=302.34
2026-04-16 17:19:58,899 | Cruise | lat=50.438971 lon=30.450469 alt=302.42m yaw=0.57deg | dist=513.5m | forward=480.3 | right=-181.6 | roll=1482 pitch=1520 throttle=1478 | alt=302.42
2026-04-16 17:19:59,250 | Cruise | lat=50.438962 lon=30.450460 alt=302.39m yaw=0.57deg | dist=514.3m | forward=481.4 | right=-181.0 | roll=1482 pitch=1520 throttle=1478 | alt=302.39
2026-04-16 17:19:59,601 | Cruise | lat=50.438942 lon=30.450442 alt=302.33m yaw=0.58deg | dist=516.0m | forward=483.6 | right=-179.8 | roll=1483 pitch=1520 throttle=1478 | alt=302.33
2026-04-16 17:19:59,952 | Cruise | lat=50.438933 lon=30.450433 alt=302.29m yaw=0.58deg | dist=516.8m | forward=484.7 | right=-179.2 | roll=1483 pitch=1520 throttle=1478 | alt=302.29
2026-04-16 17:20:00,303 | Cruise | lat=50.438923 lon=30.450425 alt=302.22m yaw=0.59deg | dist=517.6m | forward=485.8 | right=-178.6 | roll=1483 pitch=1520 throttle=1478 | alt=302.22
2026-04-16 17:20:00,654 | Cruise | lat=50.438904 lon=30.450406 alt=302.23m yaw=0.59deg | dist=519.3m | forward=488.0 | right=-177.4 | roll=1483 pitch=1520 throttle=1478 | alt=302.23
2026-04-16 17:20:01,005 | Cruise | lat=50.438894 lon=30.450398 alt=302.27m yaw=0.57deg | dist=520.1m | forward=489.1 | right=-176.8 | roll=1483 pitch=1520 throttle=1478 | alt=302.27
2026-04-16 17:20:01,356 | Cruise | lat=50.438874 lon=30.450380 alt=302.32m yaw=0.55deg | dist=521.7m | forward=491.3 | right=-175.6 | roll=1483 pitch=1520 throttle=1478 | alt=302.32
2026-04-16 17:20:01,706 | Cruise | lat=50.438865 lon=30.450371 alt=302.37m yaw=0.55deg | dist=522.6m | forward=492.4 | right=-175.0 | roll=1483 pitch=1520 throttle=1478 | alt=302.37
2026-04-16 17:20:02,057 | Cruise | lat=50.438845 lon=30.450353 alt=302.55m yaw=0.56deg | dist=524.3m | forward=494.6 | right=-173.8 | roll=1483 pitch=1520 throttle=1478 | alt=302.55
2026-04-16 17:20:02,409 | Cruise | lat=50.438835 lon=30.450344 alt=302.65m yaw=0.56deg | dist=525.1m | forward=495.7 | right=-173.2 | roll=1483 pitch=1520 throttle=1478 | alt=302.65
2026-04-16 17:20:02,760 | Cruise | lat=50.438825 lon=30.450335 alt=302.74m yaw=0.56deg | dist=526.0m | forward=496.8 | right=-172.5 | roll=1483 pitch=1520 throttle=1478 | alt=302.74
2026-04-16 17:20:03,111 | Cruise | lat=50.438806 lon=30.450317 alt=302.87m yaw=0.57deg | dist=527.6m | forward=499.0 | right=-171.3 | roll=1483 pitch=1520 throttle=1478 | alt=302.87
2026-04-16 17:20:03,462 | Cruise | lat=50.438796 lon=30.450308 alt=302.91m yaw=0.58deg | dist=528.5m | forward=500.2 | right=-170.7 | roll=1483 pitch=1520 throttle=1478 | alt=302.91
2026-04-16 17:20:03,813 | Cruise | lat=50.438777 lon=30.450291 alt=303.06m yaw=0.59deg | dist=530.2m | forward=502.3 | right=-169.5 | roll=1484 pitch=1520 throttle=1468 | alt=303.06
2026-04-16 17:20:04,164 | Cruise | lat=50.438767 lon=30.450282 alt=303.19m yaw=0.58deg | dist=531.0m | forward=503.5 | right=-168.9 | roll=1484 pitch=1520 throttle=1468 | alt=303.19
2026-04-16 17:20:04,515 | Cruise | lat=50.438757 lon=30.450273 alt=303.31m yaw=0.57deg | dist=531.9m | forward=504.5 | right=-168.3 | roll=1484 pitch=1520 throttle=1468 | alt=303.31
2026-04-16 17:20:04,866 | Cruise | lat=50.438738 lon=30.450255 alt=303.58m yaw=0.55deg | dist=533.6m | forward=506.7 | right=-167.1 | roll=1484 pitch=1520 throttle=1468 | alt=303.58
2026-04-16 17:20:05,226 | Cruise | lat=50.438728 lon=30.450246 alt=303.70m yaw=0.55deg | dist=534.4m | forward=507.8 | right=-166.5 | roll=1484 pitch=1520 throttle=1468 | alt=303.70
2026-04-16 17:20:05,577 | Cruise | lat=50.438709 lon=30.450228 alt=303.88m yaw=0.55deg | dist=536.1m | forward=510.0 | right=-165.3 | roll=1484 pitch=1520 throttle=1468 | alt=303.88
2026-04-16 17:20:05,928 | Cruise | lat=50.438699 lon=30.450219 alt=303.94m yaw=0.55deg | dist=537.0m | forward=511.1 | right=-164.7 | roll=1484 pitch=1520 throttle=1468 | alt=303.94
2026-04-16 17:20:06,278 | Cruise | lat=50.438689 lon=30.450211 alt=304.05m yaw=0.56deg | dist=537.8m | forward=512.2 | right=-164.1 | roll=1484 pitch=1520 throttle=1468 | alt=304.05
2026-04-16 17:20:06,630 | Cruise | lat=50.438670 lon=30.450193 alt=304.15m yaw=0.57deg | dist=539.6m | forward=514.4 | right=-162.9 | roll=1484 pitch=1520 throttle=1468 | alt=304.15
2026-04-16 17:20:06,981 | Cruise | lat=50.438660 lon=30.450184 alt=304.24m yaw=0.57deg | dist=540.4m | forward=515.5 | right=-162.3 | roll=1484 pitch=1520 throttle=1468 | alt=304.24
2026-04-16 17:20:07,333 | Cruise | lat=50.438641 lon=30.450166 alt=304.39m yaw=0.58deg | dist=542.1m | forward=517.7 | right=-161.1 | roll=1484 pitch=1520 throttle=1468 | alt=304.39
2026-04-16 17:20:07,684 | Cruise | lat=50.438631 lon=30.450157 alt=304.43m yaw=0.58deg | dist=543.0m | forward=518.8 | right=-160.5 | roll=1484 pitch=1520 throttle=1468 | alt=304.43
2026-04-16 17:20:08,035 | Cruise | lat=50.438622 lon=30.450148 alt=304.48m yaw=0.58deg | dist=543.9m | forward=519.9 | right=-159.8 | roll=1485 pitch=1520 throttle=1468 | alt=304.48
2026-04-16 17:20:08,385 | Cruise | lat=50.438602 lon=30.450130 alt=304.61m yaw=0.56deg | dist=545.6m | forward=522.0 | right=-158.6 | roll=1485 pitch=1520 throttle=1468 | alt=304.61
2026-04-16 17:20:08,737 | Cruise | lat=50.438592 lon=30.450121 alt=304.66m yaw=0.56deg | dist=546.5m | forward=523.1 | right=-158.0 | roll=1485 pitch=1520 throttle=1468 | alt=304.66
2026-04-16 17:20:09,088 | Cruise | lat=50.438573 lon=30.450103 alt=304.76m yaw=0.56deg | dist=548.2m | forward=525.3 | right=-156.8 | roll=1485 pitch=1520 throttle=1468 | alt=304.76
2026-04-16 17:20:09,439 | Cruise | lat=50.438563 lon=30.450094 alt=304.77m yaw=0.56deg | dist=549.1m | forward=526.4 | right=-156.2 | roll=1485 pitch=1520 throttle=1468 | alt=304.77
2026-04-16 17:20:09,790 | Cruise | lat=50.438554 lon=30.450085 alt=304.71m yaw=0.56deg | dist=550.0m | forward=527.5 | right=-155.6 | roll=1485 pitch=1520 throttle=1468 | alt=304.71
2026-04-16 17:20:10,140 | Cruise | lat=50.438534 lon=30.450067 alt=304.65m yaw=0.57deg | dist=551.7m | forward=529.7 | right=-154.4 | roll=1485 pitch=1520 throttle=1468 | alt=304.65
2026-04-16 17:20:10,491 | Cruise | lat=50.438525 lon=30.450058 alt=304.66m yaw=0.57deg | dist=552.6m | forward=530.8 | right=-153.8 | roll=1485 pitch=1520 throttle=1468 | alt=304.66
2026-04-16 17:20:10,842 | Cruise | lat=50.438505 lon=30.450040 alt=304.64m yaw=0.58deg | dist=554.4m | forward=533.0 | right=-152.5 | roll=1485 pitch=1520 throttle=1468 | alt=304.64
2026-04-16 17:20:11,194 | Cruise | lat=50.438496 lon=30.450031 alt=304.62m yaw=0.58deg | dist=555.2m | forward=534.1 | right=-151.9 | roll=1485 pitch=1520 throttle=1468 | alt=304.62
2026-04-16 17:20:11,545 | Cruise | lat=50.438486 lon=30.450022 alt=304.61m yaw=0.59deg | dist=556.1m | forward=535.1 | right=-151.3 | roll=1485 pitch=1520 throttle=1468 | alt=304.61
2026-04-16 17:20:11,896 | Cruise | lat=50.438467 lon=30.450004 alt=304.69m yaw=0.56deg | dist=557.9m | forward=537.3 | right=-150.1 | roll=1485 pitch=1520 throttle=1468 | alt=304.69
2026-04-16 17:20:12,246 | Cruise | lat=50.438457 lon=30.449995 alt=304.74m yaw=0.56deg | dist=558.8m | forward=538.4 | right=-149.5 | roll=1486 pitch=1520 throttle=1468 | alt=304.74
2026-04-16 17:20:12,597 | Cruise | lat=50.438438 lon=30.449977 alt=304.80m yaw=0.56deg | dist=560.5m | forward=540.6 | right=-148.3 | roll=1486 pitch=1520 throttle=1468 | alt=304.80
2026-04-16 17:20:12,948 | Cruise | lat=50.438428 lon=30.449968 alt=304.81m yaw=0.56deg | dist=561.4m | forward=541.7 | right=-147.7 | roll=1486 pitch=1520 throttle=1468 | alt=304.81
2026-04-16 17:20:13,299 | Cruise | lat=50.438419 lon=30.449959 alt=304.80m yaw=0.56deg | dist=562.3m | forward=542.8 | right=-147.1 | roll=1486 pitch=1520 throttle=1468 | alt=304.80
2026-04-16 17:20:13,650 | Cruise | lat=50.438399 lon=30.449941 alt=304.77m yaw=0.57deg | dist=564.1m | forward=544.9 | right=-145.8 | roll=1486 pitch=1520 throttle=1468 | alt=304.77
2026-04-16 17:20:14,001 | Cruise | lat=50.438390 lon=30.449932 alt=304.72m yaw=0.57deg | dist=565.0m | forward=546.0 | right=-145.2 | roll=1486 pitch=1520 throttle=1468 | alt=304.72
2026-04-16 17:20:14,352 | Cruise | lat=50.438371 lon=30.449914 alt=304.68m yaw=0.58deg | dist=566.8m | forward=548.2 | right=-144.0 | roll=1486 pitch=1520 throttle=1468 | alt=304.68
2026-04-16 17:20:14,703 | Cruise | lat=50.438361 lon=30.449905 alt=304.63m yaw=0.59deg | dist=567.7m | forward=549.3 | right=-143.4 | roll=1486 pitch=1520 throttle=1468 | alt=304.63
2026-04-16 17:20:15,054 | Cruise | lat=50.438352 lon=30.449897 alt=304.56m yaw=0.58deg | dist=568.6m | forward=550.4 | right=-142.8 | roll=1486 pitch=1520 throttle=1468 | alt=304.56
2026-04-16 17:20:15,405 | Cruise | lat=50.438332 lon=30.449879 alt=304.42m yaw=0.55deg | dist=570.4m | forward=552.5 | right=-141.6 | roll=1486 pitch=1520 throttle=1468 | alt=304.42
2026-04-16 17:20:15,755 | Cruise | lat=50.438323 lon=30.449870 alt=304.35m yaw=0.55deg | dist=571.3m | forward=553.6 | right=-141.0 | roll=1486 pitch=1520 throttle=1468 | alt=304.35
2026-04-16 17:20:16,106 | Cruise | lat=50.438304 lon=30.449852 alt=304.29m yaw=0.55deg | dist=573.1m | forward=555.8 | right=-139.7 | roll=1487 pitch=1520 throttle=1468 | alt=304.29
2026-04-16 17:20:16,457 | Cruise | lat=50.438294 lon=30.449843 alt=304.26m yaw=0.55deg | dist=574.0m | forward=556.8 | right=-139.1 | roll=1487 pitch=1520 throttle=1468 | alt=304.26
2026-04-16 17:20:16,808 | Cruise | lat=50.438285 lon=30.449834 alt=304.20m yaw=0.56deg | dist=574.9m | forward=557.9 | right=-138.5 | roll=1487 pitch=1520 throttle=1468 | alt=304.20
2026-04-16 17:20:17,160 | Cruise | lat=50.438265 lon=30.449816 alt=304.05m yaw=0.57deg | dist=576.7m | forward=560.1 | right=-137.3 | roll=1487 pitch=1520 throttle=1468 | alt=304.05
2026-04-16 17:20:17,511 | Cruise | lat=50.438256 lon=30.449807 alt=304.00m yaw=0.57deg | dist=577.6m | forward=561.2 | right=-136.7 | roll=1487 pitch=1520 throttle=1468 | alt=304.00
2026-04-16 17:20:17,862 | Cruise | lat=50.438236 lon=30.449789 alt=303.84m yaw=0.58deg | dist=579.4m | forward=563.4 | right=-135.5 | roll=1487 pitch=1520 throttle=1468 | alt=303.84
2026-04-16 17:20:18,213 | Cruise | lat=50.438227 lon=30.449780 alt=303.75m yaw=0.57deg | dist=580.3m | forward=564.4 | right=-134.9 | roll=1487 pitch=1520 throttle=1468 | alt=303.75
2026-04-16 17:20:18,564 | Cruise | lat=50.438207 lon=30.449763 alt=303.59m yaw=0.56deg | dist=582.2m | forward=566.6 | right=-133.7 | roll=1487 pitch=1520 throttle=1468 | alt=303.59
2026-04-16 17:20:18,916 | Cruise | lat=50.438198 lon=30.449754 alt=303.53m yaw=0.56deg | dist=583.1m | forward=567.7 | right=-133.1 | roll=1487 pitch=1520 throttle=1468 | alt=303.53
2026-04-16 17:20:19,266 | Cruise | lat=50.438188 lon=30.449745 alt=303.49m yaw=0.56deg | dist=584.0m | forward=568.8 | right=-132.5 | roll=1487 pitch=1520 throttle=1468 | alt=303.49
2026-04-16 17:20:19,617 | Cruise | lat=50.438169 lon=30.449727 alt=303.48m yaw=0.57deg | dist=585.9m | forward=571.0 | right=-131.3 | roll=1487 pitch=1520 throttle=1468 | alt=303.48
2026-04-16 17:20:19,969 | Cruise | lat=50.438159 lon=30.449718 alt=303.47m yaw=0.58deg | dist=586.8m | forward=572.1 | right=-130.7 | roll=1487 pitch=1520 throttle=1468 | alt=303.47
2026-04-16 17:20:20,319 | Cruise | lat=50.438149 lon=30.449709 alt=303.48m yaw=0.57deg | dist=587.7m | forward=573.2 | right=-130.0 | roll=1487 pitch=1520 throttle=1468 | alt=303.48
2026-04-16 17:20:20,670 | Cruise | lat=50.438130 lon=30.449691 alt=303.43m yaw=0.56deg | dist=589.6m | forward=575.3 | right=-128.8 | roll=1488 pitch=1520 throttle=1468 | alt=303.43
2026-04-16 17:20:21,021 | Cruise | lat=50.438121 lon=30.449682 alt=303.42m yaw=0.57deg | dist=590.5m | forward=576.4 | right=-128.2 | roll=1488 pitch=1520 throttle=1468 | alt=303.42
2026-04-16 17:20:21,372 | Cruise | lat=50.438101 lon=30.449664 alt=303.45m yaw=0.57deg | dist=592.4m | forward=578.6 | right=-127.0 | roll=1488 pitch=1520 throttle=1468 | alt=303.45
2026-04-16 17:20:21,723 | Cruise | lat=50.438092 lon=30.449655 alt=303.47m yaw=0.58deg | dist=593.3m | forward=579.7 | right=-126.4 | roll=1488 pitch=1520 throttle=1468 | alt=303.47
2026-04-16 17:20:22,074 | Cruise | lat=50.438073 lon=30.449637 alt=303.47m yaw=0.57deg | dist=595.2m | forward=581.9 | right=-125.2 | roll=1488 pitch=1520 throttle=1468 | alt=303.47
2026-04-16 17:20:22,425 | Cruise | lat=50.438063 lon=30.449628 alt=303.48m yaw=0.56deg | dist=596.1m | forward=582.9 | right=-124.6 | roll=1488 pitch=1520 throttle=1468 | alt=303.48
2026-04-16 17:20:22,776 | Cruise | lat=50.438053 lon=30.449619 alt=303.49m yaw=0.55deg | dist=597.0m | forward=584.0 | right=-123.9 | roll=1488 pitch=1520 throttle=1468 | alt=303.49
2026-04-16 17:20:23,126 | Cruise | lat=50.438034 lon=30.449601 alt=303.48m yaw=0.56deg | dist=598.9m | forward=586.2 | right=-122.7 | roll=1488 pitch=1520 throttle=1468 | alt=303.48
2026-04-16 17:20:23,477 | Cruise | lat=50.438024 lon=30.449592 alt=303.50m yaw=0.57deg | dist=599.9m | forward=587.3 | right=-122.1 | roll=1488 pitch=1520 throttle=1468 | alt=303.50
2026-04-16 17:20:23,828 | Cruise | lat=50.438005 lon=30.449573 alt=303.55m yaw=0.56deg | dist=601.7m | forward=589.5 | right=-120.8 | roll=1488 pitch=1520 throttle=1468 | alt=303.55
2026-04-16 17:20:24,180 | Cruise | lat=50.437995 lon=30.449564 alt=303.55m yaw=0.56deg | dist=602.7m | forward=590.6 | right=-120.2 | roll=1488 pitch=1520 throttle=1468 | alt=303.55
2026-04-16 17:20:24,531 | Cruise | lat=50.437986 lon=30.449555 alt=303.52m yaw=0.56deg | dist=603.6m | forward=591.7 | right=-119.6 | roll=1489 pitch=1520 throttle=1468 | alt=303.52
2026-04-16 17:20:24,882 | Cruise | lat=50.437967 lon=30.449537 alt=303.47m yaw=0.57deg | dist=605.5m | forward=593.8 | right=-118.3 | roll=1489 pitch=1520 throttle=1468 | alt=303.47
2026-04-16 17:20:25,233 | Cruise | lat=50.437957 lon=30.449527 alt=303.42m yaw=0.57deg | dist=606.5m | forward=594.9 | right=-117.7 | roll=1489 pitch=1520 throttle=1468 | alt=303.42
2026-04-16 17:20:25,584 | Cruise | lat=50.437938 lon=30.449509 alt=303.32m yaw=0.58deg | dist=608.3m | forward=597.1 | right=-116.5 | roll=1489 pitch=1520 throttle=1468 | alt=303.32
2026-04-16 17:20:25,935 | Cruise | lat=50.437928 lon=30.449500 alt=303.34m yaw=0.58deg | dist=609.3m | forward=598.2 | right=-115.9 | roll=1489 pitch=1520 throttle=1468 | alt=303.34
2026-04-16 17:20:26,286 | Cruise | lat=50.437919 lon=30.449491 alt=303.37m yaw=0.58deg | dist=610.2m | forward=599.2 | right=-115.3 | roll=1489 pitch=1520 throttle=1468 | alt=303.37
2026-04-16 17:20:26,637 | Cruise | lat=50.437900 lon=30.449473 alt=303.44m yaw=0.55deg | dist=612.1m | forward=601.4 | right=-114.0 | roll=1489 pitch=1520 throttle=1468 | alt=303.44
2026-04-16 17:20:26,988 | Cruise | lat=50.437890 lon=30.449464 alt=303.47m yaw=0.54deg | dist=613.1m | forward=602.5 | right=-113.4 | roll=1489 pitch=1520 throttle=1468 | alt=303.47
2026-04-16 17:20:27,339 | Cruise | lat=50.437871 lon=30.449445 alt=303.39m yaw=0.54deg | dist=615.0m | forward=604.6 | right=-112.2 | roll=1489 pitch=1520 throttle=1468 | alt=303.39
2026-04-16 17:20:27,690 | Cruise | lat=50.437861 lon=30.449436 alt=303.32m yaw=0.54deg | dist=615.9m | forward=605.7 | right=-111.5 | roll=1489 pitch=1520 throttle=1468 | alt=303.32
2026-04-16 17:20:28,041 | Cruise | lat=50.437852 lon=30.449427 alt=303.26m yaw=0.55deg | dist=616.9m | forward=606.8 | right=-110.9 | roll=1489 pitch=1520 throttle=1468 | alt=303.26
2026-04-16 17:20:28,392 | Cruise | lat=50.437832 lon=30.449409 alt=303.13m yaw=0.56deg | dist=618.8m | forward=609.0 | right=-109.7 | roll=1490 pitch=1520 throttle=1468 | alt=303.13
2026-04-16 17:20:28,743 | Cruise | lat=50.437823 lon=30.449400 alt=303.07m yaw=0.56deg | dist=619.8m | forward=610.1 | right=-109.0 | roll=1490 pitch=1520 throttle=1468 | alt=303.07
2026-04-16 17:20:29,094 | Cruise | lat=50.437803 lon=30.449381 alt=302.91m yaw=0.57deg | dist=621.7m | forward=612.3 | right=-107.8 | roll=1490 pitch=1520 throttle=1478 | alt=302.91
2026-04-16 17:20:29,445 | Cruise | lat=50.437794 lon=30.449372 alt=302.81m yaw=0.57deg | dist=622.6m | forward=613.3 | right=-107.2 | roll=1490 pitch=1520 throttle=1478 | alt=302.81
2026-04-16 17:20:29,796 | Cruise | lat=50.437784 lon=30.449363 alt=302.73m yaw=0.58deg | dist=623.6m | forward=614.4 | right=-106.5 | roll=1490 pitch=1520 throttle=1478 | alt=302.73
2026-04-16 17:20:30,147 | Cruise | lat=50.437765 lon=30.449344 alt=302.61m yaw=0.56deg | dist=625.6m | forward=616.6 | right=-105.3 | roll=1490 pitch=1520 throttle=1478 | alt=302.61
2026-04-16 17:20:30,498 | Cruise | lat=50.437755 lon=30.449335 alt=302.56m yaw=0.56deg | dist=626.5m | forward=617.7 | right=-104.7 | roll=1490 pitch=1520 throttle=1478 | alt=302.56
2026-04-16 17:20:30,849 | Cruise | lat=50.437736 lon=30.449317 alt=302.50m yaw=0.55deg | dist=628.5m | forward=619.9 | right=-103.4 | roll=1490 pitch=1520 throttle=1478 | alt=302.50
2026-04-16 17:20:31,200 | Cruise | lat=50.437726 lon=30.449308 alt=302.48m yaw=0.55deg | dist=629.5m | forward=621.0 | right=-102.8 | roll=1490 pitch=1520 throttle=1478 | alt=302.48
2026-04-16 17:20:31,551 | Cruise | lat=50.437717 lon=30.449299 alt=302.41m yaw=0.56deg | dist=630.4m | forward=622.1 | right=-102.2 | roll=1490 pitch=1520 throttle=1478 | alt=302.41
2026-04-16 17:20:31,902 | Cruise | lat=50.437697 lon=30.449281 alt=302.38m yaw=0.56deg | dist=632.4m | forward=624.3 | right=-101.0 | roll=1490 pitch=1520 throttle=1478 | alt=302.38
2026-04-16 17:20:32,253 | Cruise | lat=50.437688 lon=30.449272 alt=302.39m yaw=0.56deg | dist=633.3m | forward=625.3 | right=-100.4 | roll=1490 pitch=1520 throttle=1478 | alt=302.39
2026-04-16 17:20:32,604 | Cruise | lat=50.437668 lon=30.449254 alt=302.52m yaw=0.57deg | dist=635.3m | forward=627.5 | right=-99.1 | roll=1491 pitch=1520 throttle=1478 | alt=302.52
2026-04-16 17:20:32,955 | Cruise | lat=50.437659 lon=30.449245 alt=302.63m yaw=0.58deg | dist=636.3m | forward=628.6 | right=-98.5 | roll=1491 pitch=1520 throttle=1478 | alt=302.63
2026-04-16 17:20:33,306 | Cruise | lat=50.437649 lon=30.449236 alt=302.72m yaw=0.58deg | dist=637.3m | forward=629.7 | right=-97.9 | roll=1491 pitch=1520 throttle=1478 | alt=302.72
2026-04-16 17:20:33,657 | Cruise | lat=50.437630 lon=30.449217 alt=302.96m yaw=0.57deg | dist=639.2m | forward=631.9 | right=-96.7 | roll=1491 pitch=1520 throttle=1478 | alt=302.96
2026-04-16 17:20:34,007 | Cruise | lat=50.437620 lon=30.449209 alt=303.08m yaw=0.56deg | dist=640.2m | forward=632.9 | right=-96.1 | roll=1491 pitch=1520 throttle=1468 | alt=303.08
2026-04-16 17:20:34,359 | Cruise | lat=50.437601 lon=30.449191 alt=303.31m yaw=0.56deg | dist=642.2m | forward=635.1 | right=-94.8 | roll=1491 pitch=1520 throttle=1468 | alt=303.31
2026-04-16 17:20:34,710 | Cruise | lat=50.437592 lon=30.449182 alt=303.39m yaw=0.56deg | dist=643.1m | forward=636.2 | right=-94.2 | roll=1491 pitch=1520 throttle=1468 | alt=303.39
2026-04-16 17:20:35,061 | Cruise | lat=50.437582 lon=30.449172 alt=303.46m yaw=0.56deg | dist=644.1m | forward=637.3 | right=-93.6 | roll=1491 pitch=1520 throttle=1468 | alt=303.46
2026-04-16 17:20:35,412 | Cruise | lat=50.437563 lon=30.449154 alt=303.56m yaw=0.57deg | dist=646.1m | forward=639.5 | right=-92.4 | roll=1491 pitch=1520 throttle=1468 | alt=303.56
2026-04-16 17:20:35,763 | Cruise | lat=50.437553 lon=30.449145 alt=303.61m yaw=0.57deg | dist=647.1m | forward=640.5 | right=-91.8 | roll=1491 pitch=1520 throttle=1468 | alt=303.61
2026-04-16 17:20:36,114 | Cruise | lat=50.437534 lon=30.449127 alt=303.62m yaw=0.56deg | dist=649.1m | forward=642.7 | right=-90.6 | roll=1491 pitch=1520 throttle=1468 | alt=303.62
2026-04-16 17:20:36,464 | Cruise | lat=50.437524 lon=30.449118 alt=303.57m yaw=0.55deg | dist=650.0m | forward=643.8 | right=-89.9 | roll=1492 pitch=1520 throttle=1468 | alt=303.57
2026-04-16 17:20:36,816 | Cruise | lat=50.437515 lon=30.449109 alt=303.48m yaw=0.55deg | dist=651.0m | forward=644.9 | right=-89.3 | roll=1492 pitch=1520 throttle=1468 | alt=303.48
2026-04-16 17:20:37,167 | Cruise | lat=50.437495 lon=30.449091 alt=303.32m yaw=0.55deg | dist=653.0m | forward=647.1 | right=-88.1 | roll=1492 pitch=1520 throttle=1468 | alt=303.32
2026-04-16 17:20:37,518 | Cruise | lat=50.437486 lon=30.449082 alt=303.22m yaw=0.55deg | dist=654.0m | forward=648.2 | right=-87.5 | roll=1492 pitch=1520 throttle=1468 | alt=303.22
2026-04-16 17:20:37,869 | Cruise | lat=50.437466 lon=30.449064 alt=303.06m yaw=0.56deg | dist=656.0m | forward=650.3 | right=-86.3 | roll=1492 pitch=1520 throttle=1468 | alt=303.06
2026-04-16 17:20:38,220 | Cruise | lat=50.437457 lon=30.449055 alt=302.98m yaw=0.56deg | dist=657.0m | forward=651.4 | right=-85.6 | roll=1492 pitch=1520 throttle=1478 | alt=302.98
2026-04-16 17:20:38,571 | Cruise | lat=50.437437 lon=30.449037 alt=302.89m yaw=0.57deg | dist=659.0m | forward=653.6 | right=-84.4 | roll=1492 pitch=1520 throttle=1478 | alt=302.89
2026-04-16 17:20:38,922 | Cruise | lat=50.437428 lon=30.449028 alt=302.87m yaw=0.57deg | dist=660.0m | forward=654.7 | right=-83.8 | roll=1492 pitch=1520 throttle=1478 | alt=302.87
2026-04-16 17:20:39,273 | Cruise | lat=50.437418 lon=30.449019 alt=302.85m yaw=0.58deg | dist=661.1m | forward=655.8 | right=-83.2 | roll=1492 pitch=1520 throttle=1478 | alt=302.85
2026-04-16 17:20:39,625 | Cruise | lat=50.437399 lon=30.449001 alt=302.83m yaw=0.58deg | dist=663.1m | forward=658.0 | right=-82.0 | roll=1492 pitch=1520 throttle=1478 | alt=302.83
2026-04-16 17:20:39,975 | Cruise | lat=50.437389 lon=30.448992 alt=302.87m yaw=0.57deg | dist=664.1m | forward=659.1 | right=-81.4 | roll=1492 pitch=1520 throttle=1478 | alt=302.87
2026-04-16 17:20:40,326 | Cruise | lat=50.437379 lon=30.448983 alt=302.90m yaw=0.55deg | dist=665.1m | forward=660.1 | right=-80.7 | roll=1492 pitch=1520 throttle=1478 | alt=302.90
2026-04-16 17:20:40,692 | Cruise | lat=50.437360 lon=30.448964 alt=302.91m yaw=0.54deg | dist=667.1m | forward=662.3 | right=-79.5 | roll=1493 pitch=1520 throttle=1478 | alt=302.91
2026-04-16 17:20:41,084 | Cruise | lat=50.437342 lon=30.448946 alt=302.90m yaw=0.54deg | dist=669.0m | forward=664.4 | right=-78.3 | roll=1493 pitch=1520 throttle=1478 | alt=302.90
2026-04-16 17:20:41,436 | Cruise | lat=50.437332 lon=30.448937 alt=302.91m yaw=0.55deg | dist=670.0m | forward=665.5 | right=-77.7 | roll=1493 pitch=1520 throttle=1478 | alt=302.91
2026-04-16 17:20:41,787 | Cruise | lat=50.437322 lon=30.448928 alt=302.98m yaw=0.55deg | dist=671.0m | forward=666.6 | right=-77.0 | roll=1493 pitch=1520 throttle=1478 | alt=302.98
2026-04-16 17:20:42,137 | Cruise | lat=50.437303 lon=30.448910 alt=303.11m yaw=0.55deg | dist=673.0m | forward=668.8 | right=-75.8 | roll=1493 pitch=1520 throttle=1468 | alt=303.11
2026-04-16 17:20:42,488 | Cruise | lat=50.437294 lon=30.448901 alt=303.13m yaw=0.56deg | dist=674.0m | forward=669.8 | right=-75.2 | roll=1493 pitch=1520 throttle=1468 | alt=303.13
2026-04-16 17:20:42,839 | Cruise | lat=50.437275 lon=30.448883 alt=303.21m yaw=0.56deg | dist=676.1m | forward=672.0 | right=-74.0 | roll=1493 pitch=1520 throttle=1468 | alt=303.21
2026-04-16 17:20:43,190 | Cruise | lat=50.437265 lon=30.448874 alt=303.27m yaw=0.57deg | dist=677.1m | forward=673.1 | right=-73.4 | roll=1493 pitch=1520 throttle=1468 | alt=303.27
2026-04-16 17:20:43,540 | Cruise | lat=50.437255 lon=30.448865 alt=303.31m yaw=0.57deg | dist=678.1m | forward=674.2 | right=-72.7 | roll=1493 pitch=1520 throttle=1468 | alt=303.31
2026-04-16 17:20:43,891 | Cruise | lat=50.437236 lon=30.448847 alt=303.42m yaw=0.57deg | dist=680.1m | forward=676.3 | right=-71.5 | roll=1493 pitch=1520 throttle=1468 | alt=303.42
2026-04-16 17:20:44,242 | Cruise | lat=50.437227 lon=30.448838 alt=303.48m yaw=0.58deg | dist=681.1m | forward=677.4 | right=-70.9 | roll=1493 pitch=1520 throttle=1468 | alt=303.48
2026-04-16 17:20:44,594 | Cruise | lat=50.437217 lon=30.448829 alt=303.54m yaw=0.56deg | dist=682.1m | forward=678.5 | right=-70.3 | roll=1493 pitch=1520 throttle=1468 | alt=303.54
2026-04-16 17:20:44,945 | Cruise | lat=50.437198 lon=30.448811 alt=303.59m yaw=0.54deg | dist=684.2m | forward=680.7 | right=-69.0 | roll=1494 pitch=1520 throttle=1468 | alt=303.59
2026-04-16 17:20:45,296 | Cruise | lat=50.437188 lon=30.448801 alt=303.61m yaw=0.54deg | dist=685.2m | forward=681.7 | right=-68.4 | roll=1494 pitch=1520 throttle=1468 | alt=303.61
2026-04-16 17:20:45,646 | Cruise | lat=50.437169 lon=30.448783 alt=303.63m yaw=0.54deg | dist=687.2m | forward=683.9 | right=-67.2 | roll=1494 pitch=1520 throttle=1468 | alt=303.63
2026-04-16 17:20:45,997 | Cruise | lat=50.437160 lon=30.448774 alt=303.63m yaw=0.54deg | dist=688.2m | forward=685.0 | right=-66.6 | roll=1494 pitch=1520 throttle=1468 | alt=303.63
2026-04-16 17:20:46,348 | Cruise | lat=50.437140 lon=30.448756 alt=303.60m yaw=0.55deg | dist=690.3m | forward=687.2 | right=-65.4 | roll=1494 pitch=1520 throttle=1468 | alt=303.60
2026-04-16 17:20:46,699 | Cruise | lat=50.437131 lon=30.448747 alt=303.56m yaw=0.55deg | dist=691.3m | forward=688.2 | right=-64.7 | roll=1494 pitch=1520 throttle=1468 | alt=303.56
2026-04-16 17:20:47,051 | Cruise | lat=50.437121 lon=30.448738 alt=303.52m yaw=0.56deg | dist=692.3m | forward=689.3 | right=-64.1 | roll=1494 pitch=1520 throttle=1468 | alt=303.52
2026-04-16 17:20:47,402 | Cruise | lat=50.437102 lon=30.448720 alt=303.35m yaw=0.57deg | dist=694.3m | forward=691.5 | right=-62.9 | roll=1494 pitch=1520 throttle=1468 | alt=303.35
2026-04-16 17:20:47,753 | Cruise | lat=50.437093 lon=30.448711 alt=303.26m yaw=0.57deg | dist=695.4m | forward=692.6 | right=-62.3 | roll=1494 pitch=1520 throttle=1468 | alt=303.26
2026-04-16 17:20:48,105 | Cruise | lat=50.437073 lon=30.448693 alt=303.04m yaw=0.57deg | dist=697.4m | forward=694.7 | right=-61.1 | roll=1494 pitch=1520 throttle=1468 | alt=303.04
2026-04-16 17:20:48,456 | Cruise | lat=50.437064 lon=30.448684 alt=302.93m yaw=0.56deg | dist=698.4m | forward=695.8 | right=-60.5 | roll=1494 pitch=1520 throttle=1478 | alt=302.93
2026-04-16 17:20:48,806 | Cruise | lat=50.437054 lon=30.448675 alt=302.84m yaw=0.55deg | dist=699.5m | forward=696.9 | right=-59.9 | roll=1495 pitch=1520 throttle=1478 | alt=302.84
2026-04-16 17:20:49,157 | Cruise | lat=50.437035 lon=30.448657 alt=302.72m yaw=0.54deg | dist=701.5m | forward=699.1 | right=-58.6 | roll=1495 pitch=1520 throttle=1478 | alt=302.72
2026-04-16 17:20:49,508 | Cruise | lat=50.437025 lon=30.448648 alt=302.63m yaw=0.55deg | dist=702.6m | forward=700.2 | right=-58.0 | roll=1495 pitch=1520 throttle=1478 | alt=302.63
2026-04-16 17:20:49,860 | Cruise | lat=50.437006 lon=30.448630 alt=302.44m yaw=0.55deg | dist=704.7m | forward=702.4 | right=-56.8 | roll=1495 pitch=1520 throttle=1478 | alt=302.44
2026-04-16 17:20:50,211 | Cruise | lat=50.436996 lon=30.448621 alt=302.37m yaw=0.55deg | dist=705.7m | forward=703.5 | right=-56.2 | roll=1495 pitch=1520 throttle=1478 | alt=302.37
2026-04-16 17:20:50,562 | Cruise | lat=50.436987 lon=30.448612 alt=302.31m yaw=0.56deg | dist=706.7m | forward=704.5 | right=-55.6 | roll=1495 pitch=1520 throttle=1478 | alt=302.31
2026-04-16 17:20:50,913 | Cruise | lat=50.436967 lon=30.448594 alt=302.25m yaw=0.56deg | dist=708.8m | forward=706.7 | right=-54.4 | roll=1495 pitch=1520 throttle=1478 | alt=302.25
2026-04-16 17:20:51,264 | Cruise | lat=50.436957 lon=30.448585 alt=302.22m yaw=0.56deg | dist=709.9m | forward=707.8 | right=-53.8 | roll=1495 pitch=1520 throttle=1478 | alt=302.22
2026-04-16 17:20:51,615 | Cruise | lat=50.436938 lon=30.448567 alt=302.26m yaw=0.55deg | dist=711.9m | forward=710.0 | right=-52.5 | roll=1495 pitch=1520 throttle=1478 | alt=302.26
2026-04-16 17:20:51,965 | Cruise | lat=50.436929 lon=30.448559 alt=302.33m yaw=0.55deg | dist=713.0m | forward=711.1 | right=-51.9 | roll=1495 pitch=1520 throttle=1478 | alt=302.33
2026-04-16 17:20:52,316 | Cruise | lat=50.436919 lon=30.448549 alt=302.44m yaw=0.55deg | dist=714.0m | forward=712.2 | right=-51.3 | roll=1495 pitch=1520 throttle=1478 | alt=302.44
2026-04-16 17:20:52,667 | Cruise | lat=50.436900 lon=30.448532 alt=302.64m yaw=0.55deg | dist=716.1m | forward=714.3 | right=-50.1 | roll=1495 pitch=1520 throttle=1478 | alt=302.64
2026-04-16 17:20:53,018 | Cruise | lat=50.436890 lon=30.448522 alt=302.74m yaw=0.56deg | dist=717.1m | forward=715.4 | right=-49.5 | roll=1496 pitch=1520 throttle=1478 | alt=302.74
2026-04-16 17:20:53,369 | Cruise | lat=50.436871 lon=30.448505 alt=302.88m yaw=0.56deg | dist=719.2m | forward=717.6 | right=-48.3 | roll=1496 pitch=1520 throttle=1478 | alt=302.88
2026-04-16 17:20:53,720 | Cruise | lat=50.436861 lon=30.448496 alt=302.95m yaw=0.56deg | dist=720.3m | forward=718.7 | right=-47.7 | roll=1496 pitch=1520 throttle=1478 | alt=302.95
2026-04-16 17:20:54,071 | Cruise | lat=50.436852 lon=30.448487 alt=303.03m yaw=0.56deg | dist=721.3m | forward=719.8 | right=-47.1 | roll=1496 pitch=1520 throttle=1468 | alt=303.03
2026-04-16 17:20:54,421 | Cruise | lat=50.436832 lon=30.448469 alt=303.22m yaw=0.56deg | dist=723.4m | forward=722.0 | right=-45.8 | roll=1496 pitch=1520 throttle=1468 | alt=303.22
2026-04-16 17:20:54,773 | Cruise | lat=50.436823 lon=30.448460 alt=303.31m yaw=0.56deg | dist=724.5m | forward=723.0 | right=-45.2 | roll=1496 pitch=1520 throttle=1468 | alt=303.31
2026-04-16 17:20:55,124 | Cruise | lat=50.436803 lon=30.448442 alt=303.47m yaw=0.55deg | dist=726.6m | forward=725.2 | right=-44.0 | roll=1496 pitch=1520 throttle=1468 | alt=303.47
2026-04-16 17:20:55,476 | Cruise | lat=50.436794 lon=30.448433 alt=303.51m yaw=0.55deg | dist=727.6m | forward=726.3 | right=-43.4 | roll=1496 pitch=1520 throttle=1468 | alt=303.51
2026-04-16 17:20:55,827 | Cruise | lat=50.436784 lon=30.448424 alt=303.52m yaw=0.55deg | dist=728.6m | forward=727.4 | right=-42.8 | roll=1496 pitch=1520 throttle=1468 | alt=303.52
2026-04-16 17:20:56,178 | Cruise | lat=50.436765 lon=30.448406 alt=303.42m yaw=0.55deg | dist=730.7m | forward=729.5 | right=-41.6 | roll=1496 pitch=1520 throttle=1468 | alt=303.42
2026-04-16 17:20:56,529 | Cruise | lat=50.436756 lon=30.448397 alt=303.39m yaw=0.56deg | dist=731.8m | forward=730.6 | right=-41.0 | roll=1496 pitch=1520 throttle=1468 | alt=303.39
2026-04-16 17:20:56,880 | Cruise | lat=50.436737 lon=30.448379 alt=303.34m yaw=0.56deg | dist=733.9m | forward=732.8 | right=-39.7 | roll=1497 pitch=1520 throttle=1468 | alt=303.34
2026-04-16 17:20:57,231 | Cruise | lat=50.436727 lon=30.448370 alt=303.31m yaw=0.56deg | dist=734.9m | forward=733.9 | right=-39.1 | roll=1497 pitch=1520 throttle=1468 | alt=303.31
2026-04-16 17:20:57,582 | Cruise | lat=50.436717 lon=30.448361 alt=303.27m yaw=0.57deg | dist=735.9m | forward=734.9 | right=-38.5 | roll=1497 pitch=1520 throttle=1468 | alt=303.27
2026-04-16 17:20:57,933 | Cruise | lat=50.436698 lon=30.448343 alt=303.15m yaw=0.57deg | dist=738.0m | forward=737.1 | right=-37.3 | roll=1497 pitch=1520 throttle=1468 | alt=303.15
2026-04-16 17:20:58,285 | Cruise | lat=50.436689 lon=30.448334 alt=303.06m yaw=0.57deg | dist=739.1m | forward=738.2 | right=-36.7 | roll=1497 pitch=1520 throttle=1468 | alt=303.06
2026-04-16 17:20:58,636 | Cruise | lat=50.436669 lon=30.448316 alt=302.92m yaw=0.55deg | dist=741.2m | forward=740.4 | right=-35.5 | roll=1497 pitch=1520 throttle=1478 | alt=302.92
2026-04-16 17:20:58,986 | Cruise | lat=50.436660 lon=30.448307 alt=302.86m yaw=0.55deg | dist=742.3m | forward=741.5 | right=-34.8 | roll=1497 pitch=1520 throttle=1478 | alt=302.86
2026-04-16 17:20:59,337 | Cruise | lat=50.436650 lon=30.448298 alt=302.84m yaw=0.55deg | dist=743.3m | forward=742.5 | right=-34.2 | roll=1497 pitch=1520 throttle=1478 | alt=302.84
2026-04-16 17:20:59,688 | Cruise | lat=50.436631 lon=30.448280 alt=302.90m yaw=0.55deg | dist=745.5m | forward=744.7 | right=-33.0 | roll=1497 pitch=1520 throttle=1478 | alt=302.90
2026-04-16 17:21:00,039 | Cruise | lat=50.436621 lon=30.448271 alt=302.95m yaw=0.56deg | dist=746.5m | forward=745.8 | right=-32.4 | roll=1497 pitch=1520 throttle=1478 | alt=302.95
2026-04-16 17:21:00,390 | Cruise | lat=50.436602 lon=30.448252 alt=303.00m yaw=0.56deg | dist=748.7m | forward=748.0 | right=-31.1 | roll=1497 pitch=1520 throttle=1478 | alt=303.00
2026-04-16 17:21:00,742 | Cruise | lat=50.436592 lon=30.448243 alt=303.04m yaw=0.56deg | dist=749.7m | forward=749.1 | right=-30.5 | roll=1497 pitch=1520 throttle=1468 | alt=303.04
2026-04-16 17:21:01,093 | Cruise | lat=50.436582 lon=30.448234 alt=303.10m yaw=0.57deg | dist=750.8m | forward=750.2 | right=-29.9 | roll=1498 pitch=1520 throttle=1468 | alt=303.10
2026-04-16 17:21:01,445 | Cruise | lat=50.436563 lon=30.448216 alt=303.20m yaw=0.57deg | dist=752.9m | forward=752.4 | right=-28.7 | roll=1498 pitch=1520 throttle=1468 | alt=303.20
2026-04-16 17:21:01,795 | Cruise | lat=50.436553 lon=30.448207 alt=303.19m yaw=0.55deg | dist=754.0m | forward=753.5 | right=-28.1 | roll=1498 pitch=1520 throttle=1468 | alt=303.19
2026-04-16 17:21:02,147 | Cruise | lat=50.436534 lon=30.448189 alt=303.08m yaw=0.54deg | dist=756.1m | forward=755.6 | right=-26.8 | roll=1498 pitch=1520 throttle=1468 | alt=303.08
2026-04-16 17:21:02,497 | Cruise | lat=50.436524 lon=30.448180 alt=303.05m yaw=0.54deg | dist=757.2m | forward=756.7 | right=-26.2 | roll=1498 pitch=1520 throttle=1468 | alt=303.05
2026-04-16 17:21:02,848 | Cruise | lat=50.436505 lon=30.448162 alt=302.94m yaw=0.54deg | dist=759.3m | forward=758.9 | right=-25.0 | roll=1498 pitch=1520 throttle=1478 | alt=302.94
2026-04-16 17:21:03,200 | Cruise | lat=50.436496 lon=30.448153 alt=302.93m yaw=0.55deg | dist=760.4m | forward=760.0 | right=-24.4 | roll=1498 pitch=1520 throttle=1478 | alt=302.93
2026-04-16 17:21:03,550 | Cruise | lat=50.436486 lon=30.448144 alt=302.95m yaw=0.55deg | dist=761.5m | forward=761.1 | right=-23.8 | roll=1498 pitch=1520 throttle=1478 | alt=302.95
2026-04-16 17:21:03,902 | Cruise | lat=50.436467 lon=30.448126 alt=302.92m yaw=0.56deg | dist=763.6m | forward=763.3 | right=-22.5 | roll=1498 pitch=1520 throttle=1478 | alt=302.92
2026-04-16 17:21:04,253 | Cruise | lat=50.436457 lon=30.448117 alt=302.90m yaw=0.56deg | dist=764.7m | forward=764.4 | right=-21.9 | roll=1498 pitch=1520 throttle=1478 | alt=302.90
2026-04-16 17:21:04,604 | Cruise | lat=50.436437 lon=30.448099 alt=302.91m yaw=0.56deg | dist=766.8m | forward=766.5 | right=-20.7 | roll=1498 pitch=1520 throttle=1478 | alt=302.91
2026-04-16 17:21:04,955 | Cruise | lat=50.436428 lon=30.448090 alt=302.90m yaw=0.56deg | dist=767.9m | forward=767.6 | right=-20.1 | roll=1498 pitch=1520 throttle=1478 | alt=302.90
2026-04-16 17:21:05,306 | Cruise | lat=50.436418 lon=30.448081 alt=302.89m yaw=0.56deg | dist=769.0m | forward=768.7 | right=-19.5 | roll=1499 pitch=1520 throttle=1478 | alt=302.89
2026-04-16 17:21:05,657 | Cruise | lat=50.436399 lon=30.448062 alt=302.83m yaw=0.56deg | dist=771.1m | forward=770.9 | right=-18.2 | roll=1499 pitch=1520 throttle=1478 | alt=302.83
2026-04-16 17:21:06,008 | Cruise | lat=50.436389 lon=30.448053 alt=302.81m yaw=0.56deg | dist=772.2m | forward=772.0 | right=-17.6 | roll=1499 pitch=1520 throttle=1478 | alt=302.81
2026-04-16 17:21:06,359 | Cruise | lat=50.436369 lon=30.448035 alt=302.81m yaw=0.57deg | dist=774.4m | forward=774.2 | right=-16.4 | roll=1499 pitch=1520 throttle=1478 | alt=302.81
2026-04-16 17:21:06,712 | Cruise | lat=50.436360 lon=30.448026 alt=302.80m yaw=0.57deg | dist=775.5m | forward=775.3 | right=-15.8 | roll=1499 pitch=1520 throttle=1478 | alt=302.80
2026-04-16 17:21:07,063 | Cruise | lat=50.436350 lon=30.448017 alt=302.77m yaw=0.57deg | dist=776.6m | forward=776.4 | right=-15.2 | roll=1499 pitch=1520 throttle=1478 | alt=302.77
2026-04-16 17:21:07,416 | Cruise | lat=50.436331 lon=30.447999 alt=302.71m yaw=0.58deg | dist=778.7m | forward=778.6 | right=-13.9 | roll=1499 pitch=1520 throttle=1478 | alt=302.71
2026-04-16 17:21:07,767 | Cruise | lat=50.436321 lon=30.447989 alt=302.70m yaw=0.58deg | dist=779.8m | forward=779.7 | right=-13.3 | roll=1499 pitch=1520 throttle=1478 | alt=302.70
2026-04-16 17:21:08,118 | Cruise | lat=50.436302 lon=30.447971 alt=302.72m yaw=0.55deg | dist=782.0m | forward=781.9 | right=-12.1 | roll=1499 pitch=1520 throttle=1478 | alt=302.72
2026-04-16 17:21:08,469 | Cruise | lat=50.436292 lon=30.447962 alt=302.75m yaw=0.54deg | dist=783.0m | forward=783.0 | right=-11.4 | roll=1499 pitch=1520 throttle=1478 | alt=302.75
2026-04-16 17:21:08,819 | Cruise | lat=50.436283 lon=30.447953 alt=302.81m yaw=0.53deg | dist=784.1m | forward=784.0 | right=-10.8 | roll=1499 pitch=1520 throttle=1478 | alt=302.81
2026-04-16 17:21:09,170 | Cruise | lat=50.436263 lon=30.447935 alt=302.97m yaw=0.54deg | dist=786.3m | forward=786.2 | right=-9.6 | roll=1500 pitch=1520 throttle=1478 | alt=302.97
2026-04-16 17:21:09,521 | Cruise | lat=50.436254 lon=30.447926 alt=303.09m yaw=0.55deg | dist=787.4m | forward=787.3 | right=-9.0 | roll=1500 pitch=1520 throttle=1468 | alt=303.09
2026-04-16 17:21:09,872 | Cruise | lat=50.436234 lon=30.447908 alt=303.28m yaw=0.55deg | dist=789.5m | forward=789.5 | right=-7.8 | roll=1500 pitch=1520 throttle=1468 | alt=303.28
2026-04-16 17:21:10,222 | Cruise | lat=50.436225 lon=30.447899 alt=303.36m yaw=0.55deg | dist=790.6m | forward=790.6 | right=-7.2 | roll=1500 pitch=1520 throttle=1468 | alt=303.36
2026-04-16 17:21:10,573 | Cruise | lat=50.436215 lon=30.447890 alt=303.42m yaw=0.55deg | dist=791.7m | forward=791.7 | right=-6.5 | roll=1500 pitch=1520 throttle=1468 | alt=303.42
2026-04-16 17:21:10,924 | Cruise | lat=50.436196 lon=30.447872 alt=303.44m yaw=0.55deg | dist=793.8m | forward=793.8 | right=-5.3 | roll=1500 pitch=1520 throttle=1468 | alt=303.44
2026-04-16 17:21:11,275 | Cruise | lat=50.436186 lon=30.447863 alt=303.45m yaw=0.55deg | dist=794.9m | forward=794.9 | right=-4.7 | roll=1500 pitch=1520 throttle=1468 | alt=303.45
2026-04-16 17:21:11,626 | Cruise | lat=50.436167 lon=30.447845 alt=303.47m yaw=0.55deg | dist=797.1m | forward=797.1 | right=-3.5 | roll=1500 pitch=1520 throttle=1468 | alt=303.47
2026-04-16 17:21:11,977 | Cruise | lat=50.436158 lon=30.447836 alt=303.51m yaw=0.56deg | dist=798.2m | forward=798.2 | right=-2.9 | roll=1500 pitch=1520 throttle=1468 | alt=303.51
2026-04-16 17:21:12,334 | Cruise | lat=50.436148 lon=30.447827 alt=303.57m yaw=0.56deg | dist=799.2m | forward=799.2 | right=-2.2 | roll=1500 pitch=1520 throttle=1468 | alt=303.57
2026-04-16 17:21:12,732 | Cruise | lat=50.436129 lon=30.447809 alt=303.67m yaw=0.56deg | dist=801.4m | forward=801.4 | right=-1.0 | roll=1500 pitch=1520 throttle=1468 | alt=303.67
2026-04-16 17:21:13,083 | Cruise | lat=50.436119 lon=30.447799 alt=303.71m yaw=0.57deg | dist=802.5m | forward=802.5 | right=-0.4 | roll=1500 pitch=1520 throttle=1468 | alt=303.71
2026-04-16 17:21:13,434 | Cruise | lat=50.436100 lon=30.447781 alt=303.84m yaw=0.58deg | dist=804.7m | forward=804.7 | right=0.9 | roll=1500 pitch=1520 throttle=1468 | alt=303.84
2026-04-16 17:21:13,785 | Cruise | lat=50.436090 lon=30.447772 alt=303.89m yaw=0.57deg | dist=805.8m | forward=805.8 | right=1.5 | roll=1500 pitch=1520 throttle=1468 | alt=303.89
2026-04-16 17:21:14,136 | Cruise | lat=50.436071 lon=30.447754 alt=303.91m yaw=0.55deg | dist=807.9m | forward=807.9 | right=2.7 | roll=1500 pitch=1520 throttle=1468 | alt=303.91
2026-04-16 17:21:14,487 | Cruise | lat=50.436062 lon=30.447744 alt=303.90m yaw=0.55deg | dist=809.0m | forward=809.0 | right=3.4 | roll=1500 pitch=1520 throttle=1468 | alt=303.90
2026-04-16 17:21:14,838 | Cruise | lat=50.436052 lon=30.447735 alt=303.88m yaw=0.55deg | dist=810.1m | forward=810.1 | right=4.0 | roll=1500 pitch=1520 throttle=1468 | alt=303.88
2026-04-16 17:21:15,189 | Cruise | lat=50.436033 lon=30.447717 alt=303.77m yaw=0.56deg | dist=812.3m | forward=812.3 | right=5.2 | roll=1500 pitch=1520 throttle=1468 | alt=303.77
2026-04-16 17:21:15,540 | Cruise | lat=50.436023 lon=30.447708 alt=303.69m yaw=0.56deg | dist=813.4m | forward=813.4 | right=5.8 | roll=1500 pitch=1520 throttle=1468 | alt=303.69
2026-04-16 17:21:15,891 | Cruise | lat=50.436004 lon=30.447689 alt=303.51m yaw=0.56deg | dist=815.6m | forward=815.5 | right=7.1 | roll=1500 pitch=1520 throttle=1468 | alt=303.51
2026-04-16 17:21:16,241 | Cruise | lat=50.435994 lon=30.447680 alt=303.41m yaw=0.56deg | dist=816.7m | forward=816.6 | right=7.7 | roll=1500 pitch=1520 throttle=1468 | alt=303.41
2026-04-16 17:21:16,593 | Cruise | lat=50.435975 lon=30.447662 alt=303.22m yaw=0.56deg | dist=818.8m | forward=818.8 | right=8.9 | roll=1500 pitch=1520 throttle=1468 | alt=303.22
2026-04-16 17:21:16,944 | Cruise | lat=50.435966 lon=30.447653 alt=303.13m yaw=0.56deg | dist=819.9m | forward=819.9 | right=9.6 | roll=1500 pitch=1520 throttle=1468 | alt=303.13
2026-04-16 17:21:17,295 | Cruise | lat=50.435956 lon=30.447644 alt=303.07m yaw=0.57deg | dist=821.0m | forward=820.9 | right=10.2 | roll=1501 pitch=1520 throttle=1468 | alt=303.07
2026-04-16 17:21:17,646 | Cruise | lat=50.435937 lon=30.447626 alt=302.97m yaw=0.56deg | dist=823.2m | forward=823.1 | right=11.4 | roll=1501 pitch=1520 throttle=1478 | alt=302.97
2026-04-16 17:21:18,000 | Cruise | lat=50.435927 lon=30.447616 alt=302.95m yaw=0.55deg | dist=824.3m | forward=824.2 | right=12.0 | roll=1501 pitch=1520 throttle=1478 | alt=302.95
2026-04-16 17:21:18,350 | Cruise | lat=50.435908 lon=30.447598 alt=303.01m yaw=0.54deg | dist=826.4m | forward=826.3 | right=13.3 | roll=1501 pitch=1520 throttle=1468 | alt=303.01
2026-04-16 17:21:18,701 | Cruise | lat=50.435899 lon=30.447589 alt=303.06m yaw=0.54deg | dist=827.5m | forward=827.4 | right=13.9 | roll=1501 pitch=1520 throttle=1468 | alt=303.06
2026-04-16 17:21:19,052 | Cruise | lat=50.435889 lon=30.447580 alt=303.12m yaw=0.54deg | dist=828.6m | forward=828.5 | right=14.5 | roll=1501 pitch=1520 throttle=1468 | alt=303.12
2026-04-16 17:21:19,404 | Cruise | lat=50.435870 lon=30.447562 alt=303.16m yaw=0.54deg | dist=830.8m | forward=830.7 | right=15.8 | roll=1501 pitch=1520 throttle=1468 | alt=303.16
2026-04-16 17:21:19,754 | Cruise | lat=50.435860 lon=30.447553 alt=303.15m yaw=0.54deg | dist=831.9m | forward=831.8 | right=16.4 | roll=1501 pitch=1520 throttle=1468 | alt=303.15
2026-04-16 17:21:20,105 | Cruise | lat=50.435841 lon=30.447534 alt=303.06m yaw=0.55deg | dist=834.2m | forward=834.0 | right=17.6 | roll=1501 pitch=1520 throttle=1468 | alt=303.06
2026-04-16 17:21:20,456 | Cruise | lat=50.435831 lon=30.447525 alt=303.03m yaw=0.55deg | dist=835.3m | forward=835.1 | right=18.3 | roll=1501 pitch=1520 throttle=1468 | alt=303.03
2026-04-16 17:21:20,806 | Cruise | lat=50.435821 lon=30.447516 alt=303.03m yaw=0.55deg | dist=836.4m | forward=836.1 | right=18.9 | roll=1501 pitch=1520 throttle=1468 | alt=303.03
2026-04-16 17:21:21,157 | Cruise | lat=50.435802 lon=30.447497 alt=302.96m yaw=0.55deg | dist=838.6m | forward=838.3 | right=20.1 | roll=1502 pitch=1520 throttle=1478 | alt=302.96
2026-04-16 17:21:21,508 | Cruise | lat=50.435792 lon=30.447488 alt=302.95m yaw=0.56deg | dist=839.7m | forward=839.4 | right=20.8 | roll=1502 pitch=1520 throttle=1478 | alt=302.95
2026-04-16 17:21:21,858 | Cruise | lat=50.435773 lon=30.447470 alt=302.96m yaw=0.56deg | dist=841.9m | forward=841.6 | right=22.0 | roll=1502 pitch=1520 throttle=1478 | alt=302.96
2026-04-16 17:21:22,209 | Cruise | lat=50.435763 lon=30.447461 alt=302.94m yaw=0.56deg | dist=843.0m | forward=842.7 | right=22.6 | roll=1502 pitch=1520 throttle=1478 | alt=302.94
2026-04-16 17:21:22,560 | Cruise | lat=50.435754 lon=30.447452 alt=302.94m yaw=0.56deg | dist=844.1m | forward=843.8 | right=23.3 | roll=1502 pitch=1520 throttle=1478 | alt=302.94
2026-04-16 17:21:22,911 | Cruise | lat=50.435735 lon=30.447433 alt=303.00m yaw=0.56deg | dist=846.3m | forward=846.0 | right=24.5 | roll=1502 pitch=1520 throttle=1478 | alt=303.00
2026-04-16 17:21:23,262 | Cruise | lat=50.435725 lon=30.447424 alt=303.07m yaw=0.55deg | dist=847.4m | forward=847.1 | right=25.1 | roll=1502 pitch=1520 throttle=1468 | alt=303.07
2026-04-16 17:21:23,613 | Cruise | lat=50.435706 lon=30.447406 alt=303.24m yaw=0.55deg | dist=849.6m | forward=849.2 | right=26.3 | roll=1502 pitch=1520 throttle=1468 | alt=303.24
2026-04-16 17:21:23,964 | Cruise | lat=50.435696 lon=30.447397 alt=303.33m yaw=0.54deg | dist=850.7m | forward=850.3 | right=27.0 | roll=1502 pitch=1520 throttle=1468 | alt=303.33
2026-04-16 17:21:24,315 | Cruise | lat=50.435687 lon=30.447388 alt=303.39m yaw=0.54deg | dist=851.8m | forward=851.4 | right=27.6 | roll=1502 pitch=1520 throttle=1468 | alt=303.39
2026-04-16 17:21:24,666 | Cruise | lat=50.435668 lon=30.447370 alt=303.58m yaw=0.53deg | dist=854.0m | forward=853.5 | right=28.8 | roll=1502 pitch=1520 throttle=1468 | alt=303.58
2026-04-16 17:21:25,017 | Cruise | lat=50.435658 lon=30.447361 alt=303.66m yaw=0.53deg | dist=855.1m | forward=854.6 | right=29.4 | roll=1502 pitch=1520 throttle=1468 | alt=303.66
2026-04-16 17:21:25,368 | Cruise | lat=50.435639 lon=30.447343 alt=303.78m yaw=0.55deg | dist=857.3m | forward=856.8 | right=30.7 | roll=1503 pitch=1520 throttle=1468 | alt=303.78
2026-04-16 17:21:25,719 | Cruise | lat=50.435629 lon=30.447334 alt=303.82m yaw=0.56deg | dist=858.4m | forward=857.9 | right=31.3 | roll=1503 pitch=1520 throttle=1468 | alt=303.82
2026-04-16 17:21:26,070 | Cruise | lat=50.435619 lon=30.447325 alt=303.86m yaw=0.57deg | dist=859.6m | forward=859.0 | right=31.9 | roll=1503 pitch=1520 throttle=1468 | alt=303.86
2026-04-16 17:21:26,421 | Cruise | lat=50.435600 lon=30.447307 alt=303.88m yaw=0.56deg | dist=861.8m | forward=861.1 | right=33.1 | roll=1503 pitch=1520 throttle=1468 | alt=303.88
2026-04-16 17:21:26,772 | Cruise | lat=50.435591 lon=30.447298 alt=303.89m yaw=0.55deg | dist=862.9m | forward=862.2 | right=33.7 | roll=1503 pitch=1520 throttle=1468 | alt=303.89
2026-04-16 17:21:27,123 | Cruise | lat=50.435571 lon=30.447280 alt=303.97m yaw=0.54deg | dist=865.1m | forward=864.4 | right=34.9 | roll=1503 pitch=1520 throttle=1468 | alt=303.97
2026-04-16 17:21:27,488 | Cruise | lat=50.435562 lon=30.447270 alt=304.01m yaw=0.54deg | dist=866.2m | forward=865.5 | right=35.6 | roll=1503 pitch=1520 throttle=1468 | alt=304.01
2026-04-16 17:21:27,839 | Cruise | lat=50.435552 lon=30.447261 alt=304.06m yaw=0.54deg | dist=867.3m | forward=866.6 | right=36.2 | roll=1503 pitch=1520 throttle=1468 | alt=304.06
2026-04-16 17:21:28,190 | Cruise | lat=50.435533 lon=30.447244 alt=304.14m yaw=0.55deg | dist=869.6m | forward=868.8 | right=37.4 | roll=1503 pitch=1520 throttle=1468 | alt=304.14
2026-04-16 17:21:28,541 | Cruise | lat=50.435523 lon=30.447235 alt=304.18m yaw=0.55deg | dist=870.7m | forward=869.9 | right=38.0 | roll=1503 pitch=1520 throttle=1468 | alt=304.18
2026-04-16 17:21:28,893 | Cruise | lat=50.435504 lon=30.447217 alt=304.29m yaw=0.55deg | dist=872.9m | forward=872.0 | right=39.2 | roll=1503 pitch=1520 throttle=1468 | alt=304.29
2026-04-16 17:21:29,243 | Cruise | lat=50.435494 lon=30.447208 alt=304.35m yaw=0.55deg | dist=874.0m | forward=873.1 | right=39.8 | roll=1503 pitch=1520 throttle=1468 | alt=304.35
2026-04-16 17:21:29,594 | Cruise | lat=50.435475 lon=30.447190 alt=304.46m yaw=0.55deg | dist=876.3m | forward=875.3 | right=41.0 | roll=1504 pitch=1520 throttle=1468 | alt=304.46
2026-04-16 17:21:29,945 | Cruise | lat=50.435465 lon=30.447181 alt=304.46m yaw=0.55deg | dist=877.4m | forward=876.4 | right=41.6 | roll=1504 pitch=1520 throttle=1468 | alt=304.46
2026-04-16 17:21:30,296 | Cruise | lat=50.435456 lon=30.447172 alt=304.44m yaw=0.55deg | dist=878.5m | forward=877.5 | right=42.2 | roll=1504 pitch=1520 throttle=1468 | alt=304.44
2026-04-16 17:21:30,647 | Cruise | lat=50.435436 lon=30.447154 alt=304.33m yaw=0.55deg | dist=880.7m | forward=879.6 | right=43.4 | roll=1504 pitch=1520 throttle=1468 | alt=304.33
2026-04-16 17:21:30,998 | Cruise | lat=50.435427 lon=30.447145 alt=304.27m yaw=0.55deg | dist=881.8m | forward=880.7 | right=44.1 | roll=1504 pitch=1520 throttle=1468 | alt=304.27
2026-04-16 17:21:31,350 | Cruise | lat=50.435407 lon=30.447128 alt=304.17m yaw=0.55deg | dist=884.1m | forward=882.9 | right=45.3 | roll=1504 pitch=1520 throttle=1468 | alt=304.17
2026-04-16 17:21:31,701 | Cruise | lat=50.435398 lon=30.447118 alt=304.12m yaw=0.54deg | dist=885.2m | forward=884.0 | right=45.9 | roll=1504 pitch=1520 throttle=1468 | alt=304.12
2026-04-16 17:21:32,052 | Cruise | lat=50.435388 lon=30.447110 alt=304.04m yaw=0.54deg | dist=886.3m | forward=885.1 | right=46.5 | roll=1504 pitch=1520 throttle=1468 | alt=304.04
2026-04-16 17:21:32,402 | Cruise | lat=50.435369 lon=30.447092 alt=303.89m yaw=0.54deg | dist=888.6m | forward=887.3 | right=47.7 | roll=1504 pitch=1520 throttle=1468 | alt=303.89
2026-04-16 17:21:32,755 | Cruise | lat=50.435359 lon=30.447083 alt=303.81m yaw=0.54deg | dist=889.7m | forward=888.4 | right=48.3 | roll=1504 pitch=1520 throttle=1468 | alt=303.81
2026-04-16 17:21:33,106 | Cruise | lat=50.435340 lon=30.447065 alt=303.51m yaw=0.54deg | dist=891.9m | forward=890.6 | right=49.5 | roll=1504 pitch=1520 throttle=1468 | alt=303.51
2026-04-16 17:21:33,457 | Cruise | lat=50.435330 lon=30.447056 alt=303.36m yaw=0.54deg | dist=893.1m | forward=891.7 | right=50.1 | roll=1505 pitch=1520 throttle=1468 | alt=303.36
2026-04-16 17:21:33,808 | Cruise | lat=50.435320 lon=30.447046 alt=303.21m yaw=0.54deg | dist=894.2m | forward=892.7 | right=50.8 | roll=1505 pitch=1520 throttle=1468 | alt=303.21
2026-04-16 17:21:34,159 | Cruise | lat=50.435301 lon=30.447028 alt=303.06m yaw=0.54deg | dist=896.4m | forward=894.9 | right=52.0 | roll=1505 pitch=1520 throttle=1468 | alt=303.06
2026-04-16 17:21:34,510 | Cruise | lat=50.435291 lon=30.447019 alt=303.07m yaw=0.54deg | dist=897.6m | forward=896.0 | right=52.6 | roll=1505 pitch=1520 throttle=1468 | alt=303.07
2026-04-16 17:21:34,861 | Cruise | lat=50.435272 lon=30.447001 alt=303.10m yaw=0.54deg | dist=899.8m | forward=898.2 | right=53.9 | roll=1505 pitch=1520 throttle=1468 | alt=303.10
2026-04-16 17:21:35,212 | Cruise | lat=50.435262 lon=30.446992 alt=303.09m yaw=0.54deg | dist=900.9m | forward=899.3 | right=54.5 | roll=1505 pitch=1520 throttle=1468 | alt=303.09
2026-04-16 17:21:35,563 | Cruise | lat=50.435253 lon=30.446983 alt=303.07m yaw=0.54deg | dist=902.1m | forward=900.4 | right=55.1 | roll=1505 pitch=1520 throttle=1468 | alt=303.07
2026-04-16 17:21:35,914 | Cruise | lat=50.435234 lon=30.446964 alt=303.01m yaw=0.57deg | dist=904.3m | forward=902.6 | right=56.4 | roll=1505 pitch=1520 throttle=1468 | alt=303.01
2026-04-16 17:21:36,267 | Cruise | lat=50.435224 lon=30.446955 alt=302.96m yaw=0.57deg | dist=905.4m | forward=903.6 | right=57.0 | roll=1505 pitch=1520 throttle=1478 | alt=302.96
2026-04-16 17:21:36,618 | Cruise | lat=50.435205 lon=30.446937 alt=302.83m yaw=0.55deg | dist=907.7m | forward=905.8 | right=58.2 | roll=1505 pitch=1520 throttle=1478 | alt=302.83
2026-04-16 17:21:36,968 | Cruise | lat=50.435195 lon=30.446928 alt=302.78m yaw=0.55deg | dist=908.8m | forward=906.9 | right=58.8 | roll=1505 pitch=1520 throttle=1478 | alt=302.78
2026-04-16 17:21:37,320 | Cruise | lat=50.435186 lon=30.446918 alt=302.75m yaw=0.54deg | dist=909.9m | forward=908.0 | right=59.5 | roll=1505 pitch=1520 throttle=1478 | alt=302.75
2026-04-16 17:21:37,671 | Cruise | lat=50.435166 lon=30.446900 alt=302.76m yaw=0.54deg | dist=912.2m | forward=910.1 | right=60.7 | roll=1506 pitch=1520 throttle=1478 | alt=302.76
2026-04-16 17:21:38,022 | Cruise | lat=50.435157 lon=30.446891 alt=302.81m yaw=0.54deg | dist=913.3m | forward=911.2 | right=61.3 | roll=1506 pitch=1520 throttle=1478 | alt=302.81
2026-04-16 17:21:38,373 | Cruise | lat=50.435138 lon=30.446873 alt=302.96m yaw=0.54deg | dist=915.5m | forward=913.4 | right=62.6 | roll=1506 pitch=1520 throttle=1478 | alt=302.96
2026-04-16 17:21:38,725 | Cruise | lat=50.435128 lon=30.446863 alt=303.07m yaw=0.54deg | dist=916.7m | forward=914.5 | right=63.2 | roll=1506 pitch=1520 throttle=1468 | alt=303.07
2026-04-16 17:21:39,076 | Cruise | lat=50.435118 lon=30.446854 alt=303.15m yaw=0.54deg | dist=917.8m | forward=915.6 | right=63.8 | roll=1506 pitch=1520 throttle=1468 | alt=303.15
2026-04-16 17:21:39,427 | Cruise | lat=50.435099 lon=30.446836 alt=303.34m yaw=0.57deg | dist=920.0m | forward=917.7 | right=65.1 | roll=1506 pitch=1520 throttle=1468 | alt=303.34
2026-04-16 17:21:39,777 | Cruise | lat=50.435090 lon=30.446827 alt=303.45m yaw=0.58deg | dist=921.2m | forward=918.8 | right=65.7 | roll=1506 pitch=1520 throttle=1468 | alt=303.45
2026-04-16 17:21:40,130 | Cruise | lat=50.435071 lon=30.446809 alt=303.64m yaw=0.56deg | dist=923.4m | forward=921.0 | right=66.9 | roll=1506 pitch=1520 throttle=1468 | alt=303.64
2026-04-16 17:21:40,480 | Cruise | lat=50.435061 lon=30.446800 alt=303.71m yaw=0.55deg | dist=924.5m | forward=922.1 | right=67.5 | roll=1506 pitch=1520 throttle=1468 | alt=303.71
2026-04-16 17:21:40,831 | Cruise | lat=50.435051 lon=30.446790 alt=303.72m yaw=0.55deg | dist=925.7m | forward=923.1 | right=68.2 | roll=1506 pitch=1520 throttle=1468 | alt=303.72
2026-04-16 17:21:41,183 | Cruise | lat=50.435032 lon=30.446772 alt=303.69m yaw=0.54deg | dist=927.9m | forward=925.3 | right=69.4 | roll=1506 pitch=1520 throttle=1468 | alt=303.69
2026-04-16 17:21:41,534 | Cruise | lat=50.435023 lon=30.446763 alt=303.69m yaw=0.56deg | dist=929.0m | forward=926.4 | right=70.0 | roll=1507 pitch=1520 throttle=1468 | alt=303.69
2026-04-16 17:21:41,885 | Cruise | lat=50.435004 lon=30.446745 alt=303.67m yaw=0.58deg | dist=931.3m | forward=928.5 | right=71.3 | roll=1507 pitch=1520 throttle=1468 | alt=303.67
2026-04-16 17:21:42,236 | Cruise | lat=50.434994 lon=30.446736 alt=303.63m yaw=0.58deg | dist=932.4m | forward=929.6 | right=71.9 | roll=1507 pitch=1520 throttle=1468 | alt=303.63
2026-04-16 17:21:42,587 | Cruise | lat=50.434984 lon=30.446727 alt=303.57m yaw=0.58deg | dist=933.5m | forward=930.7 | right=72.5 | roll=1507 pitch=1520 throttle=1468 | alt=303.57
2026-04-16 17:21:42,938 | Cruise | lat=50.434965 lon=30.446708 alt=303.44m yaw=0.57deg | dist=935.8m | forward=932.9 | right=73.8 | roll=1507 pitch=1520 throttle=1468 | alt=303.44
2026-04-16 17:21:43,289 | Cruise | lat=50.434956 lon=30.446699 alt=303.44m yaw=0.55deg | dist=936.9m | forward=933.9 | right=74.4 | roll=1507 pitch=1520 throttle=1468 | alt=303.44
2026-04-16 17:21:43,640 | Cruise | lat=50.434937 lon=30.446681 alt=303.47m yaw=0.56deg | dist=939.1m | forward=936.1 | right=75.6 | roll=1507 pitch=1520 throttle=1468 | alt=303.47
2026-04-16 17:21:43,991 | Cruise | lat=50.434927 lon=30.446672 alt=303.48m yaw=0.57deg | dist=940.3m | forward=937.2 | right=76.2 | roll=1507 pitch=1520 throttle=1468 | alt=303.48
2026-04-16 17:21:44,345 | Cruise | lat=50.434918 lon=30.446663 alt=303.48m yaw=0.57deg | dist=941.4m | forward=938.2 | right=76.8 | roll=1507 pitch=1520 throttle=1468 | alt=303.48
2026-04-16 17:21:44,696 | Cruise | lat=50.434899 lon=30.446645 alt=303.43m yaw=0.57deg | dist=943.6m | forward=940.4 | right=78.1 | roll=1507 pitch=1520 throttle=1468 | alt=303.43
2026-04-16 17:21:45,047 | Cruise | lat=50.434889 lon=30.446636 alt=303.40m yaw=0.55deg | dist=944.8m | forward=941.5 | right=78.7 | roll=1507 pitch=1520 throttle=1468 | alt=303.40
2026-04-16 17:21:45,398 | Cruise | lat=50.434870 lon=30.446617 alt=303.29m yaw=0.54deg | dist=947.0m | forward=943.7 | right=79.9 | roll=1507 pitch=1520 throttle=1468 | alt=303.29
2026-04-16 17:21:45,750 | Cruise | lat=50.434860 lon=30.446608 alt=303.24m yaw=0.55deg | dist=948.2m | forward=944.8 | right=80.5 | roll=1508 pitch=1520 throttle=1468 | alt=303.24
2026-04-16 17:21:46,101 | Cruise | lat=50.434841 lon=30.446590 alt=303.21m yaw=0.57deg | dist=950.4m | forward=946.9 | right=81.8 | roll=1508 pitch=1520 throttle=1468 | alt=303.21
2026-04-16 17:21:46,452 | Cruise | lat=50.434831 lon=30.446581 alt=303.21m yaw=0.57deg | dist=951.6m | forward=948.0 | right=82.4 | roll=1508 pitch=1520 throttle=1468 | alt=303.21
2026-04-16 17:21:46,803 | Cruise | lat=50.434822 lon=30.446572 alt=303.19m yaw=0.56deg | dist=952.7m | forward=949.1 | right=83.0 | roll=1508 pitch=1520 throttle=1468 | alt=303.19
2026-04-16 17:21:47,154 | Cruise | lat=50.434803 lon=30.446554 alt=303.17m yaw=0.55deg | dist=955.0m | forward=951.2 | right=84.2 | roll=1508 pitch=1520 throttle=1468 | alt=303.17
2026-04-16 17:21:47,504 | MISSION FAILED: Cruise stalled. Best distance to target: 388.7 m
2026-04-16 17:21:47,505 | RC overrides cleared
2026-04-16 17:21:47,506 | RC overrides cleared
2026-04-16 17:21:47,545 | Text log: logs\flight_20260416_171308.log
2026-04-16 17:21:47,546 | CSV log: logs\flight_20260416_171308.csv
2026-04-16 17:21:47,546 | Connection closed
