timestamp,phase,lat,lon,alt,yaw_deg,distance_m,forward_error_m,right_error_m,roll_pwm,pitch_pwm,throttle_pwm,extra
2026-04-16T17:40:18,Connected,50.450739,30.461241,0.01,358.08,,,,,,,initial connection ok
2026-04-16T17:40:20,Armed,50.450739,30.461241,0.00,358.08,,,,,,,vehicle armed
2026-04-16T17:40:20,Climb to calibration alt,50.450739,30.461241,0.00,358.08,,,,,,1520,
2026-04-16T17:40:20,Climb to calibration alt,50.450739,30.461241,0.00,358.08,,,,,,1520,
2026-04-16T17:40:21,Climb to calibration alt,50.450739,30.461241,0.00,358.08,,,,,,1520,
2026-04-16T17:40:21,Climb to calibration alt,50.450739,30.461241,0.00,358.08,,,,,,1520,
2026-04-16T17:40:21,Climb to calibration alt,50.450739,30.461241,0.00,358.08,,,,,,1520,
2026-04-16T17:40:22,Climb to calibration alt,50.450739,30.461241,0.00,358.08,,,,,,1520,
2026-04-16T17:40:22,Climb to calibration alt,50.450739,30.461241,0.03,358.08,,,,,,1520,
2026-04-16T17:40:23,Climb to calibration alt,50.450739,30.461241,0.06,358.08,,,,,,1520,
2026-04-16T17:40:23,Climb to calibration alt,50.450739,30.461241,0.10,358.08,,,,,,1520,
2026-04-16T17:40:23,Climb to calibration alt,50.450739,30.461241,0.11,358.08,,,,,,1520,
2026-04-16T17:40:24,Climb to calibration alt,50.450739,30.461241,0.12,358.08,,,,,,1520,
2026-04-16T17:40:24,Climb to calibration alt,50.450739,30.461241,0.72,358.09,,,,,,1520,
2026-04-16T17:40:24,Climb to calibration alt,50.450739,30.461241,1.08,358.09,,,,,,1520,
2026-04-16T17:40:25,Climb to calibration alt,50.450739,30.461242,1.89,358.09,,,,,,1520,
2026-04-16T17:40:25,Climb to calibration alt,50.450739,30.461242,2.27,358.09,,,,,,1520,
2026-04-16T17:40:26,Climb to calibration alt,50.450739,30.461242,2.67,358.09,,,,,,1520,
2026-04-16T17:40:26,Climb to calibration alt,50.450738,30.461243,3.53,359.35,,,,,,1520,
2026-04-16T17:40:26,Climb to calibration alt,50.450738,30.461243,4.02,359.25,,,,,,1520,
2026-04-16T17:40:27,Climb to calibration alt,50.450738,30.461243,4.97,359.18,,,,,,1520,
2026-04-16T17:40:27,Climb to calibration alt,50.450738,30.461243,5.39,359.20,,,,,,1520,
2026-04-16T17:40:27,Climb to calibration alt,50.450738,30.461243,5.77,359.20,,,,,,1520,
2026-04-16T17:40:28,Climb to calibration alt,50.450738,30.461243,6.66,359.18,,,,,,1520,
2026-04-16T17:40:28,Climb to calibration alt,50.450738,30.461243,7.11,359.17,,,,,,1520,
2026-04-16T17:40:29,Calibration altitude stabilize,50.450737,30.461244,9.43,359.21,1245.60,,,,,1504,alt_err=10.57 vz_down=-1.25 stable=0/4
2026-04-16T17:40:30,Calibration altitude stabilize,50.450736,30.461244,9.76,359.21,1245.60,,,,,1504,alt_err=10.24 vz_down=-1.34 stable=0/4
2026-04-16T17:40:30,Calibration altitude stabilize,50.450736,30.461245,10.08,359.22,1245.60,,,,,1504,alt_err=9.92 vz_down=-1.12 stable=0/4
2026-04-16T17:40:30,Calibration altitude stabilize,50.450736,30.461245,10.61,359.21,1245.60,,,,,1504,alt_err=9.39 vz_down=-1.13 stable=0/4
2026-04-16T17:40:31,Calibration altitude stabilize,50.450736,30.461245,10.91,359.22,1245.60,,,,,1504,alt_err=9.09 vz_down=-1.30 stable=0/4
2026-04-16T17:40:31,Calibration altitude stabilize,50.450736,30.461246,11.44,359.23,1245.61,,,,,1504,alt_err=8.56 vz_down=-0.94 stable=0/4
2026-04-16T17:40:31,Calibration altitude stabilize,50.450736,30.461246,11.68,359.22,1245.60,,,,,1504,alt_err=8.32 vz_down=-0.99 stable=0/4
2026-04-16T17:40:32,Calibration altitude stabilize,50.450735,30.461246,12.15,359.22,1245.61,,,,,1504,alt_err=7.85 vz_down=-0.85 stable=0/4
2026-04-16T17:40:32,Calibration altitude stabilize,50.450735,30.461247,12.35,359.23,1245.61,,,,,1504,alt_err=7.65 vz_down=-0.86 stable=0/4
2026-04-16T17:40:32,Calibration altitude stabilize,50.450735,30.461247,12.58,359.24,1245.62,,,,,1504,alt_err=7.42 vz_down=-0.97 stable=0/4
2026-04-16T17:40:33,Calibration altitude stabilize,50.450735,30.461247,13.09,359.24,1245.63,,,,,1498,alt_err=6.91 vz_down=-1.12 stable=0/4
2026-04-16T17:40:33,Calibration altitude stabilize,50.450735,30.461248,13.40,359.23,1245.64,,,,,1498,alt_err=6.60 vz_down=-1.22 stable=0/4
2026-04-16T17:40:34,Calibration altitude stabilize,50.450735,30.461248,13.85,359.18,1245.65,,,,,1498,alt_err=6.15 vz_down=-0.82 stable=0/4
2026-04-16T17:40:34,Calibration altitude stabilize,50.450734,30.461248,14.06,359.17,1245.65,,,,,1498,alt_err=5.94 vz_down=-0.93 stable=0/4
2026-04-16T17:40:34,Calibration altitude stabilize,50.450734,30.461249,14.29,359.18,1245.65,,,,,1498,alt_err=5.71 vz_down=-0.94 stable=0/4
2026-04-16T17:40:35,Calibration altitude stabilize,50.450734,30.461249,14.74,359.19,1245.65,,,,,1498,alt_err=5.26 vz_down=-0.83 stable=0/4
2026-04-16T17:40:35,Calibration altitude stabilize,50.450734,30.461250,14.97,359.19,1245.65,,,,,1498,alt_err=5.03 vz_down=-0.99 stable=0/4
2026-04-16T17:40:35,Calibration altitude stabilize,50.450733,30.461250,15.45,359.21,1245.66,,,,,1498,alt_err=4.55 vz_down=-0.93 stable=0/4
2026-04-16T17:40:36,Calibration altitude stabilize,50.450733,30.461250,15.69,359.21,1245.66,,,,,1498,alt_err=4.31 vz_down=-0.98 stable=0/4
2026-04-16T17:40:36,Calibration altitude stabilize,50.450733,30.461251,15.94,359.20,1245.66,,,,,1498,alt_err=4.06 vz_down=-1.12 stable=0/4
2026-04-16T17:40:36,Calibration altitude stabilize,50.450733,30.461251,16.46,359.18,1245.65,,,,,1498,alt_err=3.54 vz_down=-0.95 stable=0/4
2026-04-16T17:40:37,Calibration altitude stabilize,50.450732,30.461251,16.69,359.19,1245.65,,,,,1498,alt_err=3.31 vz_down=-0.84 stable=0/4
2026-04-16T17:40:37,Calibration altitude stabilize,50.450732,30.461252,17.08,359.18,1245.64,,,,,1492,alt_err=2.92 vz_down=-0.78 stable=0/4
2026-04-16T17:40:37,Calibration altitude stabilize,50.450732,30.461252,17.30,359.18,1245.64,,,,,1492,alt_err=2.70 vz_down=-0.88 stable=0/4
2026-04-16T17:40:38,Calibration altitude stabilize,50.450731,30.461252,17.53,359.18,1245.63,,,,,1492,alt_err=2.47 vz_down=-0.92 stable=0/4
2026-04-16T17:40:38,Calibration altitude stabilize,50.450731,30.461253,18.01,359.21,1245.63,,,,,1492,alt_err=1.99 vz_down=-1.00 stable=0/4
2026-04-16T17:40:38,Calibration altitude stabilize,50.450731,30.461253,18.25,359.22,1245.63,,,,,1492,alt_err=1.75 vz_down=-0.89 stable=0/4
2026-04-16T17:40:39,Calibration altitude stabilize,50.450730,30.461254,18.67,359.21,1245.61,,,,,1492,alt_err=1.33 vz_down=-1.02 stable=0/4
2026-04-16T17:40:39,Calibration altitude stabilize,50.450730,30.461254,18.92,359.19,1245.61,,,,,1492,alt_err=1.08 vz_down=-0.92 stable=0/4
2026-04-16T17:40:40,Calibration altitude stabilize,50.450730,30.461254,19.18,359.18,1245.59,,,,,1476,alt_err=0.82 vz_down=-1.11 stable=0/4
2026-04-16T17:40:40,Calibration altitude stabilize,50.450729,30.461254,19.68,359.19,1245.57,,,,,1476,alt_err=0.32 vz_down=-0.84 stable=0/4
2026-04-16T17:40:40,Calibration altitude stabilize,50.450729,30.461254,19.88,359.22,1245.55,,,,,1488,alt_err=0.12 vz_down=-0.74 stable=0/4
2026-04-16T17:40:41,Calibration altitude stabilize,50.450728,30.461254,20.22,359.19,1245.53,,,,,1488,alt_err=-0.22 vz_down=-0.56 stable=1/4
2026-04-16T17:40:41,Calibration altitude stabilize,50.450728,30.461255,20.37,359.19,1245.52,,,,,1488,alt_err=-0.37 vz_down=-0.61 stable=2/4
2026-04-16T17:40:41,Calibration altitude stabilize,50.450728,30.461255,20.52,359.21,1245.52,,,,,1488,alt_err=-0.52 vz_down=-0.59 stable=3/4
2026-04-16T17:40:54,Climb to mission altitude,50.450691,30.461274,-0.26,358.72,,,,,,1548,
2026-04-16T17:40:54,Climb to mission altitude,50.450691,30.461274,-0.25,358.69,,,,,,1548,
2026-04-16T17:40:54,Climb to mission altitude,50.450691,30.461274,-0.20,358.62,,,,,,1548,
2026-04-16T17:40:55,Climb to mission altitude,50.450691,30.461274,-0.14,358.61,,,,,,1548,
2026-04-16T17:40:55,Climb to mission altitude,50.450691,30.461274,0.73,358.68,,,,,,1548,
2026-04-16T17:40:55,Climb to mission altitude,50.450691,30.461274,1.23,358.68,,,,,,1548,
2026-04-16T17:40:56,Climb to mission altitude,50.450691,30.461274,1.77,358.68,,,,,,1548,
2026-04-16T17:40:56,Climb to mission altitude,50.450691,30.461274,2.84,358.68,,,,,,1548,
2026-04-16T17:40:56,Climb to mission altitude,50.450691,30.461274,3.42,358.66,,,,,,1548,
2026-04-16T17:40:57,Climb to mission altitude,50.450691,30.461275,4.68,358.67,,,,,,1548,
2026-04-16T17:40:57,Climb to mission altitude,50.450690,30.461275,5.28,358.67,,,,,,1548,
2026-04-16T17:40:58,Climb to mission altitude,50.450690,30.461275,5.91,358.67,,,,,,1548,
2026-04-16T17:40:58,Climb to mission altitude,50.450690,30.461275,7.17,358.66,,,,,,1548,
2026-04-16T17:40:58,Climb to mission altitude,50.450690,30.461275,7.79,358.68,,,,,,1548,
2026-04-16T17:40:59,Climb to mission altitude,50.450690,30.461276,8.92,358.70,,,,,,1548,
2026-04-16T17:40:59,Climb to mission altitude,50.450690,30.461276,9.48,358.70,,,,,,1548,
2026-04-16T17:40:59,Climb to mission altitude,50.450690,30.461277,10.04,358.70,,,,,,1548,
2026-04-16T17:41:00,Climb to mission altitude,50.450690,30.461277,11.09,358.71,,,,,,1548,
2026-04-16T17:41:00,Climb to mission altitude,50.450690,30.461278,11.60,358.71,,,,,,1548,
2026-04-16T17:41:00,Climb to mission altitude,50.450690,30.461278,12.81,358.70,,,,,,1548,
2026-04-16T17:41:01,Climb to mission altitude,50.450690,30.461278,13.45,358.69,,,,,,1548,
2026-04-16T17:41:01,Climb to mission altitude,50.450690,30.461279,14.10,358.71,,,,,,1548,
2026-04-16T17:41:01,Climb to mission altitude,50.450690,30.461279,15.57,358.71,,,,,,1548,
2026-04-16T17:41:02,Climb to mission altitude,50.450690,30.461279,16.31,358.71,,,,,,1548,
2026-04-16T17:41:02,Climb to mission altitude,50.450690,30.461280,17.80,358.71,,,,,,1548,
2026-04-16T17:41:02,Climb to mission altitude,50.450690,30.461280,18.57,358.71,,,,,,1548,
2026-04-16T17:41:03,Climb to mission altitude,50.450690,30.461280,19.35,358.70,,,,,,1548,
2026-04-16T17:41:03,Climb to mission altitude,50.450689,30.461281,20.89,358.70,,,,,,1548,
2026-04-16T17:41:03,Climb to mission altitude,50.450689,30.461281,21.70,358.70,,,,,,1548,
2026-04-16T17:41:04,Climb to mission altitude,50.450689,30.461282,23.33,358.70,,,,,,1548,
2026-04-16T17:41:04,Climb to mission altitude,50.450689,30.461282,24.14,358.70,,,,,,1548,
2026-04-16T17:41:05,Climb to mission altitude,50.450689,30.461282,25.00,358.70,,,,,,1548,
2026-04-16T17:41:05,Climb to mission altitude,50.450689,30.461283,26.80,358.70,,,,,,1548,
2026-04-16T17:41:05,Climb to mission altitude,50.450689,30.461283,27.71,358.71,,,,,,1548,
2026-04-16T17:41:06,Climb to mission altitude,50.450688,30.461283,29.57,358.70,,,,,,1548,
2026-04-16T17:41:06,Climb to mission altitude,50.450688,30.461284,30.44,358.70,,,,,,1548,
2026-04-16T17:41:06,Climb to mission altitude,50.450688,30.461284,32.29,358.68,,,,,,1548,
2026-04-16T17:41:07,Climb to mission altitude,50.450688,30.461284,33.19,358.67,,,,,,1548,
2026-04-16T17:41:07,Climb to mission altitude,50.450688,30.461284,34.06,358.66,,,,,,1548,
2026-04-16T17:41:07,Climb to mission altitude,50.450687,30.461285,35.78,358.69,,,,,,1548,
2026-04-16T17:41:08,Climb to mission altitude,50.450687,30.461285,36.55,358.69,,,,,,1548,
2026-04-16T17:41:08,Climb to mission altitude,50.450687,30.461285,38.03,358.69,,,,,,1548,
2026-04-16T17:41:08,Climb to mission altitude,50.450687,30.461285,38.78,358.68,,,,,,1548,
2026-04-16T17:41:09,Climb to mission altitude,50.450687,30.461286,39.58,358.68,,,,,,1548,
2026-04-16T17:41:09,Climb to mission altitude,50.450686,30.461286,41.11,358.69,,,,,,1548,
2026-04-16T17:41:09,Climb to mission altitude,50.450686,30.461286,41.83,358.70,,,,,,1548,
2026-04-16T17:41:10,Climb to mission altitude,50.450686,30.461286,43.22,358.70,,,,,,1548,
2026-04-16T17:41:10,Climb to mission altitude,50.450685,30.461286,43.87,358.70,,,,,,1548,
2026-04-16T17:41:11,Climb to mission altitude,50.450685,30.461286,44.56,358.70,,,,,,1548,
2026-04-16T17:41:11,Climb to mission altitude,50.450685,30.461286,46.06,358.72,,,,,,1548,
2026-04-16T17:41:11,Climb to mission altitude,50.450685,30.461286,46.72,358.72,,,,,,1548,
2026-04-16T17:41:12,Climb to mission altitude,50.450684,30.461287,48.13,358.73,,,,,,1548,
2026-04-16T17:41:12,Climb to mission altitude,50.450684,30.461287,48.89,358.71,,,,,,1548,
2026-04-16T17:41:12,Climb to mission altitude,50.450684,30.461287,50.23,358.71,,,,,,1548,
2026-04-16T17:41:13,Climb to mission altitude,50.450683,30.461287,50.92,358.72,,,,,,1548,
2026-04-16T17:41:13,Climb to mission altitude,50.450683,30.461288,52.39,358.72,,,,,,1548,
2026-04-16T17:41:13,Climb to mission altitude,50.450683,30.461288,53.13,358.72,,,,,,1548,
2026-04-16T17:41:14,Climb to mission altitude,50.450683,30.461288,53.88,358.72,,,,,,1548,
2026-04-16T17:41:14,Climb to mission altitude,50.450682,30.461288,55.40,358.72,,,,,,1548,
2026-04-16T17:41:14,Climb to mission altitude,50.450682,30.461288,56.17,358.72,,,,,,1548,
2026-04-16T17:41:15,Climb to mission altitude,50.450682,30.461289,57.77,358.72,,,,,,1548,
2026-04-16T17:41:15,Climb to mission altitude,50.450682,30.461289,58.60,358.71,,,,,,1548,
2026-04-16T17:41:16,Climb to mission altitude,50.450682,30.461289,59.38,358.72,,,,,,1548,
2026-04-16T17:41:16,Climb to mission altitude,50.450681,30.461289,60.89,358.71,,,,,,1548,
2026-04-16T17:41:16,Climb to mission altitude,50.450681,30.461290,61.63,358.70,,,,,,1548,
2026-04-16T17:41:17,Climb to mission altitude,50.450681,30.461290,63.12,358.69,,,,,,1548,
2026-04-16T17:41:17,Climb to mission altitude,50.450681,30.461290,63.86,358.69,,,,,,1548,
2026-04-16T17:41:17,Climb to mission altitude,50.450680,30.461290,65.28,358.67,,,,,,1548,
2026-04-16T17:41:18,Climb to mission altitude,50.450679,30.461290,66.06,358.67,,,,,,1548,
2026-04-16T17:41:18,Climb to mission altitude,50.450679,30.461289,66.83,358.66,,,,,,1548,
2026-04-16T17:41:18,Climb to mission altitude,50.450677,30.461289,68.29,358.63,,,,,,1548,
2026-04-16T17:41:19,Climb to mission altitude,50.450676,30.461288,69.05,358.62,,,,,,1548,
2026-04-16T17:41:19,Climb to mission altitude,50.450673,30.461286,70.69,358.61,,,,,,1548,
2026-04-16T17:41:19,Climb to mission altitude,50.450672,30.461285,71.47,358.59,,,,,,1548,
2026-04-16T17:41:20,Climb to mission altitude,50.450670,30.461284,72.25,358.59,,,,,,1548,
2026-04-16T17:41:20,Climb to mission altitude,50.450666,30.461281,73.91,358.64,,,,,,1548,
2026-04-16T17:41:20,Climb to mission altitude,50.450663,30.461279,74.75,358.64,,,,,,1548,
2026-04-16T17:41:21,Climb to mission altitude,50.450658,30.461275,76.36,358.65,,,,,,1548,
2026-04-16T17:41:21,Climb to mission altitude,50.450656,30.461272,77.17,358.66,,,,,,1548,
2026-04-16T17:41:22,Climb to mission altitude,50.450652,30.461270,77.95,358.66,,,,,,1548,
2026-04-16T17:41:22,Climb to mission altitude,50.450646,30.461265,79.57,358.66,,,,,,1548,
2026-04-16T17:41:22,Climb to mission altitude,50.450643,30.461262,80.38,358.67,,,,,,1548,
2026-04-16T17:41:23,Climb to mission altitude,50.450635,30.461256,81.94,358.68,,,,,,1548,
2026-04-16T17:41:23,Climb to mission altitude,50.450631,30.461252,82.67,358.69,,,,,,1548,
2026-04-16T17:41:23,Climb to mission altitude,50.450627,30.461249,83.40,358.69,,,,,,1548,
2026-04-16T17:41:24,Climb to mission altitude,50.450619,30.461242,84.99,358.70,,,,,,1548,
2026-04-16T17:41:24,Climb to mission altitude,50.450614,30.461238,85.80,358.69,,,,,,1548,
2026-04-16T17:41:24,Climb to mission altitude,50.450605,30.461230,87.24,358.70,,,,,,1548,
2026-04-16T17:41:25,Climb to mission altitude,50.450600,30.461226,88.04,358.70,,,,,,1548,
2026-04-16T17:41:25,Climb to mission altitude,50.450595,30.461222,88.86,358.71,,,,,,1548,
2026-04-16T17:41:25,Climb to mission altitude,50.450585,30.461213,90.64,358.72,,,,,,1548,
2026-04-16T17:41:26,Climb to mission altitude,50.450580,30.461209,91.59,358.72,,,,,,1548,
2026-04-16T17:41:26,Climb to mission altitude,50.450569,30.461199,93.53,358.73,,,,,,1548,
2026-04-16T17:41:26,Climb to mission altitude,50.450563,30.461195,94.55,358.72,,,,,,1548,
2026-04-16T17:41:27,Climb to mission altitude,50.450558,30.461190,95.54,358.73,,,,,,1548,
2026-04-16T17:41:27,Climb to mission altitude,50.450546,30.461179,97.45,358.73,,,,,,1548,
2026-04-16T17:41:27,Climb to mission altitude,50.450539,30.461174,98.42,358.74,,,,,,1548,
2026-04-16T17:41:28,Climb to mission altitude,50.450527,30.461163,100.26,358.76,,,,,,1542,
2026-04-16T17:41:28,Climb to mission altitude,50.450521,30.461158,101.18,358.75,,,,,,1542,
2026-04-16T17:41:29,Climb to mission altitude,50.450514,30.461152,102.01,358.75,,,,,,1542,
2026-04-16T17:41:29,Climb to mission altitude,50.450501,30.461141,103.68,358.77,,,,,,1542,
2026-04-16T17:41:29,Climb to mission altitude,50.450494,30.461135,104.54,358.76,,,,,,1542,
2026-04-16T17:41:30,Climb to mission altitude,50.450480,30.461122,106.25,358.77,,,,,,1542,
2026-04-16T17:41:30,Climb to mission altitude,50.450473,30.461116,107.08,358.77,,,,,,1542,
2026-04-16T17:41:30,Climb to mission altitude,50.450458,30.461104,108.75,358.75,,,,,,1542,
2026-04-16T17:41:31,Climb to mission altitude,50.450451,30.461097,109.62,358.75,,,,,,1542,
2026-04-16T17:41:31,Climb to mission altitude,50.450443,30.461091,110.48,358.74,,,,,,1542,
2026-04-16T17:41:31,Climb to mission altitude,50.450428,30.461077,112.20,358.74,,,,,,1542,
2026-04-16T17:41:32,Climb to mission altitude,50.450420,30.461071,113.05,358.73,,,,,,1542,
2026-04-16T17:41:32,Climb to mission altitude,50.450404,30.461057,114.70,358.73,,,,,,1542,
2026-04-16T17:41:32,Climb to mission altitude,50.450395,30.461050,115.46,358.72,,,,,,1542,
2026-04-16T17:41:33,Climb to mission altitude,50.450387,30.461043,116.23,358.72,,,,,,1542,
2026-04-16T17:41:33,Climb to mission altitude,50.450370,30.461028,117.62,358.72,,,,,,1542,
2026-04-16T17:41:33,Climb to mission altitude,50.450362,30.461021,118.29,358.73,,,,,,1542,
2026-04-16T17:41:34,Climb to mission altitude,50.450345,30.461006,119.56,358.71,,,,,,1542,
2026-04-16T17:41:34,Climb to mission altitude,50.450336,30.460999,120.19,358.73,,,,,,1542,
2026-04-16T17:41:35,Climb to mission altitude,50.450327,30.460991,120.82,358.72,,,,,,1542,
2026-04-16T17:41:35,Climb to mission altitude,50.450310,30.460976,122.19,358.73,,,,,,1542,
2026-04-16T17:41:35,Climb to mission altitude,50.450301,30.460968,122.93,358.72,,,,,,1542,
2026-04-16T17:41:36,Climb to mission altitude,50.450283,30.460953,124.42,358.74,,,,,,1542,
2026-04-16T17:41:36,Climb to mission altitude,50.450274,30.460945,125.10,358.74,,,,,,1542,
2026-04-16T17:41:36,Climb to mission altitude,50.450265,30.460937,125.78,358.74,,,,,,1542,
2026-04-16T17:41:37,Climb to mission altitude,50.450246,30.460921,127.16,358.74,,,,,,1542,
2026-04-16T17:41:37,Climb to mission altitude,50.450237,30.460912,127.89,358.75,,,,,,1542,
2026-04-16T17:41:37,Climb to mission altitude,50.450218,30.460896,129.38,358.76,,,,,,1542,
2026-04-16T17:41:38,Climb to mission altitude,50.450209,30.460888,130.12,358.75,,,,,,1542,
2026-04-16T17:41:38,Climb to mission altitude,50.450199,30.460880,130.88,358.76,,,,,,1542,
2026-04-16T17:41:38,Climb to mission altitude,50.450180,30.460863,132.21,358.77,,,,,,1542,
2026-04-16T17:41:39,Climb to mission altitude,50.450170,30.460855,132.88,358.75,,,,,,1542,
2026-04-16T17:41:39,Climb to mission altitude,50.450151,30.460839,134.25,358.77,,,,,,1542,
2026-04-16T17:41:39,Climb to mission altitude,50.450142,30.460830,135.01,358.76,,,,,,1542,
2026-04-16T17:41:40,Climb to mission altitude,50.450123,30.460813,136.44,358.76,,,,,,1542,
2026-04-16T17:41:40,Climb to mission altitude,50.450113,30.460805,137.11,358.75,,,,,,1542,
2026-04-16T17:41:41,Climb to mission altitude,50.450103,30.460797,137.79,358.74,,,,,,1542,
2026-04-16T17:41:41,Climb to mission altitude,50.450084,30.460780,139.28,358.73,,,,,,1542,
2026-04-16T17:41:41,Climb to mission altitude,50.450074,30.460771,140.02,358.74,,,,,,1542,
2026-04-16T17:41:42,Climb to mission altitude,50.450055,30.460755,141.50,358.73,,,,,,1542,
2026-04-16T17:41:42,Climb to mission altitude,50.450045,30.460746,142.26,358.72,,,,,,1542,
2026-04-16T17:41:42,Climb to mission altitude,50.450035,30.460738,143.00,358.72,,,,,,1542,
2026-04-16T17:41:43,Climb to mission altitude,50.450016,30.460721,144.53,358.73,,,,,,1542,
2026-04-16T17:41:43,Climb to mission altitude,50.450006,30.460712,145.26,358.71,,,,,,1542,
2026-04-16T17:41:43,Climb to mission altitude,50.449987,30.460695,146.81,358.71,,,,,,1542,
2026-04-16T17:41:44,Climb to mission altitude,50.449977,30.460687,147.63,358.71,,,,,,1542,
2026-04-16T17:41:44,Climb to mission altitude,50.449967,30.460678,148.47,358.71,,,,,,1542,
2026-04-16T17:41:44,Climb to mission altitude,50.449948,30.460661,150.10,358.71,,,,,,1542,
2026-04-16T17:41:45,Climb to mission altitude,50.449938,30.460653,150.88,358.71,,,,,,1542,
2026-04-16T17:41:45,Climb to mission altitude,50.449918,30.460636,152.47,358.71,,,,,,1542,
2026-04-16T17:41:45,Climb to mission altitude,50.449909,30.460627,153.30,358.71,,,,,,1542,
2026-04-16T17:41:46,Climb to mission altitude,50.449899,30.460618,154.18,358.70,,,,,,1542,
2026-04-16T17:41:46,Climb to mission altitude,50.449879,30.460601,155.98,358.70,,,,,,1542,
2026-04-16T17:41:47,Climb to mission altitude,50.449869,30.460592,156.87,358.69,,,,,,1542,
2026-04-16T17:41:47,Climb to mission altitude,50.449850,30.460575,158.57,358.69,,,,,,1542,
2026-04-16T17:41:47,Climb to mission altitude,50.449840,30.460566,159.40,358.69,,,,,,1542,
2026-04-16T17:41:48,Climb to mission altitude,50.449821,30.460549,161.12,358.70,,,,,,1542,
2026-04-16T17:41:48,Climb to mission altitude,50.449811,30.460540,161.99,358.70,,,,,,1542,
2026-04-16T17:41:48,Climb to mission altitude,50.449801,30.460531,162.90,358.70,,,,,,1542,
2026-04-16T17:41:49,Climb to mission altitude,50.449781,30.460514,164.60,358.70,,,,,,1542,
2026-04-16T17:41:49,Climb to mission altitude,50.449771,30.460505,165.37,358.70,,,,,,1542,
2026-04-16T17:41:49,Climb to mission altitude,50.449752,30.460487,166.81,358.71,,,,,,1542,
2026-04-16T17:41:50,Climb to mission altitude,50.449742,30.460479,167.44,358.72,,,,,,1542,
2026-04-16T17:41:50,Climb to mission altitude,50.449732,30.460470,168.08,358.72,,,,,,1542,
2026-04-16T17:41:50,Climb to mission altitude,50.449713,30.460453,169.40,358.73,,,,,,1542,
2026-04-16T17:41:51,Climb to mission altitude,50.449703,30.460444,170.05,358.73,,,,,,1542,
2026-04-16T17:41:51,Climb to mission altitude,50.449683,30.460427,171.41,358.72,,,,,,1542,
2026-04-16T17:41:51,Climb to mission altitude,50.449673,30.460418,172.14,358.71,,,,,,1542,
2026-04-16T17:41:52,Climb to mission altitude,50.449663,30.460409,172.88,358.71,,,,,,1542,
2026-04-16T17:41:52,Climb to mission altitude,50.449644,30.460392,174.33,358.71,,,,,,1542,
2026-04-16T17:41:52,Climb to mission altitude,50.449634,30.460383,175.07,358.71,,,,,,1542,
2026-04-16T17:41:53,Climb to mission altitude,50.449614,30.460366,176.52,358.71,,,,,,1542,
2026-04-16T17:41:53,Climb to mission altitude,50.449604,30.460357,177.19,358.71,,,,,,1542,
2026-04-16T17:41:54,Climb to mission altitude,50.449595,30.460348,177.84,358.69,,,,,,1542,
2026-04-16T17:41:54,Climb to mission altitude,50.449575,30.460331,179.19,358.69,,,,,,1542,
2026-04-16T17:41:54,Climb to mission altitude,50.449565,30.460322,179.90,358.70,,,,,,1542,
2026-04-16T17:41:55,Climb to mission altitude,50.449545,30.460305,181.25,358.70,,,,,,1538,
2026-04-16T17:41:55,Climb to mission altitude,50.449536,30.460296,181.96,358.70,,,,,,1538,
2026-04-16T17:41:55,Climb to mission altitude,50.449526,30.460287,182.68,358.70,,,,,,1538,
2026-04-16T17:41:56,Climb to mission altitude,50.449506,30.460270,184.24,358.70,,,,,,1538,
2026-04-16T17:41:56,Climb to mission altitude,50.449496,30.460262,185.05,358.70,,,,,,1538,
2026-04-16T17:41:56,Climb to mission altitude,50.449477,30.460244,186.69,358.71,,,,,,1538,
2026-04-16T17:41:57,Climb to mission altitude,50.449467,30.460235,187.47,358.71,,,,,,1538,
2026-04-16T17:41:57,Climb to mission altitude,50.449457,30.460227,188.24,358.71,,,,,,1538,
2026-04-16T17:41:57,Climb to mission altitude,50.449437,30.460209,189.75,358.72,,,,,,1538,
2026-04-16T17:41:58,Climb to mission altitude,50.449427,30.460201,190.53,358.72,,,,,,1538,
2026-04-16T17:41:58,Climb to mission altitude,50.449407,30.460183,192.19,358.72,,,,,,1538,
2026-04-16T17:41:58,Climb to mission altitude,50.449398,30.460175,192.99,358.72,,,,,,1538,
2026-04-16T17:41:59,Climb to mission altitude,50.449388,30.460166,193.81,358.72,,,,,,1538,
2026-04-16T17:41:59,Climb to mission altitude,50.449368,30.460148,195.28,358.73,,,,,,1538,
2026-04-16T17:42:00,Climb to mission altitude,50.449358,30.460140,196.00,358.73,,,,,,1538,
2026-04-16T17:42:00,Climb to mission altitude,50.449338,30.460122,197.54,358.70,,,,,,1538,
2026-04-16T17:42:00,Climb to mission altitude,50.449328,30.460113,198.34,358.70,,,,,,1538,
2026-04-16T17:42:01,Climb to mission altitude,50.449309,30.460096,199.83,358.71,,,,,,1538,
2026-04-16T17:42:01,Climb to mission altitude,50.449299,30.460087,200.50,358.71,,,,,,1538,
2026-04-16T17:42:01,Climb to mission altitude,50.449289,30.460078,201.19,358.71,,,,,,1538,
2026-04-16T17:42:02,Climb to mission altitude,50.449269,30.460061,202.64,358.69,,,,,,1538,
2026-04-16T17:42:02,Climb to mission altitude,50.449260,30.460052,203.41,358.69,,,,,,1538,
2026-04-16T17:42:02,Climb to mission altitude,50.449240,30.460035,204.91,358.69,,,,,,1538,
2026-04-16T17:42:03,Climb to mission altitude,50.449230,30.460027,205.66,358.70,,,,,,1538,
2026-04-16T17:42:03,Climb to mission altitude,50.449220,30.460018,206.38,358.70,,,,,,1538,
2026-04-16T17:42:03,Climb to mission altitude,50.449201,30.460000,207.70,358.69,,,,,,1538,
2026-04-16T17:42:04,Climb to mission altitude,50.449191,30.459992,208.36,358.70,,,,,,1538,
2026-04-16T17:42:04,Climb to mission altitude,50.449171,30.459974,209.66,358.70,,,,,,1538,
2026-04-16T17:42:04,Climb to mission altitude,50.449162,30.459966,210.28,358.70,,,,,,1538,
2026-04-16T17:42:05,Climb to mission altitude,50.449152,30.459957,210.88,358.69,,,,,,1538,
2026-04-16T17:42:05,Climb to mission altitude,50.449132,30.459940,212.04,358.69,,,,,,1538,
2026-04-16T17:42:06,Climb to mission altitude,50.449122,30.459931,212.62,358.69,,,,,,1538,
2026-04-16T17:42:06,Climb to mission altitude,50.449103,30.459913,213.75,358.69,,,,,,1538,
2026-04-16T17:42:06,Climb to mission altitude,50.449093,30.459905,214.35,358.69,,,,,,1538,
2026-04-16T17:42:07,Climb to mission altitude,50.449083,30.459896,214.94,358.69,,,,,,1538,
2026-04-16T17:42:07,Climb to mission altitude,50.449064,30.459878,216.16,358.69,,,,,,1538,
2026-04-16T17:42:07,Climb to mission altitude,50.449054,30.459870,216.75,358.70,,,,,,1538,
2026-04-16T17:42:08,Climb to mission altitude,50.449034,30.459852,217.97,358.71,,,,,,1538,
2026-04-16T17:42:08,Climb to mission altitude,50.449024,30.459843,218.65,358.70,,,,,,1538,
2026-04-16T17:42:08,Climb to mission altitude,50.449015,30.459835,219.31,358.69,,,,,,1538,
2026-04-16T17:42:09,Climb to mission altitude,50.448995,30.459817,220.55,358.70,,,,,,1532,
2026-04-16T17:42:09,Climb to mission altitude,50.448985,30.459809,221.16,358.69,,,,,,1532,
2026-04-16T17:42:09,Climb to mission altitude,50.448966,30.459791,222.47,358.68,,,,,,1532,
2026-04-16T17:42:10,Climb to mission altitude,50.448956,30.459782,223.09,358.68,,,,,,1532,
2026-04-16T17:42:10,Climb to mission altitude,50.448946,30.459773,223.71,358.68,,,,,,1532,
2026-04-16T17:42:10,Climb to mission altitude,50.448927,30.459756,224.89,358.69,,,,,,1532,
2026-04-16T17:42:11,Climb to mission altitude,50.448917,30.459747,225.47,358.69,,,,,,1532,
2026-04-16T17:42:11,Climb to mission altitude,50.448898,30.459729,226.61,358.70,,,,,,1532,
2026-04-16T17:42:11,Climb to mission altitude,50.448888,30.459720,227.18,358.70,,,,,,1532,
2026-04-16T17:42:12,Climb to mission altitude,50.448868,30.459703,228.34,358.71,,,,,,1532,
2026-04-16T17:42:12,Climb to mission altitude,50.448859,30.459694,228.93,358.71,,,,,,1532,
2026-04-16T17:42:13,Climb to mission altitude,50.448849,30.459685,229.53,358.72,,,,,,1532,
2026-04-16T17:42:13,Climb to mission altitude,50.448829,30.459667,230.78,358.73,,,,,,1532,
2026-04-16T17:42:13,Climb to mission altitude,50.448819,30.459658,231.37,358.73,,,,,,1532,
2026-04-16T17:42:14,Climb to mission altitude,50.448800,30.459640,232.56,358.72,,,,,,1532,
2026-04-16T17:42:14,Climb to mission altitude,50.448790,30.459631,233.16,358.72,,,,,,1532,
2026-04-16T17:42:14,Climb to mission altitude,50.448780,30.459622,233.82,358.72,,,,,,1532,
2026-04-16T17:42:15,Climb to mission altitude,50.448761,30.459604,235.22,358.72,,,,,,1532,
2026-04-16T17:42:15,Climb to mission altitude,50.448751,30.459595,236.00,358.72,,,,,,1532,
2026-04-16T17:42:15,Climb to mission altitude,50.448732,30.459578,237.54,358.69,,,,,,1532,
2026-04-16T17:42:16,Climb to mission altitude,50.448722,30.459569,238.27,358.68,,,,,,1532,
2026-04-16T17:42:16,Climb to mission altitude,50.448712,30.459560,238.99,358.67,,,,,,1532,
2026-04-16T17:42:16,Climb to mission altitude,50.448693,30.459543,240.41,358.67,,,,,,1532,
2026-04-16T17:42:17,Climb to mission altitude,50.448683,30.459534,241.13,358.67,,,,,,1532,
2026-04-16T17:42:17,Climb to mission altitude,50.448664,30.459516,242.63,358.69,,,,,,1532,
2026-04-16T17:42:17,Climb to mission altitude,50.448654,30.459508,243.35,358.70,,,,,,1532,
2026-04-16T17:42:18,Climb to mission altitude,50.448644,30.459499,244.02,358.69,,,,,,1532,
2026-04-16T17:42:18,Climb to mission altitude,50.448625,30.459481,245.29,358.69,,,,,,1532,
2026-04-16T17:42:19,Climb to mission altitude,50.448615,30.459472,245.94,358.69,,,,,,1532,
2026-04-16T17:42:19,Climb to mission altitude,50.448596,30.459455,247.21,358.70,,,,,,1532,
2026-04-16T17:42:19,Climb to mission altitude,50.448586,30.459446,247.81,358.70,,,,,,1532,
2026-04-16T17:42:20,Climb to mission altitude,50.448566,30.459428,249.08,358.69,,,,,,1532,
2026-04-16T17:42:20,Climb to mission altitude,50.448557,30.459419,249.76,358.70,,,,,,1532,
2026-04-16T17:42:20,Climb to mission altitude,50.448547,30.459411,250.50,358.70,,,,,,1526,
2026-04-16T17:42:21,Climb to mission altitude,50.448528,30.459393,252.04,358.69,,,,,,1526,
2026-04-16T17:42:21,Climb to mission altitude,50.448518,30.459384,252.78,358.69,,,,,,1526,
2026-04-16T17:42:21,Climb to mission altitude,50.448499,30.459366,254.29,358.69,,,,,,1526,
2026-04-16T17:42:22,Climb to mission altitude,50.448490,30.459357,255.06,358.69,,,,,,1526,
2026-04-16T17:42:22,Climb to mission altitude,50.448480,30.459349,255.86,358.69,,,,,,1526,
2026-04-16T17:42:22,Climb to mission altitude,50.448461,30.459331,257.30,358.69,,,,,,1526,
2026-04-16T17:42:23,Climb to mission altitude,50.448451,30.459322,257.93,358.69,,,,,,1526,
2026-04-16T17:42:23,Climb to mission altitude,50.448432,30.459304,259.30,358.69,,,,,,1526,
2026-04-16T17:42:23,Climb to mission altitude,50.448422,30.459295,259.98,358.69,,,,,,1526,
2026-04-16T17:42:24,Climb to mission altitude,50.448403,30.459277,261.34,358.69,,,,,,1526,
2026-04-16T17:42:24,Climb to mission altitude,50.448393,30.459268,262.00,358.69,,,,,,1526,
2026-04-16T17:42:25,Climb to mission altitude,50.448384,30.459259,262.63,358.69,,,,,,1526,
2026-04-16T17:42:25,Climb to mission altitude,50.448364,30.459242,263.98,358.68,,,,,,1526,
2026-04-16T17:42:25,Climb to mission altitude,50.448355,30.459232,264.60,358.68,,,,,,1526,
2026-04-16T17:42:26,Climb to mission altitude,50.448335,30.459215,265.81,358.68,,,,,,1526,
2026-04-16T17:42:26,Climb to mission altitude,50.448326,30.459205,266.42,358.68,,,,,,1526,
2026-04-16T17:42:26,Climb to mission altitude,50.448316,30.459197,267.01,358.69,,,,,,1526,
2026-04-16T17:42:27,Climb to mission altitude,50.448297,30.459179,268.20,358.70,,,,,,1526,
2026-04-16T17:42:27,Climb to mission altitude,50.448287,30.459170,268.78,358.70,,,,,,1526,
2026-04-16T17:42:27,Climb to mission altitude,50.448268,30.459152,270.01,358.71,,,,,,1526,
2026-04-16T17:42:28,Climb to mission altitude,50.448258,30.459143,270.66,358.71,,,,,,1526,
2026-04-16T17:42:28,Climb to mission altitude,50.448239,30.459125,272.01,358.72,,,,,,1526,
2026-04-16T17:42:28,Climb to mission altitude,50.448229,30.459116,272.70,358.73,,,,,,1526,
2026-04-16T17:42:29,Climb to mission altitude,50.448219,30.459107,273.42,358.73,,,,,,1526,
2026-04-16T17:42:29,Climb to mission altitude,50.448200,30.459090,274.90,358.72,,,,,,1526,
2026-04-16T17:42:29,Climb to mission altitude,50.448191,30.459081,275.61,358.71,,,,,,1526,
2026-04-16T17:42:30,Climb to mission altitude,50.448171,30.459063,277.05,358.70,,,,,,1526,
2026-04-16T17:42:30,Climb to mission altitude,50.448161,30.459054,277.79,358.71,,,,,,1526,
2026-04-16T17:42:31,Climb to mission altitude,50.448152,30.459045,278.50,358.71,,,,,,1526,
2026-04-16T17:42:31,Climb to mission altitude,50.448132,30.459028,279.86,358.71,,,,,,1526,
2026-04-16T17:42:31,Climb to mission altitude,50.448122,30.459019,280.51,358.70,,,,,,1520,
2026-04-16T17:42:32,Climb to mission altitude,50.448103,30.459001,281.75,358.69,,,,,,1520,
2026-04-16T17:42:32,Climb to mission altitude,50.448093,30.458992,282.33,358.69,,,,,,1520,
2026-04-16T17:42:32,Climb to mission altitude,50.448083,30.458983,282.93,358.70,,,,,,1520,
2026-04-16T17:42:33,Climb to mission altitude,50.448064,30.458966,284.04,358.71,,,,,,1520,
2026-04-16T17:42:33,Climb to mission altitude,50.448054,30.458957,284.61,358.71,,,,,,1520,
2026-04-16T17:42:33,Climb to mission altitude,50.448035,30.458939,285.67,358.71,,,,,,1520,
2026-04-16T17:42:34,Climb to mission altitude,50.448025,30.458930,286.18,358.70,,,,,,1520,
2026-04-16T17:42:34,Climb to mission altitude,50.448015,30.458921,286.68,358.69,,,,,,1520,
2026-04-16T17:42:34,Climb to mission altitude,50.447996,30.458903,287.69,358.69,,,,,,1520,
2026-04-16T17:42:36,Mission altitude stabilize,50.447947,30.458859,290.17,358.69,921.21,,,,,1504,alt_err=9.83 vz_down=-1.72 stable=0/6
2026-04-16T17:42:36,Mission altitude stabilize,50.447928,30.458840,290.98,358.69,918.93,,,,,1504,alt_err=9.02 vz_down=-1.56 stable=0/6
2026-04-16T17:42:36,Mission altitude stabilize,50.447918,30.458831,291.36,358.69,917.80,,,,,1504,alt_err=8.64 vz_down=-1.47 stable=0/6
2026-04-16T17:42:37,Mission altitude stabilize,50.447908,30.458822,291.68,358.69,916.66,,,,,1504,alt_err=8.32 vz_down=-1.15 stable=0/6
2026-04-16T17:42:37,Mission altitude stabilize,50.447889,30.458804,292.28,358.68,914.42,,,,,1504,alt_err=7.72 vz_down=-1.26 stable=0/6
2026-04-16T17:42:38,Mission altitude stabilize,50.447879,30.458796,292.58,358.68,913.29,,,,,1504,alt_err=7.42 vz_down=-1.19 stable=0/6
2026-04-16T17:42:38,Mission altitude stabilize,50.447860,30.458778,293.21,358.68,911.03,,,,,1498,alt_err=6.79 vz_down=-1.38 stable=0/6
2026-04-16T17:42:38,Mission altitude stabilize,50.447850,30.458769,293.56,358.68,909.90,,,,,1498,alt_err=6.44 vz_down=-1.41 stable=0/6
2026-04-16T17:42:39,Mission altitude stabilize,50.447840,30.458760,293.89,358.68,908.76,,,,,1498,alt_err=6.11 vz_down=-1.16 stable=0/6
2026-04-16T17:42:39,Mission altitude stabilize,50.447821,30.458742,294.45,358.68,906.52,,,,,1498,alt_err=5.55 vz_down=-1.09 stable=0/6
2026-04-16T17:42:39,Mission altitude stabilize,50.447811,30.458733,294.72,358.68,905.39,,,,,1498,alt_err=5.28 vz_down=-1.13 stable=0/6
2026-04-16T17:42:40,Mission altitude stabilize,50.447791,30.458715,295.27,358.69,903.14,,,,,1498,alt_err=4.73 vz_down=-1.10 stable=0/6
2026-04-16T17:42:40,Mission altitude stabilize,50.447782,30.458706,295.55,358.69,902.03,,,,,1498,alt_err=4.45 vz_down=-1.15 stable=0/6
2026-04-16T17:42:40,Mission altitude stabilize,50.447772,30.458697,295.83,358.69,900.90,,,,,1498,alt_err=4.17 vz_down=-0.97 stable=0/6
2026-04-16T17:42:41,Mission altitude stabilize,50.447752,30.458680,296.27,358.70,898.65,,,,,1498,alt_err=3.73 vz_down=-0.69 stable=0/6
2026-04-16T17:42:41,Mission altitude stabilize,50.447743,30.458671,296.43,358.70,897.53,,,,,1498,alt_err=3.57 vz_down=-0.58 stable=0/6
2026-04-16T17:42:41,Mission altitude stabilize,50.447723,30.458653,296.73,358.69,895.30,,,,,1498,alt_err=3.27 vz_down=-0.60 stable=0/6
2026-04-16T17:42:42,Mission altitude stabilize,50.447714,30.458644,296.87,358.68,894.18,,,,,1498,alt_err=3.13 vz_down=-0.53 stable=0/6
2026-04-16T17:42:42,Mission altitude stabilize,50.447704,30.458635,297.00,358.68,893.07,,,,,1492,alt_err=3.00 vz_down=-0.49 stable=0/6
2026-04-16T17:42:42,Mission altitude stabilize,50.447685,30.458617,297.27,358.68,890.83,,,,,1492,alt_err=2.73 vz_down=-0.61 stable=0/6
2026-04-16T17:42:43,Mission altitude stabilize,50.447675,30.458609,297.42,358.68,889.73,,,,,1492,alt_err=2.58 vz_down=-0.57 stable=0/6
2026-04-16T17:42:43,Mission altitude stabilize,50.447656,30.458591,297.69,358.69,887.51,,,,,1492,alt_err=2.31 vz_down=-0.48 stable=0/6
2026-04-16T17:42:43,Mission altitude stabilize,50.447646,30.458582,297.83,358.69,886.40,,,,,1492,alt_err=2.17 vz_down=-0.58 stable=0/6
2026-04-16T17:42:44,Mission altitude stabilize,50.447637,30.458573,297.98,358.69,885.29,,,,,1492,alt_err=2.02 vz_down=-0.62 stable=0/6
2026-04-16T17:42:44,Mission altitude stabilize,50.447617,30.458555,298.26,358.70,883.07,,,,,1492,alt_err=1.74 vz_down=-0.48 stable=0/6
2026-04-16T17:42:45,Mission altitude stabilize,50.447608,30.458546,298.39,358.70,881.97,,,,,1492,alt_err=1.61 vz_down=-0.45 stable=1/6
2026-04-16T17:42:45,Mission altitude stabilize,50.447589,30.458528,298.63,358.71,879.73,,,,,1492,alt_err=1.37 vz_down=-0.49 stable=2/6
2026-04-16T17:42:45,Mission altitude stabilize,50.447579,30.458519,298.76,358.71,878.63,,,,,1492,alt_err=1.24 vz_down=-0.49 stable=3/6
2026-04-16T17:42:46,Mission altitude stabilize,50.447560,30.458501,298.98,358.69,876.40,,,,,1492,alt_err=1.02 vz_down=-0.41 stable=4/6
2026-04-16T17:42:46,Mission altitude stabilize,50.447550,30.458492,299.09,358.68,875.29,,,,,1488,alt_err=0.91 vz_down=-0.45 stable=5/6
2026-04-16T17:42:46,Cruise,50.447541,30.458483,299.20,358.68,874.18,-444.23,-752.89,1480,1480,1488,alt=299.20
2026-04-16T17:42:47,Cruise,50.447521,30.458465,299.41,358.69,871.93,-442.12,-751.53,1480,1480,1488,alt=299.41
2026-04-16T17:42:47,Cruise,50.447512,30.458456,299.51,358.69,870.82,-441.07,-750.85,1480,1480,1488,alt=299.51
2026-04-16T17:42:47,Cruise,50.447493,30.458438,299.64,358.70,868.60,-438.98,-749.51,1480,1480,1488,alt=299.64
2026-04-16T17:42:48,Cruise,50.447483,30.458429,299.75,358.70,867.49,-437.93,-748.83,1480,1480,1488,alt=299.75
2026-04-16T17:42:48,Cruise,50.447473,30.458420,299.87,358.71,866.38,-436.88,-748.16,1480,1480,1488,alt=299.87
2026-04-16T17:42:48,Cruise,50.447454,30.458402,299.96,358.70,864.16,-434.79,-746.81,1480,1480,1488,alt=299.96
2026-04-16T17:42:49,Cruise,50.447444,30.458393,299.97,358.69,863.03,-433.73,-746.13,1480,1480,1488,alt=299.97
2026-04-16T17:42:49,Cruise,50.447425,30.458375,299.98,358.69,860.82,-431.63,-744.79,1480,1480,1488,alt=299.98
2026-04-16T17:42:49,Cruise,50.447416,30.458366,299.97,358.69,859.73,-430.59,-744.13,1480,1480,1488,alt=299.97
2026-04-16T17:42:50,Cruise,50.447406,30.458357,299.98,358.69,858.63,-429.54,-743.46,1480,1480,1488,alt=299.98
2026-04-16T17:42:50,Cruise,50.447387,30.458340,299.98,358.70,856.43,-427.46,-742.13,1480,1480,1488,alt=299.98
2026-04-16T17:42:51,Cruise,50.447377,30.458331,299.94,358.70,855.33,-426.41,-741.46,1480,1480,1488,alt=299.94
2026-04-16T17:42:51,Cruise,50.447358,30.458313,299.91,358.71,853.13,-424.31,-740.13,1480,1480,1488,alt=299.91
2026-04-16T17:42:51,Cruise,50.447348,30.458304,299.95,358.70,852.03,-423.26,-739.46,1480,1480,1488,alt=299.95
2026-04-16T17:42:52,Cruise,50.447339,30.458295,299.99,358.69,850.93,-422.21,-738.80,1480,1480,1488,alt=299.99
2026-04-16T17:42:52,Cruise,50.447319,30.458277,300.05,358.69,848.73,-420.10,-737.47,1480,1480,1488,alt=300.05
2026-04-16T17:42:52,Cruise,50.447310,30.458268,300.07,358.69,847.62,-419.05,-736.79,1480,1480,1488,alt=300.07
2026-04-16T17:42:53,Cruise,50.447291,30.458250,300.08,358.70,845.42,-416.96,-735.45,1480,1480,1488,alt=300.08
2026-04-16T17:42:53,Cruise,50.447281,30.458241,300.11,358.70,844.30,-415.89,-734.77,1480,1480,1488,alt=300.11
2026-04-16T17:42:53,Cruise,50.447271,30.458232,300.16,358.70,843.19,-414.83,-734.08,1480,1480,1488,alt=300.16
2026-04-16T17:42:54,Cruise,50.447252,30.458214,300.29,358.70,840.99,-412.74,-732.74,1480,1480,1488,alt=300.29
2026-04-16T17:42:54,Cruise,50.447242,30.458205,300.36,358.69,839.87,-411.67,-732.06,1480,1480,1488,alt=300.36
2026-04-16T17:42:54,Cruise,50.447223,30.458187,300.41,358.69,837.67,-409.56,-730.72,1480,1480,1488,alt=300.41
2026-04-16T17:42:55,Cruise,50.447213,30.458178,300.44,358.69,836.57,-408.51,-730.04,1480,1480,1488,alt=300.44
2026-04-16T17:42:55,Cruise,50.447194,30.458160,300.42,358.69,834.34,-406.38,-728.68,1480,1480,1488,alt=300.42
2026-04-16T17:42:55,Cruise,50.447184,30.458151,300.34,358.69,833.24,-405.33,-728.00,1480,1480,1488,alt=300.34
2026-04-16T17:42:56,Cruise,50.447174,30.458142,300.27,358.69,832.14,-404.29,-727.33,1480,1480,1488,alt=300.27
2026-04-16T17:42:56,Cruise,50.447155,30.458124,300.11,358.70,829.94,-402.18,-725.98,1480,1480,1488,alt=300.11
2026-04-16T17:42:57,Cruise,50.447145,30.458115,300.03,358.70,828.84,-401.14,-725.31,1480,1480,1488,alt=300.03
2026-04-16T17:42:57,Cruise,50.447126,30.458097,299.85,358.70,826.65,-399.03,-723.96,1480,1480,1488,alt=299.85
2026-04-16T17:42:57,Cruise,50.447116,30.458088,299.77,358.70,825.54,-397.96,-723.28,1480,1480,1488,alt=299.77
2026-04-16T17:42:58,Cruise,50.447107,30.458079,299.69,358.70,824.44,-396.90,-722.61,1480,1480,1488,alt=299.69
2026-04-16T17:42:58,Cruise,50.447088,30.458061,299.54,358.70,822.26,-394.81,-721.27,1480,1480,1488,alt=299.54
2026-04-16T17:42:58,Cruise,50.447078,30.458052,299.45,358.70,821.17,-393.76,-720.61,1480,1480,1488,alt=299.45
2026-04-16T17:42:59,Cruise,50.447059,30.458034,299.25,358.69,818.99,-391.67,-719.26,1480,1480,1488,alt=299.25
2026-04-16T17:42:59,Cruise,50.447049,30.458025,299.15,358.70,817.90,-390.61,-718.59,1480,1480,1488,alt=299.15
2026-04-16T17:42:59,Cruise,50.447039,30.458016,299.07,358.70,816.79,-389.55,-717.91,1480,1480,1488,alt=299.07
2026-04-16T17:43:00,Cruise,50.447020,30.457998,298.92,358.70,814.63,-387.46,-716.58,1480,1480,1492,alt=298.92
2026-04-16T17:43:00,Cruise,50.447011,30.457989,298.82,358.70,813.55,-386.42,-715.92,1480,1480,1492,alt=298.82
2026-04-16T17:43:00,Cruise,50.446991,30.457972,298.61,358.68,811.39,-384.32,-714.60,1480,1480,1492,alt=298.61
2026-04-16T17:43:01,Cruise,50.446982,30.457963,298.50,358.67,810.32,-383.27,-713.95,1480,1480,1492,alt=298.50
2026-04-16T17:43:01,Cruise,50.446972,30.457954,298.42,358.67,809.24,-382.21,-713.29,1480,1480,1492,alt=298.42
2026-04-16T17:43:01,Cruise,50.446953,30.457936,298.38,358.68,807.07,-380.11,-711.95,1480,1480,1492,alt=298.38
2026-04-16T17:43:02,Cruise,50.446943,30.457928,298.39,358.68,805.99,-379.06,-711.29,1480,1480,1492,alt=298.39
2026-04-16T17:43:02,Cruise,50.446924,30.457910,298.46,358.69,803.85,-376.98,-709.98,1480,1480,1492,alt=298.46
2026-04-16T17:43:02,Cruise,50.446914,30.457901,298.51,358.69,802.77,-375.93,-709.31,1480,1480,1492,alt=298.51
2026-04-16T17:43:03,Cruise,50.446905,30.457892,298.56,358.70,801.71,-374.90,-708.65,1480,1480,1492,alt=298.56
2026-04-16T17:43:03,Cruise,50.446886,30.457875,298.68,358.69,799.56,-372.80,-707.33,1480,1480,1492,alt=298.68
2026-04-16T17:43:04,Cruise,50.446876,30.457866,298.77,358.68,798.48,-371.74,-706.67,1480,1480,1492,alt=298.77
2026-04-16T17:43:04,Cruise,50.446857,30.457848,298.91,358.68,796.34,-369.64,-705.36,1480,1480,1492,alt=298.91
2026-04-16T17:43:04,Cruise,50.446847,30.457839,298.98,358.69,795.27,-368.59,-704.70,1480,1480,1492,alt=298.98
2026-04-16T17:43:05,Cruise,50.446837,30.457831,299.04,358.69,794.20,-367.53,-704.04,1480,1480,1488,alt=299.04
2026-04-16T17:43:05,Cruise,50.446818,30.457813,299.05,358.69,792.06,-365.43,-702.73,1480,1480,1488,alt=299.05
2026-04-16T17:43:05,Cruise,50.446808,30.457804,299.04,358.70,790.99,-364.37,-702.07,1480,1480,1488,alt=299.04
2026-04-16T17:43:06,Cruise,50.446789,30.457787,299.05,358.70,788.84,-362.23,-700.75,1480,1480,1488,alt=299.05
2026-04-16T17:43:06,Cruise,50.446779,30.457778,299.06,358.69,787.77,-361.17,-700.09,1480,1480,1488,alt=299.06
2026-04-16T17:43:06,Cruise,50.446760,30.457760,299.10,358.68,785.62,-359.05,-698.77,1480,1480,1488,alt=299.10
2026-04-16T17:43:07,Cruise,50.446750,30.457752,299.14,358.67,784.54,-357.98,-698.11,1480,1480,1488,alt=299.14
2026-04-16T17:43:07,Cruise,50.446740,30.457743,299.22,358.68,783.47,-356.93,-697.45,1480,1480,1488,alt=299.22
2026-04-16T17:43:07,Cruise,50.446721,30.457725,299.38,358.68,781.30,-354.79,-696.10,1480,1480,1488,alt=299.38
2026-04-16T17:43:08,Cruise,50.446711,30.457716,299.45,358.69,780.23,-353.73,-695.44,1480,1480,1488,alt=299.45
2026-04-16T17:43:08,Cruise,50.446692,30.457698,299.64,358.69,778.09,-351.61,-694.11,1480,1480,1488,alt=299.64
2026-04-16T17:43:08,Cruise,50.446682,30.457689,299.70,358.69,777.01,-350.54,-693.45,1480,1480,1488,alt=299.70
2026-04-16T17:43:09,Cruise,50.446672,30.457680,299.78,358.69,775.95,-349.49,-692.79,1480,1480,1488,alt=299.78
2026-04-16T17:43:09,Cruise,50.446653,30.457663,299.89,358.70,773.81,-347.37,-691.46,1480,1480,1488,alt=299.89
2026-04-16T17:43:10,Cruise,50.446643,30.457654,299.92,358.70,772.73,-346.30,-690.79,1480,1480,1488,alt=299.92
2026-04-16T17:43:10,Cruise,50.446623,30.457636,299.95,358.70,770.58,-344.16,-689.45,1480,1480,1488,alt=299.95
2026-04-16T17:43:10,Cruise,50.446614,30.457627,299.97,358.70,769.52,-343.11,-688.80,1480,1480,1488,alt=299.97
2026-04-16T17:43:11,Cruise,50.446604,30.457618,300.01,358.68,768.46,-342.06,-688.13,1480,1480,1488,alt=300.01
2026-04-16T17:43:11,Cruise,50.446584,30.457601,300.05,358.67,766.32,-339.93,-686.80,1480,1480,1488,alt=300.05
2026-04-16T17:43:11,Cruise,50.446575,30.457592,300.06,358.67,765.25,-338.88,-686.13,1480,1480,1488,alt=300.06
2026-04-16T17:43:12,Cruise,50.446555,30.457574,300.09,358.67,763.10,-336.74,-684.78,1480,1480,1488,alt=300.09
2026-04-16T17:43:12,Cruise,50.446545,30.457565,300.09,358.67,762.03,-335.69,-684.11,1480,1480,1488,alt=300.09
2026-04-16T17:43:12,Cruise,50.446536,30.457556,300.11,358.67,760.97,-334.63,-683.44,1480,1480,1488,alt=300.11
2026-04-16T17:43:13,Cruise,50.446517,30.457538,299.99,358.68,758.84,-332.52,-682.11,1480,1480,1488,alt=299.99
2026-04-16T17:43:13,Cruise,50.446507,30.457529,299.91,358.68,757.78,-331.47,-681.44,1480,1480,1488,alt=299.91
2026-04-16T17:43:13,Cruise,50.446487,30.457511,299.80,358.68,755.66,-329.35,-680.12,1480,1480,1488,alt=299.80
2026-04-16T17:43:14,Cruise,50.446478,30.457502,299.77,358.68,754.59,-328.27,-679.44,1480,1480,1488,alt=299.77
2026-04-16T17:43:14,Cruise,50.446468,30.457493,299.76,358.68,753.52,-327.21,-678.77,1480,1480,1488,alt=299.76
2026-04-16T17:43:14,Cruise,50.446449,30.457476,299.75,358.68,751.41,-325.11,-677.44,1480,1480,1488,alt=299.75
2026-04-16T17:43:15,Cruise,50.446439,30.457467,299.75,358.68,750.35,-324.04,-676.78,1480,1480,1488,alt=299.75
2026-04-16T17:43:15,Cruise,50.446419,30.457449,299.76,358.68,748.23,-321.92,-675.44,1480,1480,1488,alt=299.76
2026-04-16T17:43:15,Cruise,50.446410,30.457440,299.73,358.68,747.18,-320.86,-674.78,1480,1480,1488,alt=299.73
2026-04-16T17:43:16,Cruise,50.446390,30.457422,299.69,358.69,745.05,-318.73,-673.43,1480,1480,1488,alt=299.69
2026-04-16T17:43:16,Cruise,50.446380,30.457413,299.66,358.69,744.00,-317.68,-672.77,1480,1480,1488,alt=299.66
2026-04-16T17:43:17,Cruise,50.446371,30.457404,299.63,358.69,742.95,-316.62,-672.11,1480,1480,1488,alt=299.63
2026-04-16T17:43:17,Cruise,50.446351,30.457387,299.50,358.69,740.86,-314.51,-670.78,1480,1480,1488,alt=299.50
2026-04-16T17:43:17,Cruise,50.446342,30.457378,299.41,358.69,739.80,-313.46,-670.12,1480,1480,1488,alt=299.41
2026-04-16T17:43:18,Cruise,50.446323,30.457360,299.18,358.70,737.72,-311.36,-668.79,1480,1480,1488,alt=299.18
2026-04-16T17:43:18,Cruise,50.446313,30.457351,299.10,358.70,736.66,-310.29,-668.12,1480,1480,1488,alt=299.10
2026-04-16T17:43:18,Cruise,50.446303,30.457342,299.05,358.70,735.61,-309.24,-667.45,1480,1480,1488,alt=299.05
2026-04-16T17:43:19,Cruise,50.446284,30.457325,298.98,358.68,733.54,-307.15,-666.13,1480,1480,1492,alt=298.98
2026-04-16T17:43:19,Cruise,50.446274,30.457316,298.96,358.68,732.48,-306.09,-665.46,1480,1480,1492,alt=298.96
2026-04-16T17:43:19,Cruise,50.446255,30.457298,299.00,358.67,730.39,-303.98,-664.13,1480,1480,1488,alt=299.00
2026-04-16T17:43:20,Cruise,50.446245,30.457289,299.02,358.67,729.33,-302.92,-663.45,1480,1480,1488,alt=299.02
2026-04-16T17:43:20,Cruise,50.446235,30.457280,299.03,358.68,728.27,-301.85,-662.77,1480,1480,1488,alt=299.03
2026-04-16T17:43:20,Cruise,50.446216,30.457262,299.09,358.68,726.16,-299.72,-661.42,1480,1480,1488,alt=299.09
2026-04-16T17:43:21,Cruise,50.446206,30.457253,299.14,358.68,725.11,-298.67,-660.75,1480,1480,1488,alt=299.14
2026-04-16T17:43:21,Cruise,50.446187,30.457235,299.31,358.70,723.01,-296.55,-659.40,1480,1480,1488,alt=299.31
2026-04-16T17:43:21,Cruise,50.446177,30.457226,299.40,358.70,721.96,-295.49,-658.72,1480,1480,1488,alt=299.40
2026-04-16T17:43:22,Cruise,50.446167,30.457217,299.50,358.70,720.91,-294.43,-658.04,1480,1480,1488,alt=299.50
2026-04-16T17:43:22,Cruise,50.446148,30.457198,299.63,358.70,718.79,-292.31,-656.67,1480,1480,1488,alt=299.63
2026-04-16T17:43:23,Cruise,50.446138,30.457189,299.70,358.69,717.74,-291.25,-655.99,1480,1480,1488,alt=299.70
2026-04-16T17:43:23,Cruise,50.446119,30.457171,299.83,358.67,715.65,-289.14,-654.64,1480,1480,1488,alt=299.83
2026-04-16T17:43:23,Cruise,50.446109,30.457162,299.91,358.67,714.60,-288.09,-653.96,1480,1480,1488,alt=299.91
2026-04-16T17:43:24,Cruise,50.446099,30.457153,299.97,358.67,713.55,-287.03,-653.28,1480,1480,1488,alt=299.97
2026-04-16T17:43:24,Cruise,50.446080,30.457135,299.99,358.67,711.47,-284.92,-651.93,1480,1480,1488,alt=299.99
2026-04-16T17:43:24,Cruise,50.446070,30.457126,299.97,358.67,710.42,-283.85,-651.25,1480,1480,1488,alt=299.97
2026-04-16T17:43:25,Cruise,50.446051,30.457108,299.94,358.66,708.34,-281.73,-649.90,1480,1480,1488,alt=299.94
2026-04-16T17:43:25,Cruise,50.446041,30.457099,299.92,358.66,707.30,-280.68,-649.23,1480,1480,1488,alt=299.92
2026-04-16T17:43:25,Cruise,50.446022,30.457081,299.93,358.66,705.23,-278.57,-647.88,1480,1480,1488,alt=299.93
2026-04-16T17:43:26,Cruise,50.446012,30.457072,299.92,358.66,704.19,-277.51,-647.21,1480,1480,1488,alt=299.92
2026-04-16T17:43:26,Cruise,50.446002,30.457063,299.88,358.66,703.16,-276.45,-646.53,1480,1480,1488,alt=299.88
2026-04-16T17:43:26,Cruise,50.445983,30.457044,299.82,358.66,701.07,-274.33,-645.17,1480,1480,1488,alt=299.82
2026-04-16T17:43:27,Cruise,50.445973,30.457036,299.79,358.66,700.04,-273.27,-644.50,1480,1480,1488,alt=299.79
2026-04-16T17:43:27,Cruise,50.445964,30.457027,299.70,358.67,699.02,-272.22,-643.83,1480,1480,1488,alt=299.70
2026-04-16T17:43:28,Cruise,50.445944,30.457009,299.50,358.67,696.95,-270.11,-642.48,1480,1480,1488,alt=299.50
2026-04-16T17:43:28,Cruise,50.445925,30.456991,299.35,358.66,694.90,-268.00,-641.14,1480,1480,1488,alt=299.35
2026-04-16T17:43:28,Cruise,50.445915,30.456982,299.27,358.66,693.86,-266.93,-640.46,1480,1480,1488,alt=299.27
2026-04-16T17:43:29,Cruise,50.445905,30.456972,299.21,358.66,692.82,-265.86,-639.77,1480,1480,1488,alt=299.21
2026-04-16T17:43:29,Cruise,50.445886,30.456954,299.11,358.67,690.77,-263.76,-638.43,1480,1480,1488,alt=299.11
2026-04-16T17:43:29,Cruise,50.445876,30.456945,299.06,358.67,689.73,-262.70,-637.75,1480,1480,1488,alt=299.06
2026-04-16T17:43:30,Cruise,50.445857,30.456927,298.93,358.67,687.67,-260.59,-636.39,1480,1480,1492,alt=298.93
2026-04-16T17:43:30,Cruise,50.445847,30.456918,298.85,358.68,686.64,-259.53,-635.70,1480,1480,1492,alt=298.85
2026-04-16T17:43:30,Cruise,50.445838,30.456909,298.80,358.68,685.61,-258.47,-635.02,1480,1480,1492,alt=298.80
2026-04-16T17:43:31,Cruise,50.445818,30.456891,298.74,358.68,683.54,-256.35,-633.65,1480,1480,1492,alt=298.74
2026-04-16T17:43:31,Cruise,50.445808,30.456881,298.73,358.68,682.51,-255.29,-632.97,1480,1480,1492,alt=298.73
2026-04-16T17:43:31,Cruise,50.445789,30.456863,298.74,358.68,680.47,-253.19,-631.61,1480,1480,1492,alt=298.74
2026-04-16T17:43:32,Cruise,50.445780,30.456854,298.70,358.68,679.45,-252.15,-630.93,1480,1480,1492,alt=298.70
2026-04-16T17:43:32,Cruise,50.445770,30.456845,298.67,358.68,678.44,-251.11,-630.26,1480,1480,1492,alt=298.67
2026-04-16T17:43:32,Cruise,50.445751,30.456827,298.69,358.68,676.38,-249.00,-628.88,1480,1480,1492,alt=298.69
2026-04-16T17:43:33,Cruise,50.445741,30.456818,298.72,358.68,675.36,-247.95,-628.20,1480,1480,1492,alt=298.72
2026-04-16T17:43:33,Cruise,50.445722,30.456799,298.81,358.68,673.33,-245.86,-626.84,1480,1480,1492,alt=298.81
2026-04-16T17:43:33,Cruise,50.445712,30.456790,298.90,358.68,672.30,-244.80,-626.15,1480,1480,1492,alt=298.90
2026-04-16T17:43:34,Cruise,50.445702,30.456781,299.00,358.68,671.28,-243.74,-625.46,1480,1480,1488,alt=299.00
2026-04-16T17:43:34,Cruise,50.445683,30.456763,299.23,358.68,669.24,-241.64,-624.09,1480,1480,1488,alt=299.23
2026-04-16T17:43:35,Cruise,50.445673,30.456754,299.33,358.68,668.22,-240.58,-623.40,1480,1480,1488,alt=299.33
2026-04-16T17:43:35,Cruise,50.445654,30.456735,299.53,358.68,666.18,-238.47,-622.04,1480,1480,1488,alt=299.53
2026-04-16T17:43:35,Cruise,50.445644,30.456726,299.58,358.68,665.17,-237.41,-621.36,1480,1480,1488,alt=299.58
2026-04-16T17:43:36,Cruise,50.445625,30.456708,299.69,358.68,663.15,-235.31,-620.00,1480,1480,1488,alt=299.69
2026-04-16T17:43:36,Cruise,50.445615,30.456699,299.75,358.67,662.14,-234.25,-619.32,1480,1480,1488,alt=299.75
2026-04-16T17:43:36,Cruise,50.445606,30.456690,299.80,358.67,661.14,-233.20,-618.65,1480,1480,1488,alt=299.80
2026-04-16T17:43:37,Cruise,50.445586,30.456672,299.88,358.67,659.12,-231.07,-617.29,1480,1480,1488,alt=299.88
2026-04-16T17:43:37,Cruise,50.445577,30.456663,299.86,358.66,658.12,-230.02,-616.61,1480,1480,1488,alt=299.86
2026-04-16T17:43:37,Cruise,50.445557,30.456645,299.76,358.67,656.12,-227.91,-615.26,1480,1480,1488,alt=299.76
2026-04-16T17:43:38,Cruise,50.445548,30.456636,299.72,358.68,655.12,-226.85,-614.59,1480,1480,1488,alt=299.72
2026-04-16T17:43:38,Cruise,50.445538,30.456627,299.67,358.69,654.12,-225.80,-613.91,1480,1480,1488,alt=299.67
2026-04-16T17:43:38,Cruise,50.445518,30.456609,299.61,358.70,652.12,-223.67,-612.56,1480,1480,1488,alt=299.61
2026-04-16T17:43:39,Cruise,50.445509,30.456599,299.55,358.70,651.11,-222.60,-611.88,1480,1480,1488,alt=299.55
2026-04-16T17:43:39,Cruise,50.445489,30.456581,299.34,358.70,649.12,-220.47,-610.53,1480,1480,1488,alt=299.34
2026-04-16T17:43:39,Cruise,50.445479,30.456573,299.26,358.70,648.14,-219.43,-609.87,1480,1480,1488,alt=299.26
2026-04-16T17:43:40,Cruise,50.445470,30.456564,299.17,358.71,647.15,-218.37,-609.19,1480,1480,1488,alt=299.17
2026-04-16T17:43:40,Cruise,50.445450,30.456546,298.87,358.71,645.17,-216.25,-607.85,1480,1480,1492,alt=298.87
2026-04-16T17:43:41,Cruise,50.445440,30.456537,298.71,358.71,644.18,-215.19,-607.17,1480,1480,1492,alt=298.71
2026-04-16T17:43:41,Cruise,50.445421,30.456519,298.45,358.71,642.19,-213.06,-605.82,1480,1480,1492,alt=298.45
2026-04-16T17:43:41,Cruise,50.445411,30.456509,298.36,358.71,641.20,-211.99,-605.14,1480,1480,1492,alt=298.36
2026-04-16T17:43:42,Cruise,50.445402,30.456501,298.30,358.71,640.22,-210.94,-604.47,1480,1480,1492,alt=298.30
2026-04-16T17:43:42,Cruise,50.445382,30.456482,298.29,358.69,638.25,-208.82,-603.12,1480,1480,1492,alt=298.29
2026-04-16T17:43:42,Cruise,50.445372,30.456474,298.28,358.68,637.27,-207.76,-602.46,1480,1480,1492,alt=298.28
2026-04-16T17:43:43,Cruise,50.445353,30.456456,298.30,358.68,635.31,-205.63,-601.12,1480,1480,1492,alt=298.30
2026-04-16T17:43:43,Cruise,50.445343,30.456447,298.29,358.68,634.32,-204.56,-600.43,1480,1480,1492,alt=298.29
2026-04-16T17:43:43,Cruise,50.445333,30.456438,298.26,358.68,633.35,-203.50,-599.76,1480,1480,1492,alt=298.26
2026-04-16T17:43:44,Cruise,50.445314,30.456420,298.23,358.67,631.41,-201.40,-598.43,1480,1480,1492,alt=298.23
2026-04-16T17:43:44,Cruise,50.445304,30.456411,298.21,358.67,630.44,-200.34,-597.76,1480,1480,1492,alt=298.21
2026-04-16T17:43:44,Cruise,50.445285,30.456393,298.21,358.67,628.50,-198.24,-596.42,1480,1481,1492,alt=298.21
2026-04-16T17:43:45,Cruise,50.445275,30.456384,298.26,358.67,627.54,-197.18,-595.75,1480,1481,1492,alt=298.26
2026-04-16T17:43:45,Cruise,50.445266,30.456375,298.32,358.68,626.56,-196.11,-595.08,1480,1481,1492,alt=298.32
2026-04-16T17:43:45,Cruise,50.445246,30.456357,298.50,358.67,624.63,-194.00,-593.74,1480,1481,1492,alt=298.50
2026-04-16T17:43:46,Cruise,50.445237,30.456348,298.64,358.67,623.67,-192.96,-593.07,1480,1481,1492,alt=298.64
2026-04-16T17:43:46,Cruise,50.445217,30.456330,298.98,358.67,621.76,-190.85,-591.74,1480,1481,1492,alt=298.98
2026-04-16T17:43:47,Cruise,50.445208,30.456322,299.16,358.67,620.80,-189.81,-591.08,1480,1482,1488,alt=299.16
2026-04-16T17:43:47,Cruise,50.445189,30.456304,299.48,358.66,618.89,-187.70,-589.74,1480,1482,1488,alt=299.48
2026-04-16T17:43:47,Cruise,50.445179,30.456295,299.59,358.66,617.92,-186.64,-589.05,1480,1482,1488,alt=299.59
2026-04-16T17:43:48,Cruise,50.445169,30.456286,299.69,358.66,616.96,-185.60,-588.38,1480,1482,1488,alt=299.69
2026-04-16T17:43:48,Cruise,50.445150,30.456268,299.94,358.67,615.06,-183.51,-587.04,1480,1482,1488,alt=299.94
2026-04-16T17:43:48,Cruise,50.445141,30.456259,300.04,358.68,614.10,-182.47,-586.37,1480,1482,1488,alt=300.04
2026-04-16T17:43:49,Cruise,50.445121,30.456241,300.17,358.69,612.20,-180.40,-585.02,1480,1482,1488,alt=300.17
2026-04-16T17:43:49,Cruise,50.445112,30.456232,300.24,358.69,611.24,-179.34,-584.34,1480,1483,1488,alt=300.24
2026-04-16T17:43:49,Cruise,50.445102,30.456222,300.32,358.70,610.29,-178.29,-583.66,1480,1483,1488,alt=300.32
2026-04-16T17:43:50,Cruise,50.445083,30.456204,300.45,358.70,608.39,-176.19,-582.31,1480,1483,1488,alt=300.45
2026-04-16T17:43:50,Cruise,50.445073,30.456196,300.49,358.70,607.45,-175.15,-581.65,1480,1483,1488,alt=300.49
2026-04-16T17:43:50,Cruise,50.445054,30.456178,300.56,358.71,605.55,-173.05,-580.30,1480,1483,1488,alt=300.56
2026-04-16T17:43:51,Cruise,50.445045,30.456169,300.59,358.71,604.62,-172.00,-579.64,1480,1483,1488,alt=300.59
2026-04-16T17:43:51,Cruise,50.445035,30.456160,300.63,358.71,603.68,-170.94,-578.97,1480,1483,1488,alt=300.63
2026-04-16T17:43:51,Cruise,50.445015,30.456142,300.69,358.72,601.78,-168.81,-577.62,1480,1484,1488,alt=300.69
2026-04-16T17:43:52,Cruise,50.445006,30.456133,300.71,358.73,600.84,-167.75,-576.95,1480,1484,1488,alt=300.71
2026-04-16T17:43:52,Cruise,50.444986,30.456115,300.80,358.70,598.97,-165.64,-575.61,1480,1484,1488,alt=300.80
2026-04-16T17:43:52,Cruise,50.444976,30.456106,300.84,358.70,598.02,-164.57,-574.93,1480,1484,1488,alt=300.84
2026-04-16T17:43:53,Cruise,50.444967,30.456097,300.86,358.70,597.10,-163.53,-574.27,1480,1484,1488,alt=300.86
2026-04-16T17:43:53,Cruise,50.444947,30.456079,300.91,358.70,595.22,-161.41,-572.92,1480,1484,1488,alt=300.91
2026-04-16T17:43:54,Cruise,50.444938,30.456070,300.93,358.69,594.28,-160.34,-572.25,1480,1484,1488,alt=300.93
2026-04-16T17:43:54,Cruise,50.444918,30.456052,300.97,358.69,592.44,-158.24,-570.91,1480,1485,1488,alt=300.97
2026-04-16T17:43:54,Cruise,50.444909,30.456043,300.96,358.69,591.51,-157.19,-570.25,1480,1485,1488,alt=300.96
2026-04-16T17:43:55,Cruise,50.444899,30.456035,300.97,358.69,590.60,-156.13,-569.59,1480,1485,1488,alt=300.97
2026-04-16T17:43:55,Cruise,50.444880,30.456017,300.97,358.68,588.77,-154.02,-568.27,1480,1485,1488,alt=300.97
2026-04-16T17:43:55,Cruise,50.444870,30.456008,300.96,358.68,587.85,-152.97,-567.60,1480,1485,1488,alt=300.96
2026-04-16T17:43:56,Cruise,50.444851,30.455990,300.98,358.67,586.01,-150.85,-566.26,1480,1485,1488,alt=300.98
2026-04-16T17:43:56,Cruise,50.444841,30.455981,301.02,358.67,585.09,-149.78,-565.59,1480,1486,1478,alt=301.02
2026-04-16T17:43:56,Cruise,50.444831,30.455973,301.06,358.67,584.19,-148.72,-564.94,1480,1486,1478,alt=301.06
2026-04-16T17:43:57,Cruise,50.444812,30.455955,301.11,358.69,582.37,-146.60,-563.62,1480,1486,1478,alt=301.11
2026-04-16T17:43:57,Cruise,50.444802,30.455946,301.09,358.68,581.46,-145.54,-562.96,1480,1486,1478,alt=301.09
2026-04-16T17:43:57,Cruise,50.444782,30.455928,301.09,358.69,579.64,-143.40,-561.62,1480,1486,1478,alt=301.09
2026-04-16T17:43:58,Cruise,50.444773,30.455919,301.11,358.68,578.73,-142.34,-560.96,1480,1486,1478,alt=301.11
2026-04-16T17:43:58,Cruise,50.444753,30.455902,301.12,358.68,576.93,-140.24,-559.63,1480,1486,1478,alt=301.12
2026-04-16T17:43:58,Cruise,50.444744,30.455893,301.13,358.69,576.03,-139.19,-558.96,1480,1487,1478,alt=301.13
2026-04-16T17:43:59,Cruise,50.444734,30.455884,301.09,358.70,575.13,-138.14,-558.29,1480,1487,1478,alt=301.09
2026-04-16T17:43:59,Cruise,50.444715,30.455866,300.97,358.69,573.33,-136.05,-556.96,1480,1487,1488,alt=300.97
2026-04-16T17:44:00,Cruise,50.444705,30.455857,300.91,358.69,572.43,-135.00,-556.28,1480,1487,1488,alt=300.91
2026-04-16T17:44:00,Cruise,50.444696,30.455848,300.87,358.69,571.53,-133.94,-555.61,1480,1487,1488,alt=300.87
2026-04-16T17:44:00,Cruise,50.444676,30.455830,300.84,358.69,569.74,-131.84,-554.28,1480,1487,1488,alt=300.84
2026-04-16T17:44:01,Cruise,50.444667,30.455821,300.84,358.69,568.85,-130.79,-553.61,1480,1487,1488,alt=300.84
2026-04-16T17:44:01,Cruise,50.444647,30.455803,300.84,358.69,567.07,-128.69,-552.28,1480,1488,1488,alt=300.84
2026-04-16T17:44:01,Cruise,50.444638,30.455794,300.86,358.69,566.18,-127.63,-551.61,1480,1488,1488,alt=300.86
2026-04-16T17:44:02,Cruise,50.444628,30.455786,300.89,358.69,565.30,-126.57,-550.95,1480,1488,1488,alt=300.89
2026-04-16T17:44:02,Cruise,50.444609,30.455768,300.93,358.69,563.52,-124.47,-549.61,1480,1488,1488,alt=300.93
2026-04-16T17:44:02,Cruise,50.444599,30.455759,300.91,358.69,562.64,-123.42,-548.94,1480,1488,1488,alt=300.91
2026-04-16T17:44:03,Cruise,50.444580,30.455741,300.98,358.68,560.88,-121.31,-547.61,1480,1488,1488,alt=300.98
2026-04-16T17:44:03,Cruise,50.444570,30.455732,301.04,358.68,560.00,-120.27,-546.93,1480,1488,1478,alt=301.04
2026-04-16T17:44:03,Cruise,50.444551,30.455714,301.11,358.69,558.24,-118.17,-545.59,1480,1489,1478,alt=301.11
2026-04-16T17:44:04,Cruise,50.444541,30.455705,301.08,358.68,557.35,-117.12,-544.91,1480,1489,1478,alt=301.08
2026-04-16T17:44:04,Cruise,50.444532,30.455696,301.03,358.68,556.47,-116.07,-544.23,1480,1489,1478,alt=301.03
2026-04-16T17:44:04,Cruise,50.444512,30.455678,300.89,358.68,554.71,-113.96,-542.88,1480,1489,1488,alt=300.89
2026-04-16T17:44:05,Cruise,50.444503,30.455669,300.80,358.69,553.83,-112.92,-542.20,1480,1489,1488,alt=300.80
2026-04-16T17:44:05,Cruise,50.444484,30.455651,300.64,358.69,552.09,-110.82,-540.85,1480,1489,1488,alt=300.64
2026-04-16T17:44:05,Cruise,50.444474,30.455642,300.54,358.69,551.21,-109.77,-540.17,1480,1490,1488,alt=300.54
2026-04-16T17:44:06,Cruise,50.444464,30.455632,300.45,358.69,550.33,-108.71,-539.48,1480,1490,1488,alt=300.45
2026-04-16T17:44:06,Cruise,50.444445,30.455614,300.31,358.69,548.59,-106.62,-538.13,1480,1490,1488,alt=300.31
2026-04-16T17:44:07,Cruise,50.444435,30.455605,300.30,358.68,547.73,-105.57,-537.46,1480,1490,1488,alt=300.30
2026-04-16T17:44:07,Cruise,50.444416,30.455587,300.31,358.68,546.00,-103.48,-536.11,1480,1490,1488,alt=300.31
2026-04-16T17:44:07,Cruise,50.444406,30.455578,300.37,358.68,545.15,-102.42,-535.44,1480,1490,1488,alt=300.37
2026-04-16T17:44:08,Cruise,50.444397,30.455569,300.43,358.68,544.29,-101.37,-534.77,1480,1490,1488,alt=300.43
2026-04-16T17:44:08,Cruise,50.444377,30.455551,300.56,358.67,542.58,-99.24,-533.42,1480,1491,1488,alt=300.56
2026-04-16T17:44:08,Cruise,50.444368,30.455542,300.59,358.67,541.72,-98.20,-532.75,1480,1491,1488,alt=300.59
2026-04-16T17:44:09,Cruise,50.444348,30.455525,300.67,358.67,540.03,-96.09,-531.42,1480,1491,1488,alt=300.67
2026-04-16T17:44:09,Cruise,50.444339,30.455516,300.71,358.68,539.18,-95.03,-530.74,1480,1491,1488,alt=300.71
2026-04-16T17:44:09,Cruise,50.444329,30.455507,300.75,358.68,538.33,-93.98,-530.07,1480,1491,1488,alt=300.75
2026-04-16T17:44:10,Cruise,50.444310,30.455489,300.78,358.68,536.65,-91.87,-528.73,1480,1491,1488,alt=300.78
2026-04-16T17:44:10,Cruise,50.444300,30.455480,300.81,358.69,535.81,-90.81,-528.05,1480,1491,1488,alt=300.81
2026-04-16T17:44:10,Cruise,50.444281,30.455462,300.81,358.69,534.14,-88.71,-526.72,1480,1492,1488,alt=300.81
2026-04-16T17:44:11,Cruise,50.444271,30.455453,300.81,358.69,533.31,-87.66,-526.06,1480,1492,1488,alt=300.81
2026-04-16T17:44:11,Cruise,50.444262,30.455444,300.79,358.69,532.48,-86.62,-525.39,1480,1492,1488,alt=300.79
2026-04-16T17:44:11,Cruise,50.444242,30.455426,300.69,358.69,530.83,-84.51,-524.06,1480,1492,1488,alt=300.69
2026-04-16T17:44:12,Cruise,50.444233,30.455417,300.64,358.69,529.99,-83.45,-523.38,1480,1492,1488,alt=300.64
2026-04-16T17:44:12,Cruise,50.444213,30.455399,300.56,358.68,528.33,-81.34,-522.04,1480,1492,1488,alt=300.56
2026-04-16T17:44:13,Cruise,50.444204,30.455390,300.54,358.68,527.51,-80.28,-521.36,1480,1492,1488,alt=300.54
2026-04-16T17:44:13,Cruise,50.444194,30.455381,300.55,358.67,526.69,-79.24,-520.70,1480,1493,1488,alt=300.55
2026-04-16T17:44:13,Cruise,50.444175,30.455363,300.57,358.67,525.05,-77.14,-519.35,1480,1493,1488,alt=300.57
2026-04-16T17:44:14,Cruise,50.444165,30.455354,300.54,358.67,524.24,-76.10,-518.68,1480,1493,1488,alt=300.54
2026-04-16T17:44:14,Cruise,50.444146,30.455337,300.54,358.67,522.61,-74.00,-517.34,1480,1493,1488,alt=300.54
2026-04-16T17:44:14,Cruise,50.444136,30.455327,300.58,358.66,521.79,-72.94,-516.66,1480,1493,1488,alt=300.58
2026-04-16T17:44:15,Cruise,50.444117,30.455310,300.65,358.66,520.17,-70.85,-515.32,1480,1493,1488,alt=300.65
2026-04-16T17:44:15,Cruise,50.444107,30.455301,300.68,358.66,519.36,-69.80,-514.65,1480,1494,1488,alt=300.68
2026-04-16T17:44:15,Cruise,50.444098,30.455292,300.70,358.66,518.56,-68.75,-513.98,1480,1494,1488,alt=300.70
2026-04-16T17:44:16,Cruise,50.444079,30.455274,300.77,358.68,516.96,-66.65,-512.64,1480,1494,1488,alt=300.77
2026-04-16T17:44:16,Cruise,50.444069,30.455265,300.82,358.69,516.15,-65.59,-511.97,1480,1494,1488,alt=300.82
2026-04-16T17:44:16,Cruise,50.444049,30.455247,300.91,358.69,514.55,-63.47,-510.62,1480,1494,1488,alt=300.91
2026-04-16T17:44:17,Cruise,50.444040,30.455238,300.94,358.69,513.76,-62.43,-509.95,1480,1494,1488,alt=300.94
2026-04-16T17:44:17,Cruise,50.444030,30.455229,300.96,358.69,512.97,-61.38,-509.28,1480,1494,1488,alt=300.96
2026-04-16T17:44:17,Cruise,50.444011,30.455211,300.96,358.68,511.39,-59.28,-507.94,1480,1495,1488,alt=300.96
2026-04-16T17:44:18,Cruise,50.444001,30.455202,300.94,358.68,510.61,-58.22,-507.28,1480,1495,1488,alt=300.94
2026-04-16T17:44:18,Cruise,50.443982,30.455184,300.94,358.67,509.04,-56.10,-505.94,1480,1495,1488,alt=300.94
2026-04-16T17:44:18,Cruise,50.443972,30.455175,300.98,358.67,508.26,-55.04,-505.27,1480,1495,1488,alt=300.98
2026-04-16T17:44:19,Cruise,50.443962,30.455167,301.01,358.67,507.49,-54.00,-504.61,1480,1495,1478,alt=301.01
2026-04-16T17:44:19,Cruise,50.443943,30.455149,301.09,358.69,505.95,-51.89,-503.28,1480,1495,1478,alt=301.09
2026-04-16T17:44:20,Cruise,50.443933,30.455140,301.10,358.69,505.18,-50.83,-502.62,1480,1495,1478,alt=301.10
2026-04-16T17:44:20,Cruise,50.443914,30.455122,301.14,358.69,503.66,-48.74,-501.29,1480,1496,1478,alt=301.14
2026-04-16T17:44:20,Cruise,50.443905,30.455113,301.15,358.68,502.89,-47.68,-500.62,1480,1496,1478,alt=301.15
2026-04-16T17:44:21,Cruise,50.443895,30.455104,301.12,358.69,502.12,-46.61,-499.95,1480,1496,1478,alt=301.12
2026-04-16T17:44:21,Cruise,50.443875,30.455087,300.93,358.69,500.61,-44.51,-498.63,1480,1496,1488,alt=300.93
2026-04-16T17:44:21,Cruise,50.443866,30.455078,300.82,358.69,499.86,-43.45,-497.97,1484,1497,1488,alt=300.82
2026-04-16T17:44:22,Cruise,50.443846,30.455060,300.65,358.69,498.36,-41.33,-496.65,1484,1497,1488,alt=300.65
2026-04-16T17:44:22,Cruise,50.443837,30.455051,300.61,358.69,497.63,-40.27,-495.99,1484,1497,1488,alt=300.61
2026-04-16T17:44:22,Cruise,50.443827,30.455043,300.60,358.69,496.88,-39.20,-495.33,1484,1497,1488,alt=300.60
2026-04-16T17:44:23,Cruise,50.443807,30.455025,300.62,358.68,495.40,-37.08,-494.01,1484,1498,1488,alt=300.62
2026-04-16T17:44:23,Cruise,50.443798,30.455016,300.70,358.68,494.65,-36.01,-493.34,1484,1498,1488,alt=300.70
2026-04-16T17:44:23,Cruise,50.443778,30.454998,300.85,358.68,493.19,-33.89,-492.02,1484,1498,1488,alt=300.85
2026-04-16T17:44:24,Cruise,50.443768,30.454990,300.93,358.69,492.46,-32.83,-491.36,1484,1498,1488,alt=300.93
2026-04-16T17:44:24,Cruise,50.443749,30.454972,301.09,358.68,491.00,-30.70,-490.04,1484,1498,1478,alt=301.09
2026-04-16T17:44:24,Cruise,50.443739,30.454963,301.14,358.69,490.27,-29.64,-489.38,1484,1498,1478,alt=301.14
2026-04-16T17:44:25,Cruise,50.443730,30.454954,301.14,358.69,489.55,-28.58,-488.72,1484,1498,1478,alt=301.14
2026-04-16T17:44:25,Cruise,50.443710,30.454937,301.06,358.70,488.12,-26.47,-487.40,1484,1498,1478,alt=301.06
2026-04-16T17:44:26,Cruise,50.443700,30.454928,300.97,358.69,487.41,-25.41,-486.75,1484,1498,1488,alt=300.97
2026-04-16T17:44:26,Cruise,50.443691,30.454919,300.90,358.69,486.71,-24.35,-486.10,1484,1499,1488,alt=300.90
2026-04-16T17:44:26,Cruise,50.443672,30.454902,300.75,358.69,485.30,-22.25,-484.79,1484,1499,1488,alt=300.75
2026-04-16T17:44:27,Cruise,50.443662,30.454893,300.71,358.69,484.59,-21.19,-484.13,1484,1499,1488,alt=300.71
2026-04-16T17:44:27,Cruise,50.443642,30.454875,300.65,358.70,483.18,-19.07,-482.80,1484,1499,1488,alt=300.65
2026-04-16T17:44:27,Cruise,50.443633,30.454867,300.64,358.70,482.48,-18.02,-482.14,1484,1499,1488,alt=300.64
2026-04-16T17:44:28,Cruise,50.443623,30.454858,300.63,358.71,481.77,-16.95,-481.47,1484,1499,1488,alt=300.63
2026-04-16T17:44:28,Cruise,50.443604,30.454840,300.58,358.72,480.36,-14.83,-480.13,1484,1499,1488,alt=300.58
2026-04-16T17:44:28,Cruise,50.443594,30.454831,300.55,358.72,479.67,-13.77,-479.47,1484,1499,1488,alt=300.55
2026-04-16T17:44:29,Cruise,50.443574,30.454813,300.54,358.72,478.27,-11.64,-478.13,1484,1500,1488,alt=300.54
2026-04-16T17:44:29,Cruise,50.443565,30.454804,300.53,358.71,477.59,-10.59,-477.47,1484,1500,1488,alt=300.53
2026-04-16T17:44:29,Cruise,50.443555,30.454795,300.52,358.70,476.90,-9.53,-476.80,1484,1500,1488,alt=300.52
2026-04-16T17:44:30,Cruise,50.443536,30.454778,300.46,358.68,475.53,-7.42,-475.48,1484,1500,1488,alt=300.46
2026-04-16T17:44:30,Cruise,50.443526,30.454769,300.44,358.68,474.84,-6.37,-474.80,1484,1500,1488,alt=300.44
2026-04-16T17:44:30,Cruise,50.443506,30.454751,300.43,358.68,473.49,-4.25,-473.47,1484,1500,1488,alt=300.43
2026-04-16T17:44:31,Cruise,50.443497,30.454742,300.37,358.68,472.81,-3.18,-472.79,1484,1500,1488,alt=300.37
2026-04-16T17:44:31,Cruise,50.443477,30.454724,300.22,358.68,471.46,-1.06,-471.45,1484,1500,1488,alt=300.22
2026-04-16T17:44:31,Cruise,50.443468,30.454715,300.16,358.68,470.79,-0.01,-470.79,1484,1500,1488,alt=300.16
2026-04-16T17:44:32,Cruise,50.443458,30.454706,300.11,358.67,470.13,1.05,-470.13,1484,1500,1488,alt=300.11
2026-04-16T17:44:32,Cruise,50.443438,30.454688,300.10,358.67,468.80,3.17,-468.79,1484,1500,1488,alt=300.10
2026-04-16T17:44:33,Cruise,50.443429,30.454680,300.13,358.67,468.14,4.23,-468.12,1484,1500,1488,alt=300.13
2026-04-16T17:44:33,Cruise,50.443409,30.454662,300.17,358.66,466.82,6.36,-466.77,1484,1500,1488,alt=300.17
2026-04-16T17:44:33,Cruise,50.443399,30.454653,300.17,358.66,466.16,7.42,-466.10,1484,1500,1488,alt=300.17
2026-04-16T17:44:34,Cruise,50.443390,30.454643,300.15,358.66,465.50,8.47,-465.43,1484,1500,1488,alt=300.15
2026-04-16T17:44:34,Cruise,50.443370,30.454626,300.13,358.66,464.21,10.60,-464.08,1484,1500,1488,alt=300.13
2026-04-16T17:44:34,Cruise,50.443361,30.454617,300.13,358.66,463.56,11.65,-463.41,1484,1500,1488,alt=300.13
2026-04-16T17:44:35,Cruise,50.443341,30.454598,300.13,358.66,462.26,13.78,-462.06,1484,1501,1488,alt=300.13
2026-04-16T17:44:35,Cruise,50.443331,30.454590,300.18,358.67,461.62,14.85,-461.38,1484,1501,1488,alt=300.18
2026-04-16T17:44:35,Cruise,50.443322,30.454580,300.19,358.69,460.98,15.91,-460.71,1484,1501,1488,alt=300.19
2026-04-16T17:44:36,Cruise,50.443302,30.454563,300.19,358.70,459.72,18.02,-459.37,1484,1501,1488,alt=300.19
2026-04-16T17:44:36,Cruise,50.443293,30.454553,300.19,358.71,459.08,19.08,-458.69,1484,1501,1488,alt=300.19
2026-04-16T17:44:36,Cruise,50.443273,30.454535,300.19,358.71,457.82,21.17,-457.33,1484,1501,1488,alt=300.19
2026-04-16T17:44:37,Cruise,50.443264,30.454526,300.17,358.71,457.20,22.23,-456.66,1484,1501,1488,alt=300.17
2026-04-16T17:44:37,Cruise,50.443254,30.454517,300.11,358.71,456.57,23.31,-455.97,1484,1501,1488,alt=300.11
2026-04-16T17:44:37,Cruise,50.443235,30.454499,299.99,358.71,455.33,25.42,-454.62,1484,1502,1488,alt=299.99
2026-04-16T17:44:38,Cruise,50.443225,30.454490,299.93,358.71,454.72,26.46,-453.95,1484,1502,1488,alt=299.93
2026-04-16T17:44:38,Cruise,50.443205,30.454472,299.81,358.70,453.52,28.58,-452.62,1484,1502,1488,alt=299.81
2026-04-16T17:44:39,Cruise,50.443196,30.454463,299.73,358.70,452.92,29.63,-451.95,1484,1502,1488,alt=299.73
2026-04-16T17:44:39,Cruise,50.443186,30.454455,299.63,358.70,452.32,30.67,-451.28,1484,1502,1488,alt=299.63
2026-04-16T17:44:39,Cruise,50.443167,30.454436,299.43,358.70,451.12,32.80,-449.92,1484,1502,1488,alt=299.43
2026-04-16T17:44:40,Cruise,50.443157,30.454427,299.27,358.70,450.52,33.85,-449.25,1484,1502,1488,alt=299.27
2026-04-16T17:44:40,Cruise,50.443138,30.454410,298.94,358.69,449.36,35.94,-447.92,1484,1502,1492,alt=298.94
2026-04-16T17:44:40,Cruise,50.443128,30.454401,298.80,358.69,448.78,36.99,-447.25,1484,1502,1492,alt=298.80
2026-04-16T17:44:41,Cruise,50.443109,30.454383,298.44,358.69,447.63,39.08,-445.92,1484,1503,1492,alt=298.44
2026-04-16T17:44:41,Cruise,50.443100,30.454374,298.28,358.69,447.06,40.14,-445.25,1484,1503,1492,alt=298.28
2026-04-16T17:44:41,Cruise,50.443090,30.454365,298.12,358.69,446.48,41.20,-444.58,1484,1503,1492,alt=298.12
2026-04-16T17:44:42,Cruise,50.443071,30.454347,297.82,358.69,445.35,43.29,-443.25,1484,1503,1492,alt=297.82
2026-04-16T17:44:42,Cruise,50.443061,30.454338,297.68,358.69,444.80,44.34,-442.59,1484,1503,1492,alt=297.68
2026-04-16T17:44:42,Cruise,50.443051,30.454330,297.56,358.69,444.24,45.38,-441.92,1484,1503,1492,alt=297.56
2026-04-16T17:44:43,Cruise,50.443032,30.454312,297.40,358.69,443.14,47.48,-440.59,1484,1503,1492,alt=297.40
2026-04-16T17:44:43,Cruise,50.443023,30.454303,297.36,358.69,442.59,48.53,-439.92,1484,1503,1492,alt=297.36
2026-04-16T17:44:43,Cruise,50.443003,30.454285,297.35,358.69,441.49,50.64,-438.57,1484,1504,1492,alt=297.35
2026-04-16T17:44:44,Cruise,50.442994,30.454276,297.35,358.69,440.95,51.69,-437.91,1484,1504,1492,alt=297.35
2026-04-16T17:44:44,Cruise,50.442984,30.454267,297.35,358.68,440.41,52.72,-437.24,1484,1504,1492,alt=297.35
2026-04-16T17:44:44,Cruise,50.442965,30.454249,297.36,358.68,439.33,54.82,-435.89,1484,1504,1492,alt=297.36
2026-04-16T17:44:45,Cruise,50.442955,30.454240,297.41,358.68,438.79,55.86,-435.22,1484,1504,1492,alt=297.41
2026-04-16T17:44:45,Cruise,50.442936,30.454222,297.54,358.67,437.72,57.96,-433.87,1484,1504,1492,alt=297.54
2026-04-16T17:44:46,Cruise,50.442926,30.454213,297.62,358.67,437.19,59.03,-433.19,1484,1504,1492,alt=297.62
2026-04-16T17:44:46,Cruise,50.442907,30.454195,297.79,358.67,436.13,61.11,-431.83,1484,1504,1492,alt=297.79
2026-04-16T17:44:46,Cruise,50.442898,30.454186,297.85,358.67,435.62,62.17,-431.16,1484,1504,1492,alt=297.85
2026-04-16T17:44:47,Cruise,50.442888,30.454177,297.90,358.68,435.09,63.21,-430.48,1484,1505,1492,alt=297.90
2026-04-16T17:44:47,Cruise,50.442869,30.454159,298.02,358.69,434.07,65.32,-429.13,1484,1505,1492,alt=298.02
2026-04-16T17:44:47,Cruise,50.442859,30.454150,298.09,358.70,433.57,66.37,-428.46,1484,1505,1492,alt=298.09
2026-04-16T17:44:48,Cruise,50.442839,30.454131,298.30,358.70,432.56,68.49,-427.10,1484,1505,1492,alt=298.30
2026-04-16T17:44:48,Cruise,50.442830,30.454123,298.44,358.70,432.07,69.54,-426.44,1484,1505,1492,alt=298.44
2026-04-16T17:44:48,Cruise,50.442820,30.454114,298.62,358.70,431.58,70.57,-425.77,1484,1505,1492,alt=298.62
2026-04-16T17:44:49,Cruise,50.442801,30.454096,299.03,358.70,430.61,72.67,-424.44,1484,1505,1488,alt=299.03
2026-04-16T17:44:49,Cruise,50.442792,30.454087,299.21,358.70,430.14,73.71,-423.77,1484,1505,1488,alt=299.21
2026-04-16T17:44:49,Cruise,50.442772,30.454069,299.48,358.70,429.19,75.83,-422.44,1484,1506,1488,alt=299.48
2026-04-16T17:44:50,Cruise,50.442763,30.454060,299.63,358.70,428.72,76.88,-421.77,1484,1506,1488,alt=299.63
2026-04-16T17:44:50,Cruise,50.442753,30.454051,299.76,358.70,428.26,77.92,-421.11,1484,1506,1488,alt=299.76
2026-04-16T17:44:50,Cruise,50.442734,30.454034,300.03,358.71,427.33,80.02,-419.77,1484,1506,1488,alt=300.03
2026-04-16T17:44:51,Cruise,50.442724,30.454025,300.14,358.71,426.88,81.07,-419.11,1484,1506,1488,alt=300.14
2026-04-16T17:44:51,Cruise,50.442705,30.454007,300.23,358.71,425.98,83.16,-417.79,1484,1506,1488,alt=300.23
2026-04-16T17:44:52,Cruise,50.442695,30.453998,300.23,358.71,425.54,84.21,-417.13,1484,1506,1488,alt=300.23
2026-04-16T17:44:52,Cruise,50.442686,30.453989,300.20,358.71,425.09,85.26,-416.46,1484,1506,1488,alt=300.20
2026-04-16T17:44:52,Cruise,50.442667,30.453972,300.11,358.70,424.22,87.36,-415.13,1484,1506,1488,alt=300.11
2026-04-16T17:44:53,Cruise,50.442657,30.453963,300.07,358.69,423.79,88.41,-414.46,1484,1507,1488,alt=300.07
2026-04-16T17:44:53,Cruise,50.442638,30.453945,300.00,358.68,422.93,90.51,-413.13,1484,1507,1488,alt=300.00
2026-04-16T17:44:53,Cruise,50.442628,30.453936,299.96,358.68,422.50,91.56,-412.46,1484,1507,1488,alt=299.96
2026-04-16T17:44:54,Cruise,50.442618,30.453927,299.91,358.69,422.08,92.60,-411.80,1484,1507,1488,alt=299.91
2026-04-16T17:44:54,Cruise,50.442599,30.453909,299.75,358.68,421.25,94.72,-410.47,1484,1507,1488,alt=299.75
2026-04-16T17:44:54,Cruise,50.442589,30.453900,299.71,358.69,420.84,95.77,-409.80,1484,1507,1488,alt=299.71
2026-04-16T17:44:55,Cruise,50.442570,30.453883,299.64,358.69,420.03,97.85,-408.47,1484,1507,1488,alt=299.64
2026-04-16T17:44:55,Cruise,50.442561,30.453874,299.61,358.68,419.63,98.89,-407.82,1484,1507,1488,alt=299.61
2026-04-16T17:44:55,Cruise,50.442551,30.453865,299.60,358.69,419.23,99.92,-407.15,1484,1507,1488,alt=299.60
2026-04-16T17:44:56,Cruise,50.442532,30.453847,299.78,358.69,418.43,102.02,-405.80,1484,1508,1488,alt=299.78
2026-04-16T17:44:56,Cruise,50.442523,30.453838,299.93,358.69,418.04,103.06,-405.14,1484,1508,1488,alt=299.93
2026-04-16T17:44:56,Cruise,50.442503,30.453820,300.29,358.70,417.26,105.15,-403.80,1484,1508,1488,alt=300.29
2026-04-16T17:44:57,Cruise,50.442494,30.453811,300.48,358.70,416.88,106.19,-403.12,1484,1508,1488,alt=300.48
2026-04-16T17:44:57,Cruise,50.442484,30.453802,300.65,358.70,416.49,107.24,-402.44,1484,1508,1488,alt=300.65
2026-04-16T17:44:57,Cruise,50.442465,30.453784,301.01,358.70,415.73,109.32,-401.10,1484,1508,1478,alt=301.01
2026-04-16T17:44:58,Cruise,50.442455,30.453775,301.18,358.69,415.36,110.38,-400.43,1484,1508,1478,alt=301.18
2026-04-16T17:44:58,Cruise,50.442436,30.453757,301.48,358.68,414.63,112.48,-399.08,1484,1508,1478,alt=301.48
2026-04-16T17:44:59,Cruise,50.442427,30.453748,301.62,358.68,414.27,113.52,-398.42,1484,1509,1478,alt=301.62
2026-04-16T17:44:59,Cruise,50.442417,30.453739,301.74,358.67,413.92,114.57,-397.75,1484,1509,1478,alt=301.74
2026-04-16T17:44:59,Cruise,50.442398,30.453722,301.91,358.68,413.24,116.67,-396.42,1484,1509,1478,alt=301.91
2026-04-16T17:45:00,Cruise,50.442388,30.453713,301.96,358.67,412.90,117.71,-395.77,1484,1509,1478,alt=301.96
2026-04-16T17:45:00,Cruise,50.442369,30.453695,302.05,358.69,412.23,119.82,-394.43,1484,1509,1478,alt=302.05
2026-04-16T17:45:00,Cruise,50.442359,30.453686,302.09,358.68,411.91,120.88,-393.77,1484,1509,1478,alt=302.09
2026-04-16T17:45:01,Cruise,50.442340,30.453669,302.16,358.68,411.26,122.97,-392.45,1484,1509,1478,alt=302.16
2026-04-16T17:45:01,Cruise,50.442330,30.453660,302.19,358.68,410.95,124.01,-391.79,1484,1509,1478,alt=302.19
2026-04-16T17:45:01,Cruise,50.442321,30.453651,302.18,358.68,410.63,125.07,-391.12,1484,1510,1478,alt=302.18
2026-04-16T17:45:02,Cruise,50.442301,30.453633,302.12,358.68,410.00,127.16,-389.78,1484,1510,1478,alt=302.12
2026-04-16T17:45:02,Cruise,50.442292,30.453624,302.10,358.69,409.69,128.23,-389.10,1484,1510,1478,alt=302.10
2026-04-16T17:45:02,Cruise,50.442273,30.453606,301.96,358.68,409.08,130.33,-387.76,1484,1510,1478,alt=301.96
2026-04-16T17:45:03,Cruise,50.442263,30.453597,301.89,358.68,408.78,131.37,-387.10,1484,1510,1478,alt=301.89
2026-04-16T17:45:03,Cruise,50.442253,30.453588,301.82,358.68,408.49,132.42,-386.43,1484,1510,1478,alt=301.82
2026-04-16T17:45:03,Cruise,50.442234,30.453570,301.62,358.68,407.92,134.53,-385.10,1484,1510,1478,alt=301.62
2026-04-16T17:45:04,Cruise,50.442224,30.453561,301.48,358.68,407.63,135.57,-384.43,1484,1510,1478,alt=301.48
2026-04-16T17:45:04,Cruise,50.442205,30.453544,301.12,358.68,407.08,137.70,-383.09,1484,1511,1478,alt=301.12
2026-04-16T17:45:05,Cruise,50.442195,30.453535,300.90,358.69,406.81,138.75,-382.42,1484,1511,1498,alt=300.90
2026-04-16T17:45:05,Cruise,50.442186,30.453526,300.67,358.69,406.55,139.79,-381.76,1484,1511,1498,alt=300.67
2026-04-16T17:45:05,Cruise,50.442166,30.453508,300.36,358.68,406.02,141.89,-380.42,1484,1511,1488,alt=300.36
2026-04-16T17:45:06,Cruise,50.442157,30.453499,300.26,358.68,405.76,142.95,-379.75,1484,1511,1488,alt=300.26
2026-04-16T17:45:06,Cruise,50.442138,30.453481,300.17,358.69,405.25,145.05,-378.40,1484,1511,1488,alt=300.17
2026-04-16T17:45:06,Cruise,50.442128,30.453472,300.15,358.69,405.00,146.11,-377.72,1484,1511,1488,alt=300.15
2026-04-16T17:45:07,Cruise,50.442118,30.453463,300.14,358.69,404.75,147.17,-377.05,1484,1511,1488,alt=300.14
2026-04-16T17:45:07,Cruise,50.442099,30.453445,300.11,358.70,404.26,149.26,-375.70,1484,1511,1488,alt=300.11
2026-04-16T17:45:07,Cruise,50.442089,30.453436,300.10,358.71,404.03,150.31,-375.03,1484,1512,1488,alt=300.10
2026-04-16T17:45:08,Cruise,50.442070,30.453418,300.08,358.71,403.59,152.39,-373.71,1484,1512,1488,alt=300.08
2026-04-16T17:45:08,Cruise,50.442061,30.453409,300.07,358.71,403.36,153.42,-373.04,1484,1512,1488,alt=300.07
2026-04-16T17:45:08,Cruise,50.442051,30.453400,300.09,358.70,403.14,154.48,-372.36,1484,1512,1488,alt=300.09
2026-04-16T17:45:09,Cruise,50.442032,30.453383,300.06,358.68,402.72,156.59,-371.03,1484,1512,1488,alt=300.06
2026-04-16T17:45:09,Cruise,50.442022,30.453374,300.03,358.67,402.52,157.62,-370.37,1484,1512,1488,alt=300.03
2026-04-16T17:45:09,Cruise,50.442003,30.453356,299.95,358.67,402.11,159.72,-369.03,1484,1512,1488,alt=299.95
2026-04-16T17:45:10,Cruise,50.441993,30.453347,299.97,358.67,401.91,160.76,-368.36,1484,1512,1488,alt=299.97
2026-04-16T17:45:10,Cruise,50.441974,30.453329,300.04,358.67,401.53,162.87,-367.01,1484,1513,1488,alt=300.04
2026-04-16T17:45:10,Cruise,50.441964,30.453320,300.09,358.67,401.34,163.93,-366.34,1484,1513,1488,alt=300.09
2026-04-16T17:45:11,Cruise,50.441955,30.453311,300.14,358.67,401.16,164.97,-365.66,1484,1513,1488,alt=300.14
2026-04-16T17:45:11,Cruise,50.441935,30.453293,300.29,358.67,400.81,167.08,-364.32,1484,1513,1488,alt=300.29
2026-04-16T17:45:12,Cruise,50.441926,30.453284,300.39,358.68,400.64,168.14,-363.65,1484,1513,1488,alt=300.39
2026-04-16T17:45:12,Cruise,50.441906,30.453266,300.54,358.68,400.32,170.25,-362.31,1484,1513,1488,alt=300.54
2026-04-16T17:45:12,Cruise,50.441897,30.453257,300.63,358.68,400.16,171.31,-361.64,1484,1513,1488,alt=300.63
2026-04-16T17:45:13,Cruise,50.441887,30.453248,300.71,358.68,400.00,172.38,-360.95,1484,1513,1488,alt=300.71
2026-04-16T17:45:13,Cruise,50.441867,30.453230,300.80,358.68,399.70,174.50,-359.60,1484,1513,1488,alt=300.80
2026-04-16T17:45:13,Cruise,50.441858,30.453221,300.84,358.68,399.56,175.55,-358.93,1484,1514,1488,alt=300.84
2026-04-16T17:45:14,Cruise,50.441838,30.453203,300.95,358.69,399.28,177.67,-357.57,1484,1514,1488,alt=300.95
2026-04-16T17:45:14,Cruise,50.441829,30.453194,301.01,358.69,399.14,178.71,-356.90,1484,1514,1478,alt=301.01
2026-04-16T17:45:14,Cruise,50.441819,30.453185,301.07,358.69,399.01,179.77,-356.22,1484,1514,1478,alt=301.07
2026-04-16T17:45:15,Cruise,50.441800,30.453166,301.17,358.69,398.76,181.90,-354.86,1484,1514,1478,alt=301.17
2026-04-16T17:45:15,Cruise,50.441790,30.453157,301.20,358.69,398.64,182.96,-354.17,1484,1514,1478,alt=301.20
2026-04-16T17:45:15,Cruise,50.441780,30.453148,301.25,358.68,398.52,184.00,-353.50,1484,1514,1478,alt=301.25
2026-04-16T17:45:16,Cruise,50.441761,30.453130,301.27,358.69,398.29,186.11,-352.14,1484,1514,1478,alt=301.27
2026-04-16T17:45:16,Cruise,50.441751,30.453121,301.27,358.68,398.18,187.15,-351.46,1484,1514,1478,alt=301.27
2026-04-16T17:45:16,Cruise,50.441732,30.453103,301.23,358.69,397.98,189.27,-350.10,1484,1515,1478,alt=301.23
2026-04-16T17:45:17,Cruise,50.441722,30.453094,301.23,358.68,397.89,190.33,-349.42,1484,1515,1478,alt=301.23
2026-04-16T17:45:17,Cruise,50.441703,30.453076,301.24,358.69,397.71,192.43,-348.06,1484,1515,1478,alt=301.24
2026-04-16T17:45:18,Cruise,50.441693,30.453066,301.25,358.68,397.63,193.48,-347.38,1484,1515,1478,alt=301.25
2026-04-16T17:45:18,Cruise,50.441684,30.453057,301.26,358.69,397.55,194.53,-346.70,1484,1515,1478,alt=301.26
2026-04-16T17:45:18,Cruise,50.441665,30.453039,301.28,358.68,397.39,196.63,-345.34,1484,1515,1478,alt=301.28
2026-04-16T17:45:19,Cruise,50.441655,30.453030,301.26,358.69,397.32,197.68,-344.65,1484,1515,1478,alt=301.26
2026-04-16T17:45:19,Cruise,50.441635,30.453012,301.16,358.67,397.19,199.80,-343.28,1484,1515,1478,alt=301.16
2026-04-16T17:45:19,Cruise,50.441626,30.453003,301.11,358.68,397.13,200.85,-342.60,1484,1516,1478,alt=301.11
2026-04-16T17:45:20,Cruise,50.441616,30.452994,301.07,358.69,397.08,201.89,-341.92,1484,1516,1478,alt=301.07
2026-04-16T17:45:20,Cruise,50.441597,30.452975,300.98,358.68,396.98,204.01,-340.55,1484,1516,1488,alt=300.98
2026-04-16T17:45:20,Cruise,50.441587,30.452966,300.92,358.68,396.94,205.06,-339.87,1484,1516,1488,alt=300.92
2026-04-16T17:45:21,Cruise,50.441568,30.452948,300.80,358.69,396.88,207.19,-338.51,1484,1516,1488,alt=300.80
2026-04-16T17:45:21,Cruise,50.441558,30.452939,300.76,358.68,396.86,208.25,-337.83,1484,1516,1488,alt=300.76
2026-04-16T17:45:21,Cruise,50.441548,30.452930,300.73,358.68,396.84,209.31,-337.15,1484,1516,1488,alt=300.73
2026-04-16T17:45:22,Cruise,50.441529,30.452912,300.67,358.68,396.80,211.40,-335.80,1484,1516,1488,alt=300.67
2026-04-16T17:45:22,Cruise,50.441519,30.452903,300.65,358.68,396.79,212.45,-335.13,1484,1516,1488,alt=300.65
2026-04-16T17:45:22,Cruise,50.441500,30.452885,300.58,358.67,396.79,214.54,-333.79,1484,1516,1488,alt=300.58
2026-04-16T17:45:23,Cruise,50.441491,30.452876,300.54,358.67,396.79,215.59,-333.12,1484,1516,1488,alt=300.54
2026-04-16T17:45:23,Cruise,50.441481,30.452867,300.48,358.66,396.80,216.63,-332.44,1484,1516,1488,alt=300.48
2026-04-16T17:45:23,Cruise,50.441462,30.452849,300.28,358.66,396.83,218.73,-331.10,1484,1516,1488,alt=300.28
2026-04-16T17:45:24,Cruise,50.441452,30.452840,300.20,358.66,396.84,219.77,-330.42,1484,1516,1488,alt=300.20
2026-04-16T17:45:24,Cruise,50.441433,30.452822,300.09,358.66,396.88,221.88,-329.07,1484,1516,1488,alt=300.09
2026-04-16T17:45:25,Cruise,50.441423,30.452813,300.04,358.67,396.91,222.92,-328.39,1484,1516,1488,alt=300.04
2026-04-16T17:45:25,Cruise,50.441414,30.452804,300.00,358.69,396.94,223.98,-327.71,1484,1516,1488,alt=300.00
2026-04-16T17:45:25,Cruise,50.441394,30.452785,299.90,358.70,397.01,226.09,-326.34,1484,1516,1488,alt=299.90
2026-04-16T17:45:26,Cruise,50.441385,30.452776,299.82,358.70,397.05,227.14,-325.66,1484,1516,1488,alt=299.82
2026-04-16T17:45:26,Cruise,50.441365,30.452758,299.74,358.71,397.16,229.24,-324.32,1484,1516,1488,alt=299.74
2026-04-16T17:45:26,Cruise,50.441356,30.452749,299.72,358.71,397.22,230.28,-323.65,1484,1516,1488,alt=299.72
2026-04-16T17:45:27,Cruise,50.441346,30.452740,299.69,358.71,397.28,231.33,-322.98,1484,1516,1488,alt=299.69
2026-04-16T17:45:27,Cruise,50.441327,30.452722,299.62,358.71,397.41,233.46,-321.62,1484,1516,1488,alt=299.62
2026-04-16T17:45:27,Cruise,50.441317,30.452713,299.59,358.71,397.49,234.50,-320.94,1484,1516,1488,alt=299.59
2026-04-16T17:45:28,Cruise,50.441298,30.452695,299.53,358.72,397.65,236.60,-319.60,1484,1516,1488,alt=299.53
2026-04-16T17:45:28,Cruise,50.441288,30.452686,299.51,358.70,397.73,237.64,-318.92,1484,1516,1488,alt=299.51
2026-04-16T17:45:28,Cruise,50.441269,30.452668,299.48,358.69,397.92,239.75,-317.58,1484,1516,1488,alt=299.48
2026-04-16T17:45:29,Cruise,50.441259,30.452659,299.43,358.69,398.01,240.80,-316.91,1484,1516,1488,alt=299.43
2026-04-16T17:45:29,Cruise,50.441250,30.452650,299.36,358.69,398.11,241.84,-316.23,1484,1516,1488,alt=299.36
2026-04-16T17:45:29,Cruise,50.441231,30.452632,299.24,358.69,398.33,243.95,-314.89,1484,1516,1488,alt=299.24
2026-04-16T17:45:30,Cruise,50.441221,30.452623,299.21,358.69,398.44,244.98,-314.22,1484,1516,1488,alt=299.21
2026-04-16T17:45:30,Cruise,50.441202,30.452605,299.17,358.70,398.67,247.07,-312.88,1484,1516,1488,alt=299.17
2026-04-16T17:45:31,Cruise,50.441192,30.452596,299.15,358.70,398.80,248.11,-312.22,1484,1516,1488,alt=299.15
2026-04-16T17:45:31,Cruise,50.441183,30.452587,299.11,358.70,398.92,249.15,-311.54,1484,1516,1488,alt=299.11
2026-04-16T17:45:31,Cruise,50.441164,30.452570,298.97,358.71,399.19,251.25,-310.20,1484,1516,1492,alt=298.97
2026-04-16T17:45:32,Cruise,50.441154,30.452561,298.97,358.71,399.32,252.29,-309.53,1484,1516,1492,alt=298.97
2026-04-16T17:45:32,Cruise,50.441135,30.452543,299.04,358.69,399.62,254.38,-308.20,1484,1516,1488,alt=299.04
2026-04-16T17:45:32,Cruise,50.441125,30.452534,299.11,358.69,399.77,255.42,-307.53,1484,1516,1488,alt=299.11
2026-04-16T17:45:33,Cruise,50.441116,30.452525,299.17,358.68,399.92,256.46,-306.86,1484,1516,1488,alt=299.17
2026-04-16T17:45:33,Cruise,50.441097,30.452507,299.33,358.68,400.25,258.56,-305.53,1484,1516,1488,alt=299.33
2026-04-16T17:45:33,Cruise,50.441087,30.452498,299.38,358.68,400.42,259.63,-304.84,1484,1516,1488,alt=299.38
2026-04-16T17:45:34,Cruise,50.441068,30.452480,299.49,358.68,400.77,261.72,-303.51,1484,1516,1488,alt=299.49
2026-04-16T17:45:34,Cruise,50.441058,30.452471,299.56,358.68,400.94,262.76,-302.85,1484,1516,1488,alt=299.56
2026-04-16T17:45:34,Cruise,50.441048,30.452462,299.61,358.68,401.12,263.80,-302.17,1484,1516,1488,alt=299.61
2026-04-16T17:45:35,Cruise,50.441029,30.452444,299.68,358.68,401.49,265.89,-300.83,1484,1516,1488,alt=299.68
2026-04-16T17:45:35,Cruise,50.441020,30.452435,299.75,358.68,401.68,266.93,-300.16,1484,1516,1488,alt=299.75
2026-04-16T17:45:35,Cruise,50.441000,30.452417,299.83,358.68,402.08,269.05,-298.80,1484,1516,1488,alt=299.83
2026-04-16T17:45:36,Cruise,50.440991,30.452408,299.85,358.68,402.29,270.11,-298.13,1484,1516,1488,alt=299.85
2026-04-16T17:45:36,Cruise,50.440981,30.452399,299.84,358.68,402.50,271.15,-297.46,1484,1516,1488,alt=299.84
2026-04-16T17:45:36,Cruise,50.440962,30.452382,299.86,358.68,402.93,273.25,-296.12,1484,1516,1488,alt=299.86
2026-04-16T17:45:37,Cruise,50.440952,30.452373,299.89,358.68,403.15,274.29,-295.46,1484,1516,1488,alt=299.89
2026-04-16T17:45:37,Cruise,50.440933,30.452355,299.85,358.68,403.60,276.39,-294.11,1484,1516,1488,alt=299.85
2026-04-16T17:45:38,Cruise,50.440923,30.452345,299.76,358.68,403.83,277.44,-293.43,1484,1516,1488,alt=299.76
2026-04-16T17:45:38,Cruise,50.440914,30.452337,299.71,358.68,404.07,278.49,-292.76,1484,1516,1488,alt=299.71
2026-04-16T17:45:38,Cruise,50.440894,30.452319,299.67,358.68,404.54,280.59,-291.42,1484,1516,1488,alt=299.67
2026-04-16T17:45:39,Cruise,50.440885,30.452310,299.66,358.68,404.79,281.64,-290.74,1484,1516,1488,alt=299.66
2026-04-16T17:45:39,Cruise,50.440866,30.452292,299.64,358.68,405.28,283.74,-289.39,1484,1516,1488,alt=299.64
2026-04-16T17:45:39,Cruise,50.440856,30.452282,299.63,358.67,405.54,284.79,-288.72,1484,1516,1488,alt=299.63
2026-04-16T17:45:40,Cruise,50.440846,30.452273,299.62,358.67,405.80,285.85,-288.03,1484,1516,1488,alt=299.62
2026-04-16T17:45:40,Cruise,50.440827,30.452255,299.65,358.67,406.34,287.97,-286.69,1484,1516,1488,alt=299.65
2026-04-16T17:45:40,Cruise,50.440817,30.452247,299.66,358.66,406.62,289.01,-286.02,1484,1516,1488,alt=299.66
2026-04-16T17:45:41,Cruise,50.440798,30.452228,299.70,358.66,407.17,291.12,-284.67,1484,1516,1488,alt=299.70
2026-04-16T17:45:41,Cruise,50.440788,30.452219,299.75,358.66,407.45,292.18,-283.99,1484,1516,1488,alt=299.75
2026-04-16T17:45:41,Cruise,50.440769,30.452201,299.91,358.68,408.03,294.28,-282.65,1484,1516,1488,alt=299.91
2026-04-16T17:45:42,Cruise,50.440759,30.452192,299.98,358.69,408.33,295.35,-281.96,1484,1516,1488,alt=299.98
2026-04-16T17:45:42,Cruise,50.440749,30.452183,300.02,358.69,408.63,296.41,-281.28,1484,1516,1488,alt=300.02
2026-04-16T17:45:42,Cruise,50.440730,30.452165,300.13,358.69,409.23,298.50,-279.94,1484,1516,1488,alt=300.13
2026-04-16T17:45:43,Cruise,50.440720,30.452156,300.15,358.70,409.55,299.56,-279.27,1484,1516,1488,alt=300.15
2026-04-16T17:45:43,Cruise,50.440701,30.452138,300.13,358.70,410.18,301.66,-277.93,1484,1516,1488,alt=300.13
2026-04-16T17:45:44,Cruise,50.440691,30.452130,300.12,358.70,410.51,302.72,-277.26,1484,1516,1488,alt=300.12
2026-04-16T17:45:44,Cruise,50.440682,30.452120,300.13,358.70,410.84,303.79,-276.59,1484,1516,1488,alt=300.13
2026-04-16T17:45:44,Cruise,50.440662,30.452103,300.17,358.70,411.52,305.92,-275.25,1484,1516,1488,alt=300.17
2026-04-16T17:45:45,Cruise,50.440653,30.452094,300.18,358.70,411.85,306.96,-274.58,1484,1516,1488,alt=300.18
2026-04-16T17:45:45,Cruise,50.440633,30.452076,300.18,358.70,412.56,309.09,-273.25,1484,1516,1488,alt=300.18
2026-04-16T17:45:45,Cruise,50.440623,30.452067,300.16,358.70,412.91,310.15,-272.58,1484,1516,1488,alt=300.16
2026-04-16T17:45:46,Cruise,50.440614,30.452058,300.12,358.70,413.26,311.21,-271.91,1484,1516,1488,alt=300.12
2026-04-16T17:45:46,Cruise,50.440594,30.452040,300.07,358.69,413.99,313.34,-270.57,1484,1516,1488,alt=300.07
2026-04-16T17:45:46,Cruise,50.440584,30.452031,300.08,358.69,414.35,314.39,-269.90,1484,1516,1488,alt=300.08
2026-04-16T17:45:47,Cruise,50.440565,30.452013,300.11,358.69,415.08,316.50,-268.56,1484,1516,1488,alt=300.11
2026-04-16T17:45:47,Cruise,50.440556,30.452004,300.12,358.69,415.45,317.55,-267.89,1484,1516,1488,alt=300.12
2026-04-16T17:45:47,Cruise,50.440546,30.451995,300.14,358.69,415.83,318.60,-267.23,1484,1516,1488,alt=300.14
2026-04-16T17:45:48,Cruise,50.440526,30.451978,300.19,358.69,416.60,320.72,-265.89,1484,1516,1488,alt=300.19
2026-04-16T17:45:48,Cruise,50.440517,30.451969,300.20,358.69,417.00,321.79,-265.21,1484,1516,1488,alt=300.20
2026-04-16T17:45:48,Cruise,50.440497,30.451951,300.23,358.68,417.77,323.88,-263.89,1484,1516,1488,alt=300.23
2026-04-16T17:45:49,Cruise,50.440488,30.451942,300.26,358.68,418.18,324.94,-263.22,1484,1516,1488,alt=300.26
2026-04-16T17:45:49,Cruise,50.440478,30.451933,300.31,358.68,418.57,325.99,-262.55,1484,1516,1488,alt=300.31
2026-04-16T17:45:49,Cruise,50.440459,30.451915,300.43,358.67,419.38,328.08,-261.23,1484,1516,1488,alt=300.43
2026-04-16T17:45:50,Cruise,50.440449,30.451906,300.50,358.67,419.79,329.14,-260.56,1484,1516,1488,alt=300.50
2026-04-16T17:45:50,Cruise,50.440430,30.451889,300.62,358.67,420.62,331.24,-259.23,1484,1516,1488,alt=300.62
2026-04-16T17:45:51,Cruise,50.440420,30.451880,300.68,358.67,421.04,332.30,-258.55,1484,1516,1488,alt=300.68
2026-04-16T17:45:51,Cruise,50.440411,30.451871,300.73,358.66,421.46,333.35,-257.89,1484,1516,1488,alt=300.73
2026-04-16T17:45:51,Cruise,50.440391,30.451853,300.86,358.66,422.33,335.47,-256.56,1484,1516,1488,alt=300.86
2026-04-16T17:45:52,Cruise,50.440382,30.451844,300.91,358.66,422.77,336.52,-255.89,1484,1516,1488,alt=300.91
2026-04-16T17:45:52,Cruise,50.440362,30.451826,300.88,358.66,423.65,338.66,-254.54,1484,1516,1488,alt=300.88
2026-04-16T17:45:52,Cruise,50.440352,30.451817,300.85,358.66,424.10,339.72,-253.87,1484,1516,1488,alt=300.85
2026-04-16T17:45:53,Cruise,50.440342,30.451808,300.80,358.66,424.55,340.79,-253.19,1484,1516,1488,alt=300.80
2026-04-16T17:45:53,Cruise,50.440323,30.451790,300.77,358.67,425.44,342.89,-251.84,1484,1516,1488,alt=300.77
2026-04-16T17:45:53,Cruise,50.440314,30.451781,300.76,358.67,425.90,343.95,-251.17,1484,1516,1488,alt=300.76
2026-04-16T17:45:54,Cruise,50.440294,30.451763,300.65,358.67,426.82,346.07,-249.82,1484,1516,1488,alt=300.65
2026-04-16T17:45:54,Cruise,50.440284,30.451754,300.57,358.67,427.28,347.12,-249.15,1484,1516,1488,alt=300.57
2026-04-16T17:45:54,Cruise,50.440275,30.451745,300.52,358.67,427.76,348.19,-248.47,1484,1516,1488,alt=300.52
2026-04-16T17:45:55,Cruise,50.440255,30.451727,300.52,358.66,428.71,350.31,-247.13,1484,1516,1488,alt=300.52
2026-04-16T17:45:55,Cruise,50.440246,30.451718,300.52,358.66,429.19,351.37,-246.46,1484,1516,1488,alt=300.52
2026-04-16T17:45:55,Cruise,50.440226,30.451700,300.58,358.68,430.16,353.49,-245.12,1484,1516,1488,alt=300.58
2026-04-16T17:45:56,Cruise,50.440216,30.451691,300.61,358.69,430.66,354.55,-244.45,1484,1516,1488,alt=300.61
2026-04-16T17:45:56,Cruise,50.440207,30.451682,300.64,358.69,431.15,355.62,-243.78,1484,1516,1488,alt=300.64
2026-04-16T17:45:57,Cruise,50.440187,30.451664,300.66,358.69,432.17,357.76,-242.44,1484,1516,1488,alt=300.66
2026-04-16T17:45:57,Cruise,50.440177,30.451656,300.69,358.69,432.67,358.82,-241.77,1484,1516,1488,alt=300.69
2026-04-16T17:45:57,Cruise,50.440158,30.451638,300.80,358.69,433.68,360.92,-240.44,1484,1516,1488,alt=300.80
2026-04-16T17:45:58,Cruise,50.440148,30.451629,300.85,358.69,434.19,361.98,-239.78,1484,1516,1488,alt=300.85
2026-04-16T17:45:58,Cruise,50.440139,30.451620,300.88,358.69,434.71,363.04,-239.11,1484,1516,1488,alt=300.88
2026-04-16T17:45:58,Cruise,50.440119,30.451602,300.93,358.69,435.78,365.19,-237.78,1484,1516,1488,alt=300.93
2026-04-16T17:45:59,Cruise,50.440109,30.451593,300.94,358.69,436.30,366.25,-237.11,1484,1516,1488,alt=300.94
2026-04-16T17:45:59,Cruise,50.440090,30.451576,300.87,358.69,437.38,368.37,-235.80,1484,1516,1488,alt=300.87
2026-04-16T17:45:59,Cruise,50.440080,30.451567,300.85,358.69,437.91,369.42,-235.14,1484,1516,1488,alt=300.85
2026-04-16T17:46:00,Cruise,50.440061,30.451550,300.79,358.69,438.98,371.53,-233.83,1484,1516,1488,alt=300.79
2026-04-16T17:46:00,Cruise,50.440051,30.451541,300.77,358.69,439.53,372.59,-233.17,1484,1516,1488,alt=300.77
2026-04-16T17:46:00,Cruise,50.440041,30.451532,300.75,358.69,440.09,373.66,-232.51,1484,1516,1488,alt=300.75
2026-04-16T17:46:01,Cruise,50.440022,30.451514,300.73,358.69,441.19,375.77,-231.18,1484,1516,1488,alt=300.73
2026-04-16T17:46:01,Cruise,50.440012,30.451506,300.70,358.69,441.75,376.83,-230.53,1484,1516,1488,alt=300.70
2026-04-16T17:46:01,Cruise,50.439993,30.451488,300.69,358.70,442.86,378.94,-229.21,1484,1516,1488,alt=300.69
2026-04-16T17:46:02,Cruise,50.439983,30.451479,300.70,358.71,443.43,379.99,-228.54,1484,1516,1488,alt=300.70
2026-04-16T17:46:02,Cruise,50.439974,30.451470,300.69,358.72,443.98,381.04,-227.88,1484,1516,1488,alt=300.69
2026-04-16T17:46:02,Cruise,50.439954,30.451452,300.59,358.73,445.12,383.17,-226.53,1484,1516,1488,alt=300.59
2026-04-16T17:46:03,Cruise,50.439944,30.451443,300.60,358.72,445.69,384.23,-225.86,1484,1516,1488,alt=300.60
2026-04-16T17:46:03,Cruise,50.439925,30.451425,300.70,358.71,446.83,386.32,-224.53,1484,1516,1488,alt=300.70
2026-04-16T17:46:04,Cruise,50.439916,30.451417,300.73,358.71,447.39,387.36,-223.86,1484,1516,1488,alt=300.73
2026-04-16T17:46:04,Cruise,50.439906,30.451408,300.78,358.71,447.96,388.40,-223.20,1484,1516,1488,alt=300.78
2026-04-16T17:46:04,Cruise,50.439887,30.451390,300.86,358.71,449.10,390.47,-221.86,1484,1516,1488,alt=300.86
2026-04-16T17:46:05,Cruise,50.439877,30.451381,300.90,358.72,449.68,391.52,-221.18,1484,1516,1488,alt=300.90
2026-04-16T17:46:05,Cruise,50.439858,30.451363,301.06,358.72,450.85,393.61,-219.84,1484,1516,1478,alt=301.06
2026-04-16T17:46:05,Cruise,50.439849,30.451354,301.17,358.71,451.43,394.65,-219.18,1484,1516,1478,alt=301.17
2026-04-16T17:46:06,Cruise,50.439839,30.451345,301.24,358.68,452.02,395.70,-218.50,1484,1516,1478,alt=301.24
2026-04-16T17:46:06,Cruise,50.439820,30.451327,301.39,358.69,453.21,397.79,-217.17,1484,1516,1478,alt=301.39
2026-04-16T17:46:06,Cruise,50.439810,30.451318,301.46,358.68,453.81,398.84,-216.50,1484,1516,1478,alt=301.46
2026-04-16T17:46:07,Cruise,50.439791,30.451300,301.58,358.69,455.02,400.94,-215.15,1484,1516,1478,alt=301.58
2026-04-16T17:46:07,Cruise,50.439781,30.451291,301.61,358.68,455.63,401.99,-214.48,1484,1516,1478,alt=301.61
2026-04-16T17:46:07,Cruise,50.439772,30.451282,301.63,358.68,456.23,403.02,-213.82,1484,1516,1478,alt=301.63
2026-04-16T17:46:08,Cruise,50.439753,30.451264,301.68,358.68,457.45,405.12,-212.47,1484,1516,1478,alt=301.68
2026-04-16T17:46:08,Cruise,50.439743,30.451255,301.70,358.67,458.07,406.16,-211.79,1484,1516,1478,alt=301.70
2026-04-16T17:46:08,Cruise,50.439724,30.451237,301.68,358.68,459.31,408.27,-210.43,1484,1516,1478,alt=301.68
2026-04-16T17:46:09,Cruise,50.439714,30.451228,301.61,358.68,459.93,409.33,-209.74,1484,1516,1478,alt=301.61
2026-04-16T17:46:09,Cruise,50.439704,30.451219,301.53,358.69,460.56,410.37,-209.06,1484,1516,1478,alt=301.53
2026-04-16T17:46:09,Cruise,50.439685,30.451201,301.42,358.67,461.81,412.47,-207.71,1484,1516,1478,alt=301.42
2026-04-16T17:46:10,Cruise,50.439676,30.451192,301.36,358.68,462.45,413.51,-207.04,1484,1516,1478,alt=301.36
2026-04-16T17:46:10,Cruise,50.439656,30.451174,301.21,358.67,463.72,415.61,-205.69,1484,1516,1478,alt=301.21
2026-04-16T17:46:11,Cruise,50.439647,30.451165,301.13,358.68,464.36,416.65,-205.02,1484,1516,1478,alt=301.13
2026-04-16T17:46:11,Cruise,50.439637,30.451156,301.05,358.68,465.02,417.72,-204.34,1484,1516,1478,alt=301.05
2026-04-16T17:46:11,Cruise,50.439618,30.451138,300.87,358.69,466.32,419.82,-203.00,1484,1516,1488,alt=300.87
2026-04-16T17:46:12,Cruise,50.439608,30.451129,300.78,358.68,466.97,420.86,-202.33,1484,1516,1488,alt=300.78
2026-04-16T17:46:12,Cruise,50.439589,30.451111,300.63,358.67,468.31,422.98,-201.00,1484,1516,1488,alt=300.63
2026-04-16T17:46:12,Cruise,50.439579,30.451102,300.59,358.66,468.97,424.03,-200.34,1484,1516,1488,alt=300.59
2026-04-16T17:46:13,Cruise,50.439570,30.451093,300.56,358.66,469.64,425.08,-199.67,1485,1516,1488,alt=300.56
2026-04-16T17:46:13,Cruise,50.439550,30.451076,300.49,358.66,471.02,427.22,-198.35,1485,1516,1488,alt=300.49
2026-04-16T17:46:13,Cruise,50.439540,30.451067,300.50,358.66,471.70,428.28,-197.68,1485,1516,1488,alt=300.50
2026-04-16T17:46:14,Cruise,50.439521,30.451049,300.47,358.68,473.07,430.39,-196.37,1485,1516,1488,alt=300.47
2026-04-16T17:46:14,Cruise,50.439511,30.451041,300.44,358.68,473.76,431.44,-195.71,1485,1516,1488,alt=300.44
2026-04-16T17:46:14,Cruise,50.439492,30.451023,300.36,358.69,475.14,433.56,-194.38,1485,1516,1488,alt=300.36
2026-04-16T17:46:15,Cruise,50.439482,30.451014,300.27,358.69,475.83,434.62,-193.71,1485,1516,1488,alt=300.27
2026-04-16T17:46:15,Cruise,50.439472,30.451005,300.14,358.69,476.54,435.69,-193.04,1485,1516,1488,alt=300.14
2026-04-16T17:46:15,Cruise,50.439453,30.450987,299.90,358.70,477.92,437.79,-191.69,1485,1516,1488,alt=299.90
2026-04-16T17:46:16,Cruise,50.439444,30.450978,299.81,358.70,478.62,438.84,-191.03,1485,1516,1488,alt=299.81
2026-04-16T17:46:16,Cruise,50.439424,30.450960,299.78,358.71,480.03,440.96,-189.69,1485,1516,1488,alt=299.78
2026-04-16T17:46:17,Cruise,50.439414,30.450951,299.78,358.71,480.73,442.00,-189.03,1485,1516,1488,alt=299.78
2026-04-16T17:46:17,Cruise,50.439405,30.450942,299.79,358.71,481.44,443.06,-188.36,1485,1516,1488,alt=299.79
2026-04-16T17:46:17,Cruise,50.439385,30.450924,299.82,358.72,482.87,445.19,-187.02,1486,1516,1488,alt=299.82
2026-04-16T17:46:18,Cruise,50.439376,30.450916,299.84,358.72,483.60,446.25,-186.36,1486,1516,1488,alt=299.84
2026-04-16T17:46:18,Cruise,50.439356,30.450898,299.86,358.69,485.02,448.34,-185.03,1486,1516,1488,alt=299.86
2026-04-16T17:46:18,Cruise,50.439347,30.450889,299.86,358.68,485.75,449.40,-184.37,1486,1516,1488,alt=299.86
2026-04-16T17:46:19,Cruise,50.439337,30.450880,299.87,358.68,486.47,450.45,-183.71,1486,1516,1488,alt=299.87
2026-04-16T17:46:19,Cruise,50.439318,30.450863,299.95,358.67,487.91,452.54,-182.39,1486,1516,1488,alt=299.95
2026-04-16T17:46:19,Cruise,50.439308,30.450854,300.04,358.67,488.64,453.60,-181.72,1486,1516,1488,alt=300.04
2026-04-16T17:46:20,Cruise,50.439289,30.450836,300.29,358.67,490.10,455.69,-180.40,1486,1516,1488,alt=300.29
2026-04-16T17:46:20,Cruise,50.439279,30.450827,300.42,358.67,490.83,456.74,-179.73,1486,1516,1488,alt=300.42
2026-04-16T17:46:20,Cruise,50.439270,30.450818,300.53,358.67,491.56,457.79,-179.06,1486,1516,1488,alt=300.53
2026-04-16T17:46:21,Cruise,50.439250,30.450800,300.72,358.67,493.05,459.90,-177.73,1486,1516,1488,alt=300.72
2026-04-16T17:46:21,Cruise,50.439241,30.450792,300.80,358.68,493.80,460.96,-177.06,1486,1516,1488,alt=300.80
2026-04-16T17:46:21,Cruise,50.439221,30.450774,300.94,358.68,495.31,463.09,-175.72,1486,1516,1488,alt=300.94
2026-04-16T17:46:22,Cruise,50.439211,30.450765,300.99,358.68,496.07,464.16,-175.06,1486,1516,1488,alt=300.99
2026-04-16T17:46:22,Cruise,50.439202,30.450756,301.02,358.69,496.82,465.20,-174.40,1487,1516,1478,alt=301.02
2026-04-16T17:46:23,Cruise,50.439182,30.450738,301.08,358.68,498.35,467.33,-173.07,1487,1516,1478,alt=301.08
2026-04-16T17:46:23,Cruise,50.439173,30.450729,301.07,358.69,499.10,468.38,-172.40,1487,1516,1478,alt=301.07
2026-04-16T17:46:23,Cruise,50.439153,30.450712,301.02,358.68,500.65,470.52,-171.07,1483,1520,1478,alt=301.02
2026-04-16T17:46:24,Cruise,50.439143,30.450703,300.97,358.69,501.42,471.57,-170.40,1483,1520,1488,alt=300.97
2026-04-16T17:46:24,Cruise,50.439134,30.450694,300.93,358.69,502.19,472.63,-169.74,1484,1520,1488,alt=300.93
2026-04-16T17:46:24,Cruise,50.439114,30.450676,300.90,358.68,503.72,474.74,-168.41,1484,1520,1488,alt=300.90
2026-04-16T17:46:25,Cruise,50.439105,30.450667,300.91,358.67,504.50,475.80,-167.74,1484,1520,1488,alt=300.91
2026-04-16T17:46:25,Cruise,50.439085,30.450649,300.99,358.67,506.06,477.91,-166.41,1484,1520,1488,alt=300.99
2026-04-16T17:46:25,Cruise,50.439076,30.450640,301.03,358.66,506.83,478.97,-165.74,1484,1520,1478,alt=301.03
2026-04-16T17:46:26,Cruise,50.439066,30.450631,301.06,358.67,507.62,480.04,-165.05,1484,1520,1478,alt=301.06
2026-04-16T17:46:26,Cruise,50.439047,30.450613,301.07,358.69,509.18,482.14,-163.71,1484,1520,1478,alt=301.07
2026-04-16T17:46:26,Cruise,50.439037,30.450604,301.05,358.68,509.96,483.19,-163.04,1484,1520,1478,alt=301.05
2026-04-16T17:46:27,Cruise,50.439017,30.450586,300.95,358.69,511.53,485.31,-161.69,1484,1520,1488,alt=300.95
2026-04-16T17:46:27,Cruise,50.439008,30.450578,300.86,358.68,512.32,486.35,-161.03,1484,1520,1488,alt=300.86
2026-04-16T17:46:27,Cruise,50.438988,30.450559,300.78,358.67,513.91,488.48,-159.66,1485,1520,1488,alt=300.78
2026-04-16T17:46:28,Cruise,50.438979,30.450550,300.78,358.67,514.71,489.54,-158.99,1485,1520,1488,alt=300.78
2026-04-16T17:46:28,Cruise,50.438969,30.450541,300.79,358.67,515.50,490.58,-158.32,1485,1520,1488,alt=300.79
2026-04-16T17:46:28,Cruise,50.438950,30.450523,300.91,358.66,517.09,492.69,-156.98,1485,1520,1488,alt=300.91
2026-04-16T17:46:29,Cruise,50.438940,30.450515,300.95,358.66,517.90,493.75,-156.31,1485,1520,1488,alt=300.95
2026-04-16T17:46:29,Cruise,50.438921,30.450497,301.02,358.66,519.50,495.85,-154.97,1485,1520,1478,alt=301.02
2026-04-16T17:46:30,Cruise,50.438911,30.450488,301.06,358.68,520.31,496.91,-154.29,1485,1520,1478,alt=301.06
2026-04-16T17:46:30,Cruise,50.438901,30.450478,301.09,358.70,521.12,497.97,-153.61,1485,1520,1478,alt=301.09
2026-04-16T17:46:30,Cruise,50.438882,30.450461,301.09,358.69,522.73,500.06,-152.28,1485,1520,1478,alt=301.09
2026-04-16T17:46:31,Cruise,50.438873,30.450452,301.07,358.70,523.54,501.11,-151.62,1485,1520,1478,alt=301.07
2026-04-16T17:46:31,Cruise,50.438853,30.450434,301.02,358.70,525.16,503.20,-150.28,1485,1520,1478,alt=301.02
2026-04-16T17:46:31,Cruise,50.438844,30.450425,300.96,358.70,525.96,504.24,-149.61,1486,1520,1488,alt=300.96
2026-04-16T17:46:32,Cruise,50.438834,30.450416,300.92,358.68,526.77,505.27,-148.94,1486,1520,1488,alt=300.92
2026-04-16T17:46:32,Cruise,50.438815,30.450398,300.86,358.68,528.40,507.37,-147.60,1486,1520,1488,alt=300.86
2026-04-16T17:46:32,Cruise,50.438806,30.450389,300.79,358.68,529.21,508.40,-146.94,1486,1520,1488,alt=300.79
2026-04-16T17:46:33,Cruise,50.438786,30.450371,300.69,358.68,530.86,510.51,-145.59,1486,1520,1488,alt=300.69
2026-04-16T17:46:33,Cruise,50.438777,30.450362,300.68,358.68,531.69,511.55,-144.92,1486,1520,1488,alt=300.68
2026-04-16T17:46:33,Cruise,50.438767,30.450353,300.67,358.68,532.51,512.60,-144.25,1486,1520,1488,alt=300.67
2026-04-16T17:46:34,Cruise,50.438748,30.450335,300.69,358.69,534.18,514.72,-142.90,1486,1520,1488,alt=300.69
2026-04-16T17:46:34,Cruise,50.438738,30.450326,300.67,358.69,535.02,515.77,-142.22,1486,1520,1488,alt=300.67
2026-04-16T17:46:34,Cruise,50.438719,30.450308,300.64,358.69,536.69,517.87,-140.87,1486,1520,1488,alt=300.64
2026-04-16T17:46:35,Cruise,50.438709,30.450299,300.64,358.69,537.52,518.91,-140.20,1486,1520,1488,alt=300.64
2026-04-16T17:46:35,Cruise,50.438700,30.450290,300.64,358.70,538.37,519.97,-139.53,1487,1520,1488,alt=300.64
2026-04-16T17:46:36,Cruise,50.438680,30.450272,300.62,358.70,540.04,522.07,-138.18,1487,1520,1488,alt=300.62
2026-04-16T17:46:36,Cruise,50.438671,30.450263,300.62,358.70,540.90,523.13,-137.50,1487,1520,1488,alt=300.62
2026-04-16T17:46:36,Cruise,50.438651,30.450245,300.58,358.70,542.60,525.24,-136.14,1487,1520,1488,alt=300.58
2026-04-16T17:46:37,Cruise,50.438642,30.450236,300.52,358.70,543.44,526.29,-135.48,1487,1520,1488,alt=300.52
2026-04-16T17:46:37,Cruise,50.438622,30.450218,300.40,358.70,545.15,528.39,-134.13,1487,1520,1488,alt=300.40
2026-04-16T17:46:37,Cruise,50.438613,30.450209,300.32,358.70,546.00,529.44,-133.46,1487,1520,1488,alt=300.32
2026-04-16T17:46:38,Cruise,50.438603,30.450200,300.22,358.70,546.86,530.49,-132.78,1487,1520,1488,alt=300.22
2026-04-16T17:46:38,Cruise,50.438584,30.450182,299.93,358.70,548.59,532.61,-131.43,1487,1520,1488,alt=299.93
2026-04-16T17:46:38,Cruise,50.438574,30.450173,299.79,358.70,549.45,533.67,-130.75,1487,1520,1488,alt=299.79
2026-04-16T17:46:39,Cruise,50.438564,30.450164,299.66,358.70,550.31,534.71,-130.09,1487,1520,1488,alt=299.66
2026-04-16T17:46:39,Cruise,50.438545,30.450146,299.49,358.70,552.05,536.83,-128.75,1488,1520,1488,alt=299.49
2026-04-16T17:46:39,Cruise,50.438535,30.450137,299.45,358.70,552.93,537.89,-128.07,1488,1520,1488,alt=299.45
2026-04-16T17:46:40,Cruise,50.438516,30.450119,299.47,358.70,554.67,540.00,-126.73,1488,1520,1488,alt=299.47
2026-04-16T17:46:40,Cruise,50.438506,30.450110,299.50,358.70,555.56,541.07,-126.05,1488,1520,1488,alt=299.50
2026-04-16T17:46:40,Cruise,50.438487,30.450092,299.56,358.70,557.31,543.18,-124.70,1488,1520,1488,alt=299.56
2026-04-16T17:46:41,Cruise,50.438477,30.450083,299.59,358.70,558.18,544.22,-124.03,1488,1520,1488,alt=299.59
2026-04-16T17:46:41,Cruise,50.438468,30.450074,299.61,358.70,559.06,545.28,-123.36,1488,1520,1488,alt=299.61
2026-04-16T17:46:41,Cruise,50.438448,30.450056,299.70,358.70,560.82,547.39,-122.01,1488,1520,1488,alt=299.70
2026-04-16T17:46:42,Cruise,50.438438,30.450047,299.76,358.70,561.72,548.46,-121.34,1488,1520,1488,alt=299.76
2026-04-16T17:46:42,Cruise,50.438419,30.450029,299.86,358.70,563.51,550.58,-119.99,1489,1520,1488,alt=299.86
2026-04-16T17:46:43,Cruise,50.438409,30.450020,299.89,358.70,564.40,551.64,-119.31,1489,1520,1488,alt=299.89
2026-04-16T17:46:43,Cruise,50.438400,30.450011,299.90,358.70,565.28,552.69,-118.65,1489,1520,1488,alt=299.90
2026-04-16T17:46:43,Cruise,50.438380,30.449993,299.93,358.70,567.07,554.80,-117.30,1489,1520,1488,alt=299.93
2026-04-16T17:46:44,Cruise,50.438371,30.449984,299.96,358.70,567.95,555.85,-116.63,1489,1520,1488,alt=299.96
2026-04-16T17:46:44,Cruise,50.438351,30.449966,300.02,358.70,569.75,557.97,-115.28,1489,1520,1488,alt=300.02
2026-04-16T17:46:44,Cruise,50.438341,30.449957,300.04,358.70,570.66,559.03,-114.60,1489,1520,1488,alt=300.04
2026-04-16T17:46:45,Cruise,50.438332,30.449948,300.08,358.70,571.55,560.08,-113.92,1489,1520,1488,alt=300.08
2026-04-16T17:46:45,Cruise,50.438313,30.449930,300.19,358.70,573.34,562.17,-112.58,1489,1520,1488,alt=300.19
2026-04-16T17:46:45,Cruise,50.438303,30.449921,300.25,358.70,574.24,563.23,-111.90,1489,1520,1488,alt=300.25
2026-04-16T17:46:46,Cruise,50.438284,30.449904,300.26,358.70,576.03,565.32,-110.57,1489,1520,1488,alt=300.26
2026-04-16T17:46:46,Cruise,50.438274,30.449894,300.23,358.70,576.91,566.35,-109.90,1490,1520,1488,alt=300.23
2026-04-16T17:46:46,Cruise,50.438265,30.449886,300.19,358.69,577.83,567.41,-109.22,1490,1520,1488,alt=300.19
2026-04-16T17:46:47,Cruise,50.438245,30.449867,300.11,358.69,579.63,569.50,-107.88,1490,1520,1488,alt=300.11
2026-04-16T17:46:47,Cruise,50.438236,30.449859,300.09,358.69,580.52,570.54,-107.21,1490,1520,1488,alt=300.09
2026-04-16T17:46:47,Cruise,50.438217,30.449841,300.09,358.69,582.33,572.63,-105.86,1490,1520,1488,alt=300.09
2026-04-16T17:46:48,Cruise,50.438207,30.449832,300.11,358.69,583.25,573.69,-105.19,1490,1520,1488,alt=300.11
2026-04-16T17:46:48,Cruise,50.438197,30.449823,300.13,358.69,584.16,574.74,-104.52,1490,1520,1488,alt=300.13
2026-04-16T17:46:49,Cruise,50.438178,30.449805,300.17,358.69,586.02,576.86,-103.18,1490,1520,1488,alt=300.17
2026-04-16T17:46:49,Cruise,50.438168,30.449796,300.14,358.69,586.94,577.92,-102.52,1490,1520,1488,alt=300.14
2026-04-16T17:46:49,Cruise,50.438149,30.449778,300.20,358.68,588.80,580.04,-101.20,1490,1520,1488,alt=300.20
2026-04-16T17:46:50,Cruise,50.438139,30.449769,300.25,358.68,589.73,581.10,-100.53,1490,1520,1488,alt=300.25
2026-04-16T17:46:50,Cruise,50.438120,30.449752,300.31,358.68,591.59,583.21,-99.20,1491,1520,1488,alt=300.31
2026-04-16T17:46:50,Cruise,50.438110,30.449743,300.30,358.68,592.52,584.27,-98.53,1491,1520,1488,alt=300.30
2026-04-16T17:46:51,Cruise,50.438100,30.449734,300.22,358.68,593.45,585.33,-97.86,1491,1520,1488,alt=300.22
2026-04-16T17:46:51,Cruise,50.438081,30.449716,300.11,358.68,595.31,587.43,-96.53,1491,1520,1488,alt=300.11
2026-04-16T17:46:51,Cruise,50.438071,30.449707,300.08,358.68,596.25,588.49,-95.86,1491,1520,1488,alt=300.08
2026-04-16T17:46:52,Cruise,50.438052,30.449689,300.05,358.68,598.12,590.61,-94.52,1491,1520,1488,alt=300.05
2026-04-16T17:46:52,Cruise,50.438042,30.449680,300.02,358.68,599.06,591.67,-93.85,1491,1520,1488,alt=300.02
2026-04-16T17:46:52,Cruise,50.438032,30.449671,300.00,358.68,600.01,592.73,-93.17,1491,1520,1488,alt=300.00
2026-04-16T17:46:53,Cruise,50.438013,30.449653,299.92,358.68,601.91,594.86,-91.82,1491,1520,1488,alt=299.92
2026-04-16T17:46:53,Cruise,50.438003,30.449644,299.84,358.68,602.85,595.92,-91.14,1491,1520,1488,alt=299.84
2026-04-16T17:46:53,Cruise,50.437984,30.449626,299.72,358.68,604.74,598.03,-89.81,1492,1520,1488,alt=299.72
2026-04-16T17:46:54,Cruise,50.437974,30.449617,299.65,358.68,605.69,599.09,-89.14,1492,1520,1488,alt=299.65
2026-04-16T17:46:54,Cruise,50.437964,30.449608,299.63,358.68,606.64,600.15,-88.47,1492,1520,1488,alt=299.63
2026-04-16T17:46:55,Cruise,50.437945,30.449590,299.65,358.68,608.56,602.29,-87.12,1492,1520,1488,alt=299.65
2026-04-16T17:46:55,Cruise,50.437935,30.449581,299.68,358.68,609.51,603.35,-86.45,1492,1520,1488,alt=299.68
2026-04-16T17:46:55,Cruise,50.437916,30.449564,299.81,358.67,611.42,605.46,-85.12,1492,1520,1488,alt=299.81
2026-04-16T17:46:56,Cruise,50.437906,30.449555,299.87,358.67,612.36,606.51,-84.45,1492,1520,1488,alt=299.87
2026-04-16T17:46:56,Cruise,50.437896,30.449546,299.93,358.67,613.32,607.57,-83.79,1492,1520,1488,alt=299.93
2026-04-16T17:46:56,Cruise,50.437877,30.449528,300.07,358.66,615.22,609.67,-82.46,1492,1520,1488,alt=300.07
2026-04-16T17:46:57,Cruise,50.437867,30.449519,300.12,358.66,616.18,610.73,-81.80,1492,1520,1488,alt=300.12
2026-04-16T17:46:57,Cruise,50.437848,30.449502,300.14,358.65,618.12,612.86,-80.46,1492,1520,1488,alt=300.14
2026-04-16T17:46:57,Cruise,50.437838,30.449493,300.12,358.66,619.06,613.89,-79.80,1493,1520,1488,alt=300.12
2026-04-16T17:46:58,Cruise,50.437829,30.449484,300.11,358.68,620.02,614.95,-79.14,1493,1520,1488,alt=300.11
2026-04-16T17:46:58,Cruise,50.437809,30.449466,300.10,358.69,621.95,617.07,-77.80,1493,1520,1488,alt=300.10
2026-04-16T17:46:58,Cruise,50.437800,30.449457,300.10,358.69,622.91,618.12,-77.14,1493,1520,1488,alt=300.10
2026-04-16T17:46:59,Cruise,50.437780,30.449439,300.08,358.69,624.86,620.24,-75.80,1493,1520,1488,alt=300.08
2026-04-16T17:46:59,Cruise,50.437770,30.449430,300.11,358.69,625.83,621.30,-75.14,1493,1520,1488,alt=300.11
2026-04-16T17:46:59,Cruise,50.437761,30.449422,300.16,358.69,626.79,622.35,-74.48,1493,1520,1488,alt=300.16
2026-04-16T17:47:00,Cruise,50.437742,30.449404,300.25,358.68,628.71,624.44,-73.16,1493,1520,1488,alt=300.25
2026-04-16T17:47:00,Cruise,50.437732,30.449395,300.32,358.68,629.68,625.49,-72.50,1493,1520,1488,alt=300.32
2026-04-16T17:47:00,Cruise,50.437713,30.449378,300.48,358.68,631.61,627.58,-71.18,1493,1520,1488,alt=300.48
2026-04-16T17:47:01,Cruise,50.437703,30.449369,300.59,358.67,632.58,628.64,-70.50,1493,1520,1488,alt=300.59
2026-04-16T17:47:01,Cruise,50.437684,30.449351,300.82,358.67,634.53,630.75,-69.18,1494,1520,1488,alt=300.82
2026-04-16T17:47:02,Cruise,50.437674,30.449342,300.97,358.66,635.50,631.79,-68.52,1494,1520,1488,alt=300.97
2026-04-16T17:47:02,Cruise,50.437665,30.449333,301.12,358.67,636.47,632.84,-67.85,1494,1520,1478,alt=301.12
2026-04-16T17:47:02,Cruise,50.437646,30.449316,301.32,358.69,638.41,634.94,-66.54,1494,1520,1478,alt=301.32
2026-04-16T17:47:03,Cruise,50.437636,30.449307,301.40,358.70,639.40,635.99,-65.87,1494,1520,1478,alt=301.40
2026-04-16T17:47:03,Cruise,50.437616,30.449289,301.61,358.69,641.38,638.12,-64.54,1494,1520,1478,alt=301.61
2026-04-16T17:47:03,Cruise,50.437607,30.449280,301.72,358.69,642.36,639.18,-63.87,1494,1520,1478,alt=301.72
2026-04-16T17:47:04,Cruise,50.437597,30.449271,301.80,358.69,643.35,640.24,-63.21,1494,1520,1478,alt=301.80
2026-04-16T17:47:04,Cruise,50.437577,30.449254,301.94,358.69,645.34,642.37,-61.89,1494,1520,1478,alt=301.94
2026-04-16T17:47:04,Cruise,50.437568,30.449245,302.00,358.69,646.34,643.43,-61.23,1494,1520,1478,alt=302.00
2026-04-16T17:47:05,Cruise,50.437548,30.449227,302.05,358.69,648.32,645.55,-59.90,1495,1520,1478,alt=302.05
2026-04-16T17:47:05,Cruise,50.437538,30.449218,302.08,358.69,649.33,646.62,-59.23,1495,1520,1478,alt=302.08
2026-04-16T17:47:05,Cruise,50.437529,30.449209,302.11,358.69,650.33,647.69,-58.57,1495,1520,1478,alt=302.11
2026-04-16T17:47:06,Cruise,50.437509,30.449192,302.18,358.70,652.32,649.81,-57.25,1495,1520,1478,alt=302.18
2026-04-16T17:47:06,Cruise,50.437500,30.449183,302.24,358.69,653.32,650.86,-56.59,1495,1520,1478,alt=302.24
2026-04-16T17:47:06,Cruise,50.437480,30.449165,302.37,358.69,655.32,652.98,-55.27,1495,1520,1478,alt=302.37
2026-04-16T17:47:07,Cruise,50.437470,30.449157,302.38,358.70,656.33,654.05,-54.61,1495,1520,1478,alt=302.38
2026-04-16T17:47:07,Cruise,50.437461,30.449147,302.36,358.69,657.34,655.12,-53.93,1495,1520,1478,alt=302.36
2026-04-16T17:47:08,Cruise,50.437441,30.449130,302.29,358.70,659.35,657.25,-52.61,1495,1520,1478,alt=302.29
2026-04-16T17:47:08,Cruise,50.437431,30.449121,302.23,358.69,660.35,658.31,-51.95,1495,1520,1478,alt=302.23
2026-04-16T17:47:08,Cruise,50.437412,30.449104,302.13,358.69,662.37,660.43,-50.64,1495,1520,1478,alt=302.13
2026-04-16T17:47:09,Cruise,50.437402,30.449095,302.06,358.69,663.38,661.49,-49.98,1496,1520,1478,alt=302.06
2026-04-16T17:47:09,Cruise,50.437392,30.449086,302.01,358.68,664.38,662.55,-49.32,1496,1520,1478,alt=302.01
2026-04-16T17:47:09,Cruise,50.437373,30.449068,301.86,358.69,666.42,664.69,-48.00,1496,1520,1478,alt=301.86
2026-04-16T17:47:10,Cruise,50.437363,30.449060,301.76,358.68,667.44,665.76,-47.35,1496,1520,1478,alt=301.76
2026-04-16T17:47:10,Cruise,50.437343,30.449042,301.54,358.69,669.47,667.89,-46.04,1496,1520,1478,alt=301.54
2026-04-16T17:47:10,Cruise,50.437334,30.449034,301.44,358.69,670.51,668.97,-45.39,1496,1520,1478,alt=301.44
2026-04-16T17:47:11,Cruise,50.437324,30.449025,301.34,358.70,671.53,670.04,-44.73,1496,1520,1478,alt=301.34
2026-04-16T17:47:11,Cruise,50.437304,30.449007,301.14,358.69,673.58,672.18,-43.42,1496,1520,1478,alt=301.14
2026-04-16T17:47:11,Cruise,50.437294,30.448998,300.99,358.69,674.61,673.26,-42.76,1496,1520,1488,alt=300.99
2026-04-16T17:47:12,Cruise,50.437275,30.448981,300.71,358.69,676.67,675.40,-41.44,1496,1520,1488,alt=300.71
2026-04-16T17:47:12,Cruise,50.437265,30.448972,300.61,358.69,677.68,676.45,-40.79,1496,1520,1488,alt=300.61
2026-04-16T17:47:12,Cruise,50.437246,30.448955,300.53,358.68,679.73,678.58,-39.50,1497,1520,1488,alt=300.53
2026-04-16T17:47:13,Cruise,50.437236,30.448947,300.49,358.68,680.75,679.64,-38.85,1497,1520,1488,alt=300.49
2026-04-16T17:47:13,Cruise,50.437226,30.448938,300.45,358.68,681.78,680.71,-38.20,1497,1520,1488,alt=300.45
2026-04-16T17:47:13,Cruise,50.437206,30.448920,300.39,358.67,683.86,682.86,-36.89,1497,1520,1488,alt=300.39
2026-04-16T17:47:14,Cruise,50.437196,30.448912,300.33,358.66,684.89,683.93,-36.23,1497,1520,1488,alt=300.33
2026-04-16T17:47:14,Cruise,50.437177,30.448894,300.11,358.68,686.95,686.06,-34.93,1497,1520,1488,alt=300.11
2026-04-16T17:47:15,Cruise,50.437167,30.448885,300.01,358.69,687.98,687.13,-34.27,1497,1520,1488,alt=300.01
2026-04-16T17:47:15,Cruise,50.437157,30.448877,299.93,358.69,689.02,688.20,-33.61,1497,1520,1488,alt=299.93
2026-04-16T17:47:15,Cruise,50.437138,30.448859,299.72,358.68,691.09,690.34,-32.28,1497,1520,1488,alt=299.72
2026-04-16T17:47:16,Cruise,50.437128,30.448850,299.62,358.68,692.14,691.42,-31.61,1497,1520,1488,alt=299.62
2026-04-16T17:47:16,Cruise,50.437108,30.448832,299.38,358.67,694.22,693.56,-30.28,1497,1520,1488,alt=299.38
2026-04-16T17:47:16,Cruise,50.437098,30.448823,299.26,358.66,695.27,694.64,-29.61,1498,1520,1488,alt=299.26
2026-04-16T17:47:17,Cruise,50.437089,30.448814,299.13,358.68,696.31,695.71,-28.94,1498,1520,1488,alt=299.13
2026-04-16T17:47:17,Cruise,50.437069,30.448797,298.87,358.70,698.39,697.84,-27.62,1498,1520,1492,alt=298.87
2026-04-16T17:47:17,Cruise,50.437059,30.448788,298.77,358.71,699.44,698.93,-26.96,1498,1520,1492,alt=298.77
2026-04-16T17:47:18,Cruise,50.437039,30.448770,298.64,358.71,701.55,701.09,-25.62,1498,1520,1492,alt=298.64
2026-04-16T17:47:18,Cruise,50.437030,30.448761,298.60,358.71,702.60,702.16,-24.96,1498,1520,1492,alt=298.60
2026-04-16T17:47:18,Cruise,50.437020,30.448753,298.57,358.70,703.64,703.22,-24.31,1498,1520,1492,alt=298.57
2026-04-16T17:47:19,Cruise,50.437000,30.448735,298.49,358.69,705.75,705.37,-22.99,1498,1520,1492,alt=298.49
2026-04-16T17:47:19,Cruise,50.436990,30.448726,298.54,358.69,706.79,706.43,-22.33,1498,1520,1492,alt=298.54
2026-04-16T17:47:19,Cruise,50.436970,30.448708,298.65,358.68,708.92,708.61,-21.00,1498,1520,1492,alt=298.65
2026-04-16T17:47:20,Cruise,50.436961,30.448700,298.67,358.68,709.97,709.67,-20.35,1498,1520,1492,alt=298.67
2026-04-16T17:47:20,Cruise,50.436951,30.448691,298.68,358.68,711.02,710.74,-19.69,1499,1520,1492,alt=298.68
2026-04-16T17:47:21,Cruise,50.436931,30.448674,298.64,358.67,713.11,712.87,-18.39,1499,1520,1492,alt=298.64
2026-04-16T17:47:21,Cruise,50.436921,30.448665,298.60,358.69,714.16,713.94,-17.74,1499,1520,1492,alt=298.60
2026-04-16T17:47:21,Cruise,50.436902,30.448648,298.58,358.70,716.27,716.08,-16.44,1499,1520,1492,alt=298.58
2026-04-16T17:47:22,Cruise,50.436892,30.448639,298.57,358.70,717.33,717.15,-15.78,1499,1520,1492,alt=298.57
2026-04-16T17:47:22,Cruise,50.436882,30.448630,298.59,358.70,718.38,718.22,-15.12,1499,1520,1492,alt=298.59
2026-04-16T17:47:22,Cruise,50.436863,30.448613,298.69,358.69,720.46,720.33,-13.82,1499,1520,1492,alt=298.69
2026-04-16T17:47:23,Cruise,50.436853,30.448604,298.72,358.69,721.51,721.39,-13.17,1499,1520,1492,alt=298.72
2026-04-16T17:47:23,Cruise,50.436834,30.448587,298.78,358.69,723.60,723.50,-11.88,1499,1520,1492,alt=298.78
2026-04-16T17:47:23,Cruise,50.436824,30.448578,298.83,358.69,724.64,724.55,-11.24,1499,1520,1492,alt=298.83
2026-04-16T17:47:24,Cruise,50.436814,30.448570,298.88,358.69,725.70,725.62,-10.59,1499,1520,1492,alt=298.88
2026-04-16T17:47:24,Cruise,50.436795,30.448553,299.05,358.68,727.80,727.74,-9.29,1500,1520,1488,alt=299.05
2026-04-16T17:47:24,Cruise,50.436785,30.448544,299.15,358.67,728.86,728.81,-8.65,1500,1520,1488,alt=299.15
2026-04-16T17:47:25,Cruise,50.436766,30.448527,299.29,358.67,730.95,730.92,-7.37,1500,1520,1488,alt=299.29
2026-04-16T17:47:25,Cruise,50.436756,30.448518,299.32,358.69,732.01,731.97,-6.73,1500,1520,1488,alt=299.32
2026-04-16T17:47:25,Cruise,50.436737,30.448501,299.44,358.71,734.11,734.09,-5.44,1500,1520,1488,alt=299.44
2026-04-16T17:47:26,Cruise,50.436727,30.448493,299.52,358.71,735.18,735.16,-4.79,1500,1520,1488,alt=299.52
2026-04-16T17:47:26,Cruise,50.436717,30.448484,299.60,358.70,736.23,736.22,-4.13,1500,1520,1488,alt=299.60
2026-04-16T17:47:27,Cruise,50.436698,30.448467,299.82,358.70,738.33,738.33,-2.84,1500,1520,1488,alt=299.82
2026-04-16T17:47:27,Cruise,50.436689,30.448458,299.95,358.69,739.38,739.37,-2.20,1500,1520,1488,alt=299.95
2026-04-16T17:47:27,Cruise,50.436669,30.448441,300.13,358.68,741.48,741.48,-0.91,1500,1520,1488,alt=300.13
2026-04-16T17:47:28,Cruise,50.436659,30.448432,300.20,358.68,742.54,742.54,-0.26,1500,1520,1488,alt=300.20
2026-04-16T17:47:28,Cruise,50.436650,30.448424,300.29,358.67,743.60,743.60,0.38,1500,1520,1488,alt=300.29
2026-04-16T17:47:28,Cruise,50.436630,30.448406,300.44,358.68,745.72,745.72,1.70,1500,1520,1488,alt=300.44
2026-04-16T17:47:29,Cruise,50.436621,30.448397,300.49,358.69,746.77,746.76,2.34,1500,1520,1488,alt=300.49
2026-04-16T17:47:29,Cruise,50.436601,30.448380,300.53,358.69,748.89,748.88,3.65,1500,1520,1488,alt=300.53
2026-04-16T17:47:29,Cruise,50.436592,30.448371,300.51,358.68,749.94,749.93,4.30,1500,1520,1488,alt=300.51
2026-04-16T17:47:30,Cruise,50.436582,30.448363,300.51,358.68,751.00,750.99,4.96,1500,1520,1488,alt=300.51
2026-04-16T17:47:30,Cruise,50.436563,30.448345,300.57,358.67,753.14,753.11,6.28,1500,1520,1488,alt=300.57
2026-04-16T17:47:30,Cruise,50.436553,30.448336,300.64,358.67,754.20,754.17,6.94,1500,1520,1488,alt=300.64
2026-04-16T17:47:31,Cruise,50.436534,30.448319,300.72,358.69,756.32,756.28,8.24,1500,1520,1488,alt=300.72
2026-04-16T17:47:31,Cruise,50.436524,30.448310,300.66,358.70,757.38,757.33,8.90,1500,1520,1488,alt=300.66
2026-04-16T17:47:31,Cruise,50.436514,30.448301,300.55,358.70,758.44,758.38,9.55,1500,1520,1488,alt=300.55
2026-04-16T17:47:32,Cruise,50.436495,30.448284,300.31,358.69,760.59,760.51,10.86,1501,1520,1488,alt=300.31
2026-04-16T17:47:32,Cruise,50.436485,30.448275,300.19,358.69,761.67,761.58,11.52,1501,1520,1488,alt=300.19
2026-04-16T17:47:32,Cruise,50.436465,30.448258,299.99,358.68,763.82,763.71,12.83,1501,1520,1488,alt=299.99
2026-04-16T17:47:33,Cruise,50.436456,30.448249,299.88,358.69,764.89,764.77,13.48,1501,1520,1488,alt=299.88
2026-04-16T17:47:33,Cruise,50.436446,30.448240,299.78,358.70,765.97,765.84,14.13,1501,1520,1488,alt=299.78
2026-04-16T17:47:34,Cruise,50.436427,30.448223,299.64,358.70,768.12,767.97,15.44,1501,1520,1488,alt=299.64
2026-04-16T17:47:34,Cruise,50.436417,30.448214,299.56,358.70,769.20,769.04,16.09,1501,1520,1488,alt=299.56
2026-04-16T17:47:34,Cruise,50.436397,30.448197,299.44,358.69,771.38,771.19,17.40,1501,1520,1488,alt=299.44
2026-04-16T17:47:35,Cruise,50.436387,30.448188,299.40,358.69,772.47,772.26,18.06,1501,1520,1488,alt=299.40
2026-04-16T17:47:35,Cruise,50.436377,30.448179,299.37,358.69,773.55,773.32,18.72,1501,1520,1488,alt=299.37
2026-04-16T17:47:35,Cruise,50.436358,30.448161,299.30,358.69,775.73,775.47,20.05,1502,1520,1488,alt=299.30
2026-04-16T17:47:36,Cruise,50.436348,30.448153,299.25,358.70,776.82,776.54,20.71,1502,1520,1488,alt=299.25
2026-04-16T17:47:36,Cruise,50.436328,30.448135,299.18,358.70,779.02,778.70,22.05,1502,1520,1488,alt=299.18
2026-04-16T17:47:36,Cruise,50.436318,30.448126,299.15,358.70,780.12,779.78,22.72,1502,1520,1488,alt=299.15
2026-04-16T17:47:37,Cruise,50.436308,30.448117,299.14,358.70,781.20,780.85,23.38,1502,1520,1488,alt=299.14
2026-04-16T17:47:37,Cruise,50.436289,30.448100,299.12,358.69,783.38,782.99,24.69,1502,1520,1488,alt=299.12
2026-04-16T17:47:37,Cruise,50.436279,30.448091,299.10,358.69,784.48,784.07,25.35,1502,1520,1488,alt=299.10
2026-04-16T17:47:38,Cruise,50.436259,30.448073,298.97,358.69,786.67,786.21,26.66,1502,1520,1492,alt=298.97
2026-04-16T17:47:38,Cruise,50.436249,30.448065,298.86,358.68,787.77,787.29,27.32,1502,1520,1492,alt=298.86
2026-04-16T17:47:38,Cruise,50.436239,30.448056,298.70,358.68,788.88,788.39,27.98,1502,1520,1492,alt=298.70
2026-04-16T17:47:39,Cruise,50.436220,30.448038,298.45,358.71,791.08,790.54,29.30,1502,1520,1492,alt=298.45
2026-04-16T17:47:39,Cruise,50.436210,30.448029,298.33,358.72,792.17,791.61,29.96,1502,1520,1492,alt=298.33
2026-04-16T17:47:40,Cruise,50.436190,30.448012,298.16,358.72,794.38,793.77,31.27,1503,1520,1492,alt=298.16
2026-04-16T17:47:40,Cruise,50.436180,30.448003,298.13,358.72,795.48,794.84,31.92,1503,1520,1492,alt=298.13
2026-04-16T17:47:40,Cruise,50.436160,30.447986,298.12,358.72,797.69,797.00,33.25,1503,1520,1492,alt=298.12
2026-04-16T17:47:41,Cruise,50.436151,30.447977,298.12,358.71,798.80,798.08,33.91,1503,1520,1492,alt=298.12
2026-04-16T17:47:41,Cruise,50.436141,30.447968,298.14,358.71,799.89,799.15,34.56,1503,1520,1492,alt=298.14
2026-04-16T17:47:41,Cruise,50.436121,30.447951,298.13,358.71,802.09,801.29,35.87,1503,1520,1492,alt=298.13
2026-04-16T17:47:42,Cruise,50.436111,30.447942,298.06,358.70,803.19,802.36,36.52,1503,1520,1492,alt=298.06
2026-04-16T17:47:42,Cruise,50.436092,30.447924,298.00,358.70,805.38,804.50,37.84,1503,1520,1492,alt=298.00
2026-04-16T17:47:42,Cruise,50.436082,30.447916,297.99,358.69,806.48,805.56,38.50,1503,1520,1492,alt=297.99
2026-04-16T17:47:43,Cruise,50.436072,30.447907,297.98,358.69,807.61,806.66,39.16,1503,1520,1492,alt=297.98
2026-04-16T17:47:43,Cruise,50.436053,30.447889,298.01,358.68,809.80,808.78,40.46,1504,1520,1492,alt=298.01
2026-04-16T17:47:43,Cruise,50.436043,30.447881,298.04,358.68,810.90,809.85,41.12,1504,1520,1492,alt=298.04
2026-04-16T17:47:44,Cruise,50.436023,30.447863,298.14,358.70,813.11,812.00,42.43,1504,1520,1492,alt=298.14
2026-04-16T17:47:44,Cruise,50.436013,30.447854,298.20,358.71,814.22,813.07,43.09,1504,1520,1492,alt=298.20
2026-04-16T17:47:44,Cruise,50.436003,30.447846,298.25,358.71,815.32,814.14,43.74,1504,1520,1492,alt=298.25
2026-04-16T17:47:45,Cruise,50.435984,30.447828,298.39,358.71,817.54,816.29,45.06,1504,1520,1492,alt=298.39
2026-04-16T17:47:45,Cruise,50.435974,30.447819,298.49,358.70,818.64,817.36,45.73,1504,1520,1492,alt=298.49
2026-04-16T17:47:45,Cruise,50.435954,30.447802,298.63,358.70,820.85,819.50,47.02,1504,1520,1492,alt=298.63
2026-04-16T17:47:46,Cruise,50.435944,30.447793,298.72,358.69,821.96,820.57,47.68,1504,1520,1492,alt=298.72
2026-04-16T17:47:46,Cruise,50.435935,30.447785,298.85,358.69,823.06,821.64,48.32,1504,1520,1492,alt=298.85
2026-04-16T17:47:47,Cruise,50.435915,30.447767,299.12,358.69,825.29,823.79,49.62,1504,1520,1488,alt=299.12
2026-04-16T17:47:47,Cruise,50.435905,30.447759,299.25,358.68,826.40,824.87,50.27,1505,1520,1488,alt=299.25
2026-04-16T17:47:47,Cruise,50.435885,30.447742,299.54,358.68,828.62,827.01,51.55,1505,1520,1488,alt=299.54
2026-04-16T17:47:48,Cruise,50.435876,30.447733,299.64,358.69,829.74,828.10,52.19,1505,1520,1488,alt=299.64
2026-04-16T17:47:48,Cruise,50.435866,30.447725,299.72,358.71,830.86,829.18,52.84,1505,1520,1488,alt=299.72
2026-04-16T17:47:48,Cruise,50.435846,30.447707,299.91,358.71,833.09,831.33,54.13,1505,1520,1488,alt=299.91
2026-04-16T17:47:49,Cruise,50.435836,30.447699,299.98,358.71,834.21,832.41,54.78,1505,1520,1488,alt=299.98
2026-04-16T17:47:49,Cruise,50.435816,30.447682,300.17,358.70,836.45,834.57,56.06,1505,1520,1488,alt=300.17
2026-04-16T17:47:49,Cruise,50.435806,30.447673,300.27,358.70,837.57,835.65,56.70,1505,1520,1488,alt=300.27
2026-04-16T17:47:50,Cruise,50.435797,30.447665,300.37,358.69,838.70,836.73,57.33,1505,1520,1488,alt=300.37
2026-04-16T17:47:50,Cruise,50.435777,30.447648,300.50,358.68,840.94,838.90,58.61,1505,1520,1488,alt=300.50
2026-04-16T17:47:50,Cruise,50.435767,30.447639,300.53,358.68,842.06,839.98,59.25,1505,1520,1488,alt=300.53
2026-04-16T17:47:51,Cruise,50.435747,30.447622,300.59,358.68,844.32,842.15,60.53,1506,1520,1488,alt=300.59
2026-04-16T17:47:51,Cruise,50.435737,30.447614,300.61,358.70,845.45,843.23,61.17,1506,1520,1488,alt=300.61
2026-04-16T17:47:51,Cruise,50.435727,30.447605,300.65,358.70,846.56,844.30,61.81,1506,1520,1488,alt=300.65
2026-04-16T17:47:52,Cruise,50.435707,30.447588,300.74,358.70,848.80,846.45,63.07,1506,1520,1488,alt=300.74
2026-04-16T17:47:52,Cruise,50.435698,30.447580,300.76,358.70,849.93,847.54,63.71,1506,1520,1488,alt=300.76
2026-04-16T17:47:53,Cruise,50.435678,30.447563,300.83,358.70,852.17,849.69,64.99,1506,1520,1488,alt=300.83
2026-04-16T17:47:53,Cruise,50.435668,30.447554,300.85,358.70,853.31,850.78,65.64,1506,1520,1488,alt=300.85
2026-04-16T17:47:53,Cruise,50.435658,30.447546,300.85,358.69,854.44,851.86,66.28,1506,1520,1488,alt=300.85
2026-04-16T17:47:54,Cruise,50.435638,30.447529,300.88,358.69,856.68,854.01,67.54,1506,1520,1488,alt=300.88
2026-04-16T17:47:54,Cruise,50.435628,30.447521,300.92,358.69,857.80,855.08,68.18,1506,1520,1488,alt=300.92
2026-04-16T17:47:54,Cruise,50.435609,30.447504,300.86,358.68,860.04,857.23,69.45,1506,1520,1488,alt=300.86
2026-04-16T17:47:55,Cruise,50.435599,30.447495,300.79,358.68,861.15,858.29,70.08,1507,1520,1488,alt=300.79
2026-04-16T17:47:55,Cruise,50.435579,30.447478,300.72,358.68,863.40,860.44,71.37,1507,1520,1488,alt=300.72
2026-04-16T17:47:55,Cruise,50.435570,30.447470,300.67,358.68,864.52,861.51,72.01,1507,1520,1488,alt=300.67
2026-04-16T17:47:56,Cruise,50.435560,30.447461,300.62,358.70,865.63,862.57,72.65,1507,1520,1488,alt=300.62
2026-04-16T17:47:56,Cruise,50.435540,30.447444,300.53,358.71,867.87,864.71,73.94,1507,1520,1488,alt=300.53
2026-04-16T17:47:56,Cruise,50.435531,30.447435,300.50,358.70,868.98,865.77,74.58,1507,1520,1488,alt=300.50
2026-04-16T17:47:57,Cruise,50.435511,30.447418,300.47,358.70,871.21,867.90,75.88,1507,1520,1488,alt=300.47
2026-04-16T17:47:57,Cruise,50.435501,30.447409,300.46,358.70,872.35,868.98,76.53,1507,1520,1488,alt=300.46
2026-04-16T17:47:57,Cruise,50.435491,30.447401,300.45,358.69,873.47,870.05,77.18,1507,1520,1488,alt=300.45
2026-04-16T17:47:58,Cruise,50.435472,30.447383,300.38,358.69,875.70,872.18,78.49,1507,1520,1488,alt=300.38
2026-04-16T17:47:58,Cruise,50.435462,30.447375,300.35,358.68,876.83,873.25,79.13,1507,1520,1488,alt=300.35
2026-04-16T17:47:58,Cruise,50.435443,30.447357,300.27,358.68,879.08,875.39,80.43,1508,1520,1488,alt=300.27
2026-04-16T17:47:59,Cruise,50.435433,30.447349,300.23,358.69,880.20,876.46,81.08,1508,1520,1488,alt=300.23
2026-04-16T17:47:59,Cruise,50.435423,30.447340,300.17,358.70,881.35,877.55,81.74,1508,1520,1488,alt=300.17
2026-04-16T17:48:00,Cruise,50.435403,30.447323,300.06,358.71,883.60,879.69,83.04,1508,1520,1488,alt=300.06
2026-04-16T17:48:00,Cruise,50.435393,30.447314,300.01,358.70,884.73,880.76,83.68,1508,1520,1488,alt=300.01
2026-04-16T17:48:00,Cruise,50.435374,30.447297,299.97,358.70,886.99,882.91,84.97,1508,1520,1488,alt=299.97
2026-04-16T17:48:01,Cruise,50.435364,30.447288,299.94,358.70,888.12,883.98,85.62,1508,1520,1488,alt=299.94
2026-04-16T17:48:01,Cruise,50.435354,30.447280,299.92,358.69,889.25,885.05,86.27,1508,1520,1488,alt=299.92
2026-04-16T17:48:01,Cruise,50.435334,30.447262,299.92,358.69,891.52,887.21,87.57,1508,1520,1488,alt=299.92
2026-04-16T17:48:02,Cruise,50.435324,30.447254,299.91,358.69,892.65,888.28,88.22,1508,1520,1488,alt=299.91
2026-04-16T17:48:02,Cruise,50.435305,30.447237,299.97,358.69,894.91,890.42,89.50,1508,1520,1488,alt=299.97
2026-04-16T17:48:02,Cruise,50.435295,30.447228,300.00,358.69,896.04,891.49,90.15,1509,1520,1488,alt=300.00
2026-04-16T17:48:03,Cruise,50.435285,30.447219,300.01,358.69,897.18,892.57,90.80,1509,1520,1488,alt=300.01
2026-04-16T17:48:03,Cruise,50.435265,30.447202,299.93,358.68,899.46,894.74,92.10,1509,1520,1488,alt=299.93
2026-04-16T17:48:03,Cruise,50.435255,30.447194,299.91,358.68,900.62,895.83,92.75,1509,1520,1488,alt=299.91
2026-04-16T17:48:04,Cruise,50.435236,30.447176,299.90,358.70,902.89,897.98,94.05,1509,1520,1488,alt=299.90
2026-04-16T17:48:04,Cruise,50.435226,30.447168,299.89,358.71,904.02,899.05,94.70,1509,1520,1488,alt=299.89
2026-04-16T17:48:04,Cruise,50.435216,30.447159,299.88,358.72,905.15,900.12,95.35,1509,1520,1488,alt=299.88
2026-04-16T17:48:05,Cruise,50.435196,30.447142,299.88,358.72,907.43,902.27,96.64,1509,1520,1488,alt=299.88
2026-04-16T17:48:05,Cruise,50.435186,30.447133,299.88,358.72,908.57,903.35,97.29,1509,1520,1488,alt=299.88
2026-04-16T17:48:06,Cruise,50.435167,30.447116,299.93,358.72,910.86,905.51,98.59,1509,1520,1488,alt=299.93
2026-04-16T17:48:06,Cruise,50.435157,30.447107,299.94,358.72,912.01,906.59,99.25,1509,1520,1488,alt=299.94
2026-04-16T17:48:06,Cruise,50.435147,30.447098,299.95,358.72,913.14,907.66,99.89,1509,1520,1488,alt=299.95
2026-04-16T17:48:07,Cruise,50.435127,30.447081,299.87,358.71,915.44,909.82,101.20,1510,1520,1488,alt=299.87
2026-04-16T17:48:07,Cruise,50.435117,30.447072,299.85,358.71,916.58,910.91,101.85,1510,1520,1488,alt=299.85
2026-04-16T17:48:07,Cruise,50.435097,30.447055,299.89,358.71,918.86,913.06,103.16,1510,1520,1488,alt=299.89
2026-04-16T17:48:08,Cruise,50.435088,30.447046,299.92,358.71,920.02,914.15,103.82,1510,1520,1488,alt=299.92
2026-04-16T17:48:08,Cruise,50.435078,30.447037,299.94,358.71,921.16,915.22,104.47,1510,1520,1488,alt=299.94
2026-04-16T17:48:08,Cruise,50.435058,30.447020,300.04,358.71,923.43,917.36,105.77,1510,1520,1488,alt=300.04
2026-04-16T17:48:09,Cruise,50.435048,30.447011,300.08,358.71,924.57,918.43,106.42,1510,1520,1488,alt=300.08
2026-04-16T17:48:09,Cruise,50.435029,30.446994,300.13,358.71,926.84,920.56,107.71,1510,1520,1488,alt=300.13
2026-04-16T17:48:09,Cruise,50.435019,30.446986,300.13,358.71,927.97,921.62,108.36,1510,1520,1488,alt=300.13
2026-04-16T17:48:10,Cruise,50.434999,30.446968,300.01,358.71,930.26,923.78,109.66,1510,1520,1488,alt=300.01
2026-04-16T17:48:10,Cruise,50.434989,30.446960,299.95,358.71,931.41,924.86,110.31,1511,1520,1488,alt=299.95
2026-04-16T17:48:10,Cruise,50.434980,30.446951,299.91,358.71,932.54,925.92,110.95,1511,1520,1488,alt=299.91
2026-04-16T17:48:11,Cruise,50.434960,30.446934,299.83,358.71,934.83,928.07,112.25,1511,1520,1488,alt=299.83
2026-04-16T17:48:11,Cruise,50.434950,30.446925,299.77,358.70,935.97,929.14,112.89,1511,1520,1488,alt=299.77
2026-04-16T17:48:11,Cruise,50.434930,30.446908,299.71,358.70,938.27,931.30,114.21,1511,1520,1488,alt=299.71
2026-04-16T17:48:12,Cruise,50.434921,30.446899,299.70,358.70,939.42,932.37,114.86,1511,1520,1488,alt=299.70
2026-04-16T17:48:12,Cruise,50.434911,30.446890,299.72,358.70,940.56,933.44,115.51,1511,1520,1488,alt=299.72
2026-04-16T17:48:13,Cruise,50.434891,30.446873,299.79,358.69,942.84,935.58,116.81,1511,1520,1488,alt=299.79
2026-04-16T17:48:13,Cruise,50.434881,30.446864,299.80,358.69,943.98,936.65,117.47,1511,1520,1488,alt=299.80
2026-04-16T17:48:13,Cruise,50.434862,30.446847,299.81,358.69,946.27,938.79,118.76,1511,1520,1488,alt=299.81
2026-04-16T17:48:14,Cruise,50.434852,30.446838,299.81,358.69,947.42,939.87,119.43,1511,1520,1488,alt=299.81
2026-04-16T17:48:14,Cruise,50.434842,30.446829,299.77,358.68,948.58,940.95,120.09,1512,1520,1488,alt=299.77
2026-04-16T17:48:14,Cruise,50.434822,30.446812,299.65,358.68,950.87,943.09,121.39,1512,1520,1488,alt=299.65
2026-04-16T17:48:15,Cruise,50.434812,30.446803,299.61,358.69,952.02,944.17,122.05,1512,1520,1488,alt=299.61
2026-04-16T17:48:15,Cruise,50.434793,30.446786,299.58,358.72,954.32,946.32,123.37,1512,1520,1488,alt=299.58
2026-04-16T17:48:15,Cruise,50.434783,30.446777,299.59,358.72,955.47,947.39,124.03,1512,1520,1488,alt=299.59
2026-04-16T17:48:16,Cruise,50.434763,30.446759,299.63,358.72,957.80,949.56,125.35,1512,1520,1488,alt=299.63
2026-04-16T17:48:16,Cruise,50.434753,30.446751,299.68,358.72,958.94,950.63,126.00,1512,1520,1488,alt=299.68
2026-04-16T17:48:16,Cruise,50.434744,30.446742,299.76,358.72,960.09,951.70,126.65,1512,1520,1488,alt=299.76
2026-04-16T17:48:17,Cruise,50.434724,30.446725,299.90,358.72,962.38,953.84,127.96,1512,1520,1488,alt=299.90
2026-04-16T17:48:17,Cruise,50.434714,30.446716,299.95,358.72,963.53,954.91,128.61,1512,1520,1488,alt=299.95
2026-04-16T17:48:18,Cruise,50.434694,30.446699,299.93,358.72,965.83,957.06,129.91,1512,1520,1488,alt=299.93
2026-04-16T17:48:18,Cruise,50.434684,30.446690,299.90,358.72,967.00,958.15,130.57,1513,1520,1488,alt=299.90
2026-04-16T17:48:18,Cruise,50.434675,30.446681,299.89,358.71,968.15,959.22,131.21,1513,1520,1488,alt=299.89
2026-04-16T17:48:19,Cruise,50.434655,30.446664,299.83,358.71,970.46,961.37,132.50,1513,1520,1488,alt=299.83
2026-04-16T17:48:19,Cruise,50.434645,30.446655,299.83,358.71,971.61,962.44,133.15,1513,1520,1488,alt=299.83
2026-04-16T17:48:19,Cruise,50.434625,30.446638,299.89,358.70,973.93,964.60,134.43,1513,1520,1488,alt=299.89
